pmRApmDEcor,PlxpmRAcor,PlxpmDEcor,Nper,RA_ICRS,e_RA_ICRS,DE_ICRS,e_DE_ICRS,Source,Plx,e_Plx,pmRA,e_pmRA,pmDE,e_pmDE,RUWE,Gmag,e_Gmag,BPmag,e_BPmag,RPmag,e_RPmag,BPRP,RVDR2,e_RVDR2,EBPRP,RFG,RFBP,RFRP,Pmemb,mass,er_mass,comp_mass,er_comp_mass,q,er_q,r/rh
0.2729,0.048,-0.2873,15,56.66398954459,0.0175,24.10299456629,0.0152,65225611037551360,7.3945,0.0205,20.529,0.024,-46.942,0.019,1.001,9.199545,0.002764,9.431398,0.002824,8.808819,0.002816,0.62258,4.21,1.15,1.189,4983.17,2496.921,2874.2,1.0,1.3801129173732587,0.0008332808986587,0.0,0.0587481149274274,0.0,,0.03008456462181555
0.2177,0.0597,-0.369,15,56.63002744351,0.1115,24.11714094376,0.0933,65226401312036864,7.4362,0.1385,18.38,0.159,-45.252,0.121,7.651,13.540735,0.003494,14.369823,0.006346,12.522509,0.004415,1.847314,1.88,6.87,1.413,505.324,190.482,317.297,1.0,0.6187650099358522,0.0025019434505694,0.1015315676824733,0.1290463746378119,0.1640874420048399,0.2085557935388482,0.031549647869081474
0.1391,0.2087,-0.0487,16,56.71438897123,0.1289,24.10432284781,0.0936,65225469302220800,7.4871,0.1443,21.455,0.178,-45.222,0.124,1.09,17.469643,0.003383,19.398048,0.052623,16.14061,0.009396,3.257439,,,1.554,553.19,20.661,121.008,1.0,0.2024145988804125,0.0018868017933363,0.0,0.0,0.0,,0.06467237577354143
0.2115,0.0986,-0.1865,16,56.66420881499,0.0122,24.02947983248,0.0093,65223618172733952,7.346,0.0142,20.265,0.015,-46.228,0.012,0.926,11.957084,0.002855,12.480111,0.004098,11.278872,0.003419,1.20124,6.22,1.2,1.234,1453.125,361.781,549.361,1.0,0.8194284750743127,0.0006705409274861,0.0,0.0,0.0,,0.06798186440248
0.2766,-0.076,-0.2996,15,56.60587308903,0.0638,24.15991869115,0.0496,65229734206151680,7.2429,0.0736,16.921,0.089,-48.015,0.067,2.622,14.781489,0.002922,16.170414,0.006406,13.620049,0.00328,2.550365,,,1.429,1115.634,188.275,629.86,1.0,0.4771383000701762,0.006298942139766,0.3331530242175406,0.0227937853597767,0.6982315696906773,0.0486530261914945,0.06834897599953735
0.2348,0.1878,-0.1144,16,56.64813693412,0.1542,24.02633213314,0.1202,65223583812996864,7.5512,0.1809,19.069,0.192,-45.64,0.149,1.933,17.106117,0.003755,18.959896,0.042272,15.698542,0.005203,3.261354,,,1.671,425.556,25.74,247.222,1.0,0.2365457838193444,0.0010586075803181,0.0,0.0,0.0,,0.06903436261076733
0.1711,0.1919,-0.0556,16,56.72491574885,0.0968,24.13237068038,0.0713,65226092073881856,7.1607,0.1106,19.309,0.135,-44.324,0.093,0.973,17.303078,0.003085,18.825335,0.067468,15.999248,0.007492,2.826087,,,1.577,782.979,16.106,156.158,1.0,0.2276444138238215,0.0031184149785178,0.0,0.0,0.0,,0.07422571913104427
0.3591,-0.0307,-0.4127,15,56.59787068226,0.0667,24.03074731526,0.0604,65223515093523328,7.4195,0.0889,19.227,0.092,-44.209,0.078,0.975,16.894072,0.003085,18.676842,0.046144,15.604281,0.00477,3.07256,,,1.521,782.025,23.572,280.678,1.0,0.254453308985574,0.0012526474008077,0.0,0.0,0.0,,0.07943099843048833
0.3339,0.0081,-0.2728,15,56.55372255611,0.015,24.05417116892,0.0125,65224442806459008,7.3768,0.0188,22.068,0.022,-46.128,0.017,1.027,13.603668,0.003526,14.4831,0.008517,12.671939,0.00683,1.811161,,,1.316,493.624,134.921,174.176,1.0,0.6105262430339927,0.0005804106491477,0.0,0.0105403745605682,0.0,,0.08633898770853322
0.2674,0.1602,-0.1717,16,56.68172301552,0.0287,23.99493684191,0.0219,65211557904569856,7.3364,0.0348,20.502,0.037,-45.336,0.028,1.047,15.067968,0.002883,16.340151,0.005435,13.95385,0.003382,2.386301,,,1.399,1278.597,232.773,567.838,1.0,0.4827459650270354,0.0006096320303616,0.0,0.0,0.0,,0.10097779679561472
0.0496,0.2195,-0.1941,16,56.74283055817,0.0827,24.02799565347,0.0612,65213172812266752,7.4999,0.0974,19.212,0.116,-43.363,0.082,0.959,17.144829,0.003036,19.003336,0.041819,15.839386,0.0051,3.16395,,,1.532,852.082,26.021,254.339,1.0,0.2298592464313983,0.0014146669201435,0.0,0.0,0.0,,0.10693706961629368
0.2284,0.2879,-0.0109,15,56.74722551552,0.0561,24.02839263225,0.044,65213172812266240,7.161,0.0647,19.231,0.076,-43.909,0.058,1.118,16.13903,0.003027,17.94389,0.015969,14.856176,0.004448,3.087713,,,1.51,865.935,69.055,313.474,1.0,0.2947345932210745,0.012287645794007,0.2036750077967022,0.0171623433861857,0.6910454778001904,0.0649671614333865,0.10786238430338821
0.0352,0.179,-0.08,16,56.56677710162,0.0304,24.18972847505,0.0214,65230764996027776,7.4345,0.0327,19.606,0.04,-43.759,0.027,1.253,8.228746,0.002836,8.105177,0.00814,7.661086,0.005507,0.444091,,,1.523,1620.286,141.976,228.654,1.0,1.601435856634405,0.0280979655083704,1.3863864741779457,0.0386942802851013,0.8657146450383537,0.028539993640709,0.10960761946511255
0.012,-0.0104,-0.4503,13,56.73055847875,0.1339,24.18779819152,0.0856,66728265476081408,7.2767,0.148,20.393,0.171,-44.021,0.116,1.048,17.19236,0.003162,19.43611,0.085528,15.85624,0.004645,3.579869,,,1.533,699.631,12.701,292.398,1.0,0.1915221901567911,0.0099171611923812,0.132663984064822,0.0201726151857973,0.692682054002284,0.1112673995685547,0.1130749670017051
0.2183,-0.1332,-0.2421,16,56.76502117318,0.0192,24.15948737687,0.0152,66727234683931520,7.3218,0.0219,19.333,0.027,-44.725,0.02,1.031,13.826407,0.003667,14.762202,0.012286,12.866948,0.006422,1.895254,,,1.325,448.585,90.744,187.702,1.0,0.5901927454763749,0.0005541297277214,0.0,0.0,0.0,,0.11828276661873553
0.3291,0.0258,-0.4517,14,56.57734998421,0.1687,23.98390177419,0.1423,65217222966811264,7.6385,0.2225,19.035,0.234,-43.879,0.187,1.015,18.187469,0.003819,19.809248,0.221331,16.821396,0.011214,2.987852,,,1.644,410.486,4.906,99.966,1.0,0.1626771699395572,0.0072935146267677,0.0,0.0151450206653551,0.0,,0.11914829498770624
0.223,-0.0396,-0.2841,15,56.64972601818,0.0184,23.96682512457,0.0123,65211145587780992,7.2769,0.022,19.293,0.022,-44.068,0.016,1.032,13.736212,0.00346,14.64295,0.009041,12.789618,0.005486,1.853332,,,1.321,518.831,126.257,229.877,1.0,0.5983659204979022,0.0005836419626392,0.0,0.0,0.0,,0.12062698576137064
0.019,0.1545,-0.1481,16,56.51910615107,0.092,24.16536856902,0.0622,65229184450247296,7.5444,0.1024,18.938,0.116,-44.621,0.076,1.034,17.291239,0.002981,19.200609,0.037916,15.989532,0.004436,3.211077,,,1.521,953.42,28.713,314.786,1.0,0.2159977514476204,0.0015635976525776,0.0,0.0,0.0,,0.12208008627173116
0.4542,-0.0041,-0.1832,12,56.788355137,0.0415,24.05197806631,0.0384,65212932294091264,7.3556,0.0429,19.443,0.053,-43.83,0.047,0.984,15.380993,0.002944,16.784214,0.011035,14.205992,0.004065,2.578222,,,1.441,1045.752,101.694,367.31,1.0,0.446609271420294,0.0004924477044807,0.0,0.0,0.0,,0.13011329467177465
0.0669,0.2847,-0.0956,16,56.49137215999,0.1192,24.1445440949,0.0867,65228772133391488,7.5992,0.1393,20.642,0.162,-47.498,0.109,1.024,17.916901,0.003143,19.907795,0.079992,16.578157,0.008348,3.329638,,,1.56,717.943,13.581,137.991,1.0,0.1717372870268149,0.0038612521934389,0.0,0.0077368777523328,0.0,,0.13467736145614898
0.1591,0.1186,-0.2168,16,56.49050612273,0.1657,24.051232484,0.1087,65221586651685248,7.1966,0.1916,18.217,0.198,-44.801,0.139,1.057,18.12122,0.003255,19.827961,0.163683,16.742001,0.009579,3.08596,,,1.65,626.456,6.634,118.478,1.0,0.1658791267895014,0.0048688069752996,0.0,0.0104790580283121,0.0,,0.13472151125998447
0.2054,0.3036,-0.0982,16,56.76765840946,0.0236,23.9950129144,0.0183,65212107660378880,7.437,0.0273,21.323,0.032,-45.437,0.024,0.898,8.332108,0.002784,8.471214,0.003029,8.059982,0.002921,0.411232,,,1.179,2726.501,920.301,1256.174,1.0,1.6450468338078594,0.0117148972517841,0.921154972989872,0.07223011772095,0.5599566857665903,0.0440883395546558,0.14128880696299412
-0.0571,0.0417,-0.1051,16,56.61376023966,0.0283,24.25480032904,0.0201,65231486552803328,7.384,0.0294,20.45,0.04,-44.647,0.027,1.09,7.352819,0.002782,7.391201,0.003157,7.256838,0.002823,0.134363,,,1.16,2830.826,735.065,2545.666,1.0,2.194860071603712,0.0208853586394898,1.0248971732175685,0.215157303227411,0.4669533089955525,0.0981284498646708,0.1476144237915503
-0.0089,-0.1699,-0.3702,13,56.75775853208,0.256,24.22432801621,0.1714,66728501697350016,7.4051,0.289,18.827,0.39,-43.797,0.243,1.041,18.567303,0.003829,20.497004,0.150227,17.17692,0.011554,3.320084,,,1.637,408.328,7.229,96.832,1.0,0.1246646136094441,0.0134297373942281,0.0,0.0100594212694143,0.0,,0.1513254913887513
-0.1764,-0.3083,-0.2479,12,56.72077961223,0.2957,24.25201618214,0.1838,66731731512764416,7.5109,0.3297,19.231,0.499,-44.243,0.266,0.934,18.72439,0.004042,20.661409,0.146048,17.28117,0.021645,3.380239,,,1.712,367.167,7.435,50.584,1.0,0.1132376003645521,0.0135985384206625,0.0,0.0,0.0,,0.15236728926141635
0.1791,0.0938,-0.298,14,56.52529124319,0.1663,23.97184934749,0.1141,65217326044027392,7.8421,0.1958,19.116,0.208,-45.664,0.148,0.949,18.299746,0.003461,19.507273,0.123463,16.907484,0.009629,2.599789,,,1.756,518.389,8.796,117.809,1.0,0.1632062957266765,0.0144361811209265,0.0,0.0180977302457216,0.0,,0.15716896743102776
0.0053,0.1699,-0.1873,14,56.80496181319,0.2181,24.01239279683,0.1572,65212206443054464,7.2572,0.2496,19.834,0.277,-44.444,0.187,1.031,18.324409,0.003769,19.941536,0.158426,16.912607,0.01501,3.028929,,,1.709,422.23,6.854,73.619,1.0,0.152881481477823,0.0113826942653547,0.0,0.0207411140202348,0.0,,0.15733694770028364
0.1403,0.1606,0.0022,15,56.83070036888,0.0253,24.13892013262,0.0195,66715273197982848,7.3045,0.0278,19.017,0.032,-43.928,0.025,0.874,8.243902,0.002778,8.362129,0.002885,8.008208,0.002878,0.353921,,,1.173,3047.886,1480.305,1539.301,1.0,1.6954179077953224,0.012116671396791,0.71629936393423,0.3235364484308716,0.4224913283272365,0.1908537970794923,0.15798184527289652
0.8166,-0.1773,-0.3091,9,56.82547570016,0.0911,24.03643638599,0.0866,65212691773969280,7.3279,0.0707,21.437,0.133,-44.73,0.12,1.039,14.673646,0.00305,,,,,,,,,829.924,,,1.0,2.130171016914796,1.49876799109203,0.8812907498600012,1.1868713227726395,0.4137183084653957,0.6286277428740963,0.16279929460161208
0.3709,0.0544,-0.0165,14,56.82577815809,0.0764,24.03621806528,0.0639,65212691775922048,7.3836,0.0768,22.032,0.09,-44.736,0.076,3.362,13.56767,0.003778,14.262362,0.015122,12.399113,0.019959,1.86325,,,1.617,420.144,73.053,54.939,1.0,0.6233323393078976,0.0039522655413954,0.2540480584859468,0.1171956917176635,0.4075643801315091,0.1880325368776111,0.16288432987733775
0.0622,0.4881,-0.0904,13,56.83776002021,0.046,24.11606748364,0.0332,66715105696289024,7.2416,0.0598,20.344,0.069,-45.076,0.04,1.158,6.29883,0.002783,6.292354,0.002936,6.282979,0.003143,0.009374,,,1.157,2763.937,1186.527,750.968,1.0,3.118000271797439,0.020596852905123,0.4940240086842861,0.5657141863551081,0.1584425803784472,0.1814379569451196,0.16345432982112626
-0.0312,0.2794,-0.2401,15,56.46524526083,0.0285,24.03867637775,0.0213,65221487868870784,7.3322,0.0346,19.806,0.037,-45.003,0.025,1.336,7.833629,0.002785,7.920607,0.002874,7.654846,0.002877,0.265761,,,1.166,2659.516,1576.871,1549.052,1.0,1.860798748620743,0.016861016371595,1.0759855652498094,0.0633857041011924,0.5782385473159571,0.0344643107675585,0.1637550698307993
0.249,0.2374,-0.0828,15,56.73249284037,0.0715,23.93987222951,0.0575,65210389673469312,7.0565,0.0831,19.463,0.091,-42.193,0.072,1.268,16.523058,0.003066,18.352386,0.041872,15.202623,0.004307,3.149763,,,1.555,807.448,25.988,330.948,1.0,0.2760817584257184,0.0081406295004017,0.1323452905459893,0.0320099292213652,0.4793699203476991,0.1168020799582869,0.16496359501595007
-0.0495,0.4153,-0.262,13,56.79446914567,0.2154,23.97105283622,0.1762,65209079706818176,7.7114,0.2777,21.065,0.306,-44.303,0.206,0.872,18.482868,0.003962,20.602064,0.188701,17.084446,0.011924,3.517618,,,1.629,381.326,5.754,93.658,1.0,0.1321088552784858,0.0105509570566623,0.0,0.0175037676296731,0.0,,0.17208169651246993
-0.3593,0.0014,0.0474,13,56.79601444541,0.1379,24.23081065296,0.0851,66728089380491648,7.2671,0.1382,19.513,0.23,-45.794,0.123,1.052,17.542105,0.00322,19.308191,0.055953,16.23424,0.005795,3.073952,,,1.547,651.426,19.429,213.749,1.0,0.2014280020864589,0.0026292132785459,0.0,0.0,0.0,,0.17599254468792402
-0.147,0.1151,-0.0845,14,56.79950375402,0.1552,24.23144167347,0.1,66728089380492160,7.2402,0.1648,19.074,0.244,-43.299,0.141,1.285,17.551449,0.003741,19.537806,0.092318,16.156221,0.00805,3.381584,,,1.638,428.945,11.766,143.785,1.0,0.1966136734607725,0.0013599276431338,0.0,0.0,0.0,,0.17809070917749392
0.0574,0.2167,-0.1162,14,56.43373928124,0.0167,24.07392359529,0.0128,65222518661019520,7.3704,0.0192,19.955,0.022,-43.353,0.015,1.118,13.691072,0.003197,14.590597,0.005583,12.760758,0.00392,1.829839,7.43,12.51,1.308,669.801,224.501,394.385,1.0,0.6021621664715329,0.0005303486288759,0.0,0.0,0.0,,0.179485824579773
0.1106,0.2574,0.0271,15,56.85568297187,0.0378,24.04895316921,0.0266,65212760495396736,7.4313,0.0416,18.362,0.047,-45.828,0.031,1.057,15.390224,0.00294,16.735388,0.015739,14.23825,0.003449,2.497138,,,1.426,1059.561,70.092,535.416,1.0,0.4471575846446871,0.0007626560236197,0.0,0.0,0.0,,0.18056652953611282
-0.1522,0.2657,-0.004,16,56.47922254177,0.1495,24.22372997109,0.1067,65276772687884544,6.8882,0.1628,20.439,0.208,-46.255,0.13,3.833,15.964371,0.005076,17.67296,0.015856,14.612076,0.003512,3.060884,,,1.613,254.695,69.561,508.871,1.0,0.3026930978434288,0.0128076056841733,0.2504949049808074,0.0160619612603259,0.8275540696682108,0.0635753941098764,0.18245993587042775
-0.1751,-0.2771,-0.245,11,56.72344711252,0.0342,24.2872941769,0.0215,66732423004453376,7.4238,0.0366,19.249,0.065,-47.504,0.034,1.011,14.973033,0.002964,16.493011,0.008407,13.771814,0.003813,2.721197,,,1.451,993.626,136.903,417.746,1.0,0.4179977865248211,0.0105522931730627,0.3803690656629359,0.0159584748109845,0.909978659995486,0.0445568585022103,0.18401724809688338
-0.0487,0.3469,-0.1096,14,56.42643027296,0.2283,24.0696246507,0.1763,65222484301820800,7.4869,0.2687,18.623,0.34,-45.332,0.204,1.006,18.887249,0.003776,20.729467,0.128759,17.464661,0.010868,3.264807,,,1.693,420.475,8.434,103.369,1.0,0.1093399763346715,0.0129764480615097,0.0,0.0,0.0,,0.18659365173067222
-0.0782,0.1293,0.0528,14,56.87239647546,0.0881,24.11411246128,0.0664,66714418501518848,7.3742,0.0959,20.936,0.129,-44.538,0.089,0.917,16.853323,0.004028,17.596237,0.145492,15.508355,0.018206,2.087882,,,1.819,369.507,7.464,60.348,1.0,0.3054266892742134,0.0039875614085064,0.0,0.0,0.0,,0.18747329200859772
0.0914,-0.0363,-0.3465,13,56.78930915283,0.1762,24.25948945044,0.1187,66729021390315904,7.8745,0.1965,18.708,0.259,-44.982,0.166,1.139,17.858953,0.003563,19.745502,0.107262,16.488464,0.014185,3.257038,,,1.615,480.745,10.126,78.067,1.0,0.1790611111384535,0.0031318918696528,0.0,0.0,0.0,,0.19318537340054925
0.1465,0.1619,-0.2873,14,56.51799855172,0.0407,23.92784238006,0.0332,65216643145862144,7.0655,0.0526,18.579,0.051,-43.375,0.038,1.135,15.73245,0.002922,17.236677,0.021344,14.520493,0.00412,2.716185,,,1.467,1116.755,51.308,358.112,1.0,0.4018416677100717,0.0007411306352188,0.0,0.0075301259788937,0.0,,0.1933129095443218
-0.3344,0.1033,-0.0641,10,56.87471148664,0.1765,24.09692587396,0.1294,66714177981308800,7.37,0.1584,19.549,0.213,-44.045,0.149,0.864,17.282734,0.006226,17.504105,0.124797,15.850125,0.022497,1.653979,,,2.166,194.457,8.702,48.636,1.0,0.283968169956188,0.0048562486874106,0.0,0.0,0.0,,0.19445762667007171
-0.3379,0.2275,-0.2383,12,56.82565546007,0.1446,24.23056145404,0.084,66728128034922624,7.7154,0.1466,19.729,0.211,-46.555,0.128,0.901,17.556929,0.003643,,,,,,,,,455.485,,,1.0,2.130171016914796,1.49876799109203,0.8812907498600012,1.1868713227726395,0.4137183084653957,0.6286277428740963,0.19496554539134506
-0.3364,0.2372,-0.1987,13,56.82561830737,0.1227,24.23078024255,0.0773,66728128037119616,7.5925,0.1281,18.023,0.198,-46.548,0.119,0.892,17.05648,0.003406,18.528778,0.037558,15.18959,0.005727,3.339189,,,2.536,542.188,28.988,217.067,1.0,0.2682629129795479,0.0016832616450518,0.0,0.0,0.0,,0.1963323187039895
0.1067,0.2826,0.0293,15,56.41378202777,0.0826,24.13886561386,0.059,65269935099961600,7.3059,0.0943,19.601,0.102,-45.789,0.07,1.081,17.169729,0.002952,18.952118,0.03332,15.872448,0.005818,3.07967,,,1.531,1024.38,32.7,212.68,1.0,0.2299631098076525,0.001961080536434,0.0,0.0,0.0,,0.1964318341241806
0.0971,0.069,-0.3319,14,56.79198814384,0.0186,24.27645362281,0.0129,66729261908482048,7.3904,0.0206,19.959,0.026,-44.498,0.018,1.011,9.376594,0.002765,9.618052,0.002833,8.972963,0.002833,0.645088,,,1.191,4604.865,2200.74,2213.449,1.0,1.3311304150416772,0.0009874742844472,0.0,0.0218577461583766,0.0,,0.20462986963115073
0.2936,0.1004,-0.2703,14,56.5925735476,0.0578,23.87793117845,0.041,65203758244032512,7.1604,0.072,19.385,0.07,-43.298,0.054,1.13,16.309023,0.00287,18.169506,0.024272,15.010233,0.003574,3.159273,,,1.523,1354.123,45.03,486.187,1.0,0.2745381979489769,0.0125726048603098,0.1905277453853135,0.018235100299234,0.6939935746963827,0.0736330688512896,0.20486160981874427
-0.0424,0.2141,-0.1332,14,56.84331611744,0.1378,24.23840687175,0.0855,66729635568719872,7.5492,0.1413,20.215,0.184,-44.319,0.11,0.948,17.617458,0.003151,19.659708,0.071437,16.203325,0.018574,3.456383,,,1.659,709.849,15.21,59.125,1.0,0.1920882387659434,0.0011440260938193,0.0,0.0,0.0,,0.20493909519525505
0.056,0.1939,-0.128,14,56.39758231508,0.0195,24.08301110684,0.0143,65222759179728640,7.3365,0.0217,18.43,0.022,-45.207,0.015,1.02,9.984646,0.002832,10.313002,0.003244,9.486859,0.003076,0.826142,3.79,3.12,1.202,1660.258,656.476,838.385,1.0,1.1691473211883707,0.0083296999684638,0.5756578966019619,0.2158233850879932,0.4923741312744393,0.1846322929415645,0.20664941823463323
0.2078,0.2181,-0.1774,15,56.45599236233,0.1567,23.95146803072,0.113,65217605216685568,7.764,0.185,20.445,0.197,-47.821,0.142,1.061,18.179188,0.003262,19.917322,0.128463,16.76173,0.009259,3.155592,,,1.699,622.026,8.454,122.973,1.0,0.1613362308585671,0.0069258094972441,0.0,0.0151450206653551,0.0,,0.20669923418869318
-0.034,0.3033,-0.0955,15,56.43515551317,0.0172,24.22010548148,0.013,65276703968959488,7.5997,0.0192,20.575,0.024,-47.2,0.016,1.229,10.392956,0.002934,10.766737,0.004121,9.845572,0.003715,0.921165,,,1.211,1078.377,357.964,442.789,1.0,1.078390676798997,0.0077131531186566,0.6060320411319213,0.129797816240826,0.5619781904372683,0.1204296148678419,0.21215981311556123
-0.1796,0.1304,-0.0463,14,56.88340577219,0.1017,24.17339234281,0.0651,66715827250786432,7.5538,0.1078,20.573,0.158,-45.742,0.09,0.841,16.877417,0.003371,18.580999,0.038017,15.567019,0.006234,3.013981,,,1.558,558.882,28.636,194.743,1.0,0.2599447732952851,0.0017514110737966,0.0,0.0,0.0,,0.21329634359790586
-0.0695,0.1682,-0.0672,14,56.87290125295,0.1366,24.20534135481,0.0885,66716136489019008,7.4492,0.1452,19.197,0.201,-44.768,0.119,0.821,17.690651,0.003313,19.374018,0.181346,16.326809,0.026517,3.047209,,,1.632,590.289,5.988,41.173,1.0,0.1948321052388101,0.0025932966245161,0.0,0.0,0.0,,0.21664741631083992
-0.0206,0.2536,0.0559,16,56.89387479189,0.0687,24.03955394928,0.0464,66710948167949696,7.5374,0.0735,19.013,0.095,-44.971,0.059,1.043,16.773333,0.002962,18.409241,0.03103,15.50229,0.005604,2.906951,,,1.518,998.286,35.132,223.393,1.0,0.2724232122151344,0.0017180816869237,0.0,0.0,0.0,,0.21672548994564395
0.0778,0.3402,-0.0475,16,56.75155954237,0.1036,23.87989483652,0.0766,65206674525036672,7.3102,0.1223,19.584,0.138,-45.499,0.093,1.039,17.452063,0.003074,19.732012,0.101557,16.096153,0.00567,3.635859,,,1.556,797.183,10.695,219.975,1.0,0.1854004858606479,0.008879875992611,0.0,0.0582122716363507,0.0,,0.218431631953675
0.0666,0.0617,-0.3703,14,56.78401518544,0.0524,24.30663032493,0.0372,66733763034205696,7.4383,0.0571,21.055,0.073,-47.461,0.052,1.135,15.690887,0.002894,17.22188,0.010225,14.480276,0.00363,2.741604,,,1.461,1227.632,110.373,467.683,1.0,0.403844806933863,0.0038066506852522,0.0,0.0544761318134094,0.0,,0.22550559154352323
-0.5736,0.0446,0.0125,13,56.65554223667,0.0636,24.3433389321,0.0401,66733552578791296,7.424,0.0605,22.38,0.109,-45.516,0.063,3.342,12.441148,0.003231,12.528202,0.01346,11.134912,0.016142,1.393291,4.42,2.66,2.071,643.472,82.454,68.288,1.0,0.7920412026922972,0.0038192996316973,0.462528566042695,0.0749270527344256,0.5839703344604716,0.0946418452967869,0.22585165163070062
0.048,0.2864,-0.0589,15,56.85469975762,0.0977,24.25462065235,0.0584,66729674225341696,7.5983,0.1004,21.087,0.134,-46.028,0.08,0.984,17.056747,0.003137,18.837578,0.02709,15.783017,0.004938,3.054561,,,1.501,723.564,40.293,266.461,1.0,0.2391029252283527,0.0016332083487622,0.0,0.0,0.0,,0.22862891021916232
-0.0685,0.2079,-0.1319,15,56.84287803293,0.2059,24.28313654912,0.1242,66730601936067072,7.5162,0.2096,20.718,0.285,-47.497,0.168,1.031,18.383253,0.003646,20.590567,0.125423,17.01693,0.016355,3.573637,,,1.577,454.728,8.659,67.372,1.0,0.1389100855006974,0.0082374066654335,0.0,0.0128807546747801,0.0,,0.23404950761954973
0.0193,0.1682,-0.0539,15,56.46397086947,0.0796,24.29548137555,0.0574,65279418387728896,7.476,0.0847,18.664,0.11,-44.187,0.07,1.14,16.810167,0.003343,18.49749,0.03898,15.505249,0.006112,2.992241,,,1.553,573.256,27.925,199.645,1.0,0.2674536676555901,0.0016057368917526,0.0,0.0,0.0,,0.23481203618606244
0.1994,0.1354,-0.0614,15,56.41253094148,0.086,23.95011790838,0.0674,65216363971331072,7.6711,0.0972,19.582,0.106,-46.712,0.079,0.981,17.420778,0.003131,19.251213,0.061346,16.081921,0.007464,3.169292,,,1.579,729.884,17.717,156.833,1.0,0.2090725550189991,0.0022745296423717,0.0,0.0,0.0,,0.23533010498089132
0.2807,0.0378,-0.1989,16,56.55978465218,0.1521,23.85061303268,0.1053,65204342359530112,7.3154,0.1739,18.419,0.173,-44.311,0.13,0.928,18.085272,0.003448,20.249809,0.129871,16.404898,0.020373,3.844912,,,2.077,523.897,8.362,53.8,1.0,0.1667983251627879,0.0039321261454711,0.0,0.0129846421771411,0.0,,0.2356313702981311
0.3,0.0213,-0.1864,16,56.55990544237,0.2637,23.85023132183,0.1865,65204342357685632,6.9746,0.2987,19.959,0.305,-43.299,0.231,0.968,18.963694,0.004157,,,,,,,,,348.863,,,1.0,2.130171016914796,1.49876799109203,0.8812907498600012,1.1868713227726395,0.4137183084653957,0.6286277428740963,0.23880516406700733
0.0032,0.2644,0.0778,16,56.84992842917,0.0469,23.914271006,0.0366,65207709613871744,7.2193,0.0534,19.606,0.06,-46.33,0.044,3.377,9.739319,0.0028,10.072752,0.003308,9.239894,0.003106,0.832858,5.41,0.71,1.2,2188.268,610.734,796.215,1.0,1.1860431878425013,0.0188450366482902,0.8698038594519937,0.056085183664854,0.7333660935519811,0.0487021617198932,0.2405930116139352
-0.0031,0.2977,-0.0373,16,56.85182143113,0.0305,23.91447789176,0.023,65207709611941376,7.2593,0.0344,20.049,0.042,-44.133,0.029,1.001,7.286501,0.002781,7.291563,0.002856,7.249264,0.003008,0.042299,,,1.157,2870.89,1786.163,965.391,1.0,2.2869460643446327,0.0011744171845979,0.0,0.0,0.0,,0.24159473256783282
0.0503,0.2067,0.1496,14,56.94067213271,0.0536,24.09347871557,0.036,66711532283494656,7.4086,0.0583,20.163,0.072,-43.676,0.046,1.037,16.304049,0.00369,17.939493,0.028214,15.056418,0.008185,2.883075,,,1.489,442.487,38.671,141.107,1.0,0.326385293814263,0.0008214769938844,0.0,0.0,0.0,,0.2489476930745396
0.0181,0.3145,0.1032,15,56.94337881611,0.0258,24.05048171834,0.0175,66710845088732160,7.6043,0.0287,20.173,0.035,-46.514,0.022,1.079,14.752962,0.002943,15.965364,0.007956,13.655684,0.004294,2.309679,,,1.394,1049.042,145.722,332.656,1.0,0.511879715751828,0.0005068279588784,0.0,0.0,0.0,,0.25403953560756615
-0.0556,0.1696,-0.0476,12,56.87281395749,0.0454,24.28813024633,0.0266,66729880383767168,7.27,0.0486,18.551,0.057,-46.922,0.033,1.145,6.815936,0.002838,6.841812,0.003489,6.740395,0.003917,0.101418,,,1.159,1600.398,518.253,394.943,1.0,2.5076756096740227,0.1283882084095145,1.4635475560223727,0.2119974803081039,0.5836271447456562,0.0896647433629708,0.2544532172782574
0.2472,-0.0369,-0.1762,15,56.52724342555,0.026,23.83880945903,0.0175,65202830531043968,7.2252,0.0299,19.691,0.029,-45.972,0.021,1.004,14.606908,0.002953,15.806311,0.007706,13.519028,0.003854,2.287283,,,1.387,1022.181,151.157,408.427,1.0,0.5236356822579957,0.0005893729389105,0.0,0.0187144711526467,0.0,,0.25470785822056213
0.1675,-0.0007,-0.1895,16,56.46044167389,0.0128,23.873754046,0.009,65214856439472640,7.2561,0.0143,19.875,0.016,-44.652,0.011,1.018,13.134053,0.002964,13.93304,0.004827,12.255639,0.003999,1.677401,2.37,2.09,1.293,992.789,275.643,379.008,1.0,0.6744096372215924,0.0023257074229334,0.0,0.1275747705084657,0.0,,0.2549495183090847
0.163,0.1689,-0.0915,16,56.92276375783,0.0152,23.97172758846,0.0114,65208396808627840,7.4004,0.0174,20.525,0.02,-45.032,0.014,1.055,13.007188,0.003312,13.72062,0.007702,12.173166,0.004913,1.547454,0.05,5.96,1.283,590.772,151.232,268.479,1.0,0.6937305566094539,0.000620195540222,0.0,0.0,0.0,,0.256550268535088
0.1547,0.0923,-0.1501,15,56.41779696867,0.0767,24.28890740696,0.0584,65277975278721408,7.5396,0.0846,21.797,0.11,-45.312,0.074,0.887,16.796629,0.003012,18.134432,0.052432,15.497537,0.0087,2.636895,,,1.604,892.042,20.737,131.752,1.0,0.2836972421483106,0.0025123254298495,0.0,0.0,0.0,,0.259764354108222
0.2651,-0.0519,-0.1915,16,56.4454986712,0.1481,23.88328757924,0.1013,65215058301202816,7.5107,0.1659,20.743,0.171,-46.273,0.124,0.937,18.035473,0.003603,19.721964,0.089529,16.660027,0.008608,3.061937,,,1.648,467.63,12.133,133.337,1.0,0.1720845153643639,0.0042963800310538,0.0,0.0,0.0,,0.26038085734267674
0.3211,0.0466,-0.1473,16,56.61546284551,0.0953,23.81249172308,0.0669,65200283613608704,7.4614,0.1095,19.371,0.11,-43.872,0.083,0.838,17.161976,0.002975,19.1588,0.056657,15.788345,0.004377,3.370455,,,1.607,967.21,19.187,321.915,1.0,0.2271841696178065,0.0033333129189431,0.0,0.0127916403379394,0.0,,0.260593888891755
-0.0463,0.0688,-0.0974,14,56.48794486728,0.1259,24.35009571164,0.0786,65280036863012864,7.1695,0.1285,19.175,0.169,-43.778,0.1,0.991,17.37458,0.003145,19.284576,0.066239,15.969918,0.007909,3.314658,,,1.66,715.998,16.406,146.705,1.0,0.2120999161110074,0.001450073176,0.0,0.0,0.0,,0.26471971778041103
-0.2175,0.175,0.0577,14,56.53138644474,0.0217,24.37417789599,0.014,66781316909399424,7.478,0.0215,18.932,0.031,-47.087,0.018,1.227,14.0124,0.003377,14.979152,0.010332,13.008881,0.005915,1.970271,,,1.358,556.152,109.135,208.169,1.0,0.5753557844729521,0.0005538430054553,0.0,0.0,0.0,,0.2696767634470992
0.0412,0.325,-0.0112,16,56.87336883958,0.2063,23.88023184346,0.1516,65019963707009024,7.6045,0.2426,20.563,0.294,-45.809,0.2,1.047,18.670362,0.00358,20.654741,0.185461,17.297281,0.014136,3.35746,,,1.607,474.938,5.855,78.349,1.0,0.1151638656741669,0.0133051475953202,0.0,0.0,0.0,,0.2717673909074013
0.073,0.1323,-0.2087,14,56.31729783783,0.033,24.12099472374,0.0251,65270450496044416,7.581,0.0381,19.871,0.041,-44.98,0.035,1.137,15.178773,0.002996,16.506485,0.009536,14.032974,0.004396,2.473511,,,1.423,923.416,119.07,319.656,1.0,0.4699208797532068,0.0005332084066843,0.0,0.0,0.0,,0.2726256180383106
0.2675,-0.0538,-0.2343,15,56.45402219951,0.0151,23.85268637885,0.0105,65214409762926720,7.5049,0.0169,21.187,0.019,-45.392,0.014,0.989,13.566717,0.002833,14.430969,0.00382,12.650938,0.0033,1.780031,5.28,2.39,1.306,1643.271,416.131,616.18,1.0,0.6139750081370634,0.000524978876563,0.0,0.0,0.0,,0.2761125024049485
-0.051,0.375,-0.043,14,56.807022076,0.0271,23.83129346815,0.0193,65017906418989312,7.4445,0.0317,20.662,0.037,-45.952,0.024,1.082,14.748187,0.003009,16.20566,0.007957,13.568075,0.003804,2.637585,,,1.438,897.829,145.712,419.81,1.0,0.4456920524917986,0.0094042152608622,0.4106184912901904,0.014199329126442,0.9213053923543912,0.0373216363795269,0.2786038399676513
-0.0116,0.026,-0.1556,15,56.48651262989,0.1363,24.36867937847,0.0925,65283094877491200,7.3686,0.1448,20.473,0.202,-44.498,0.12,0.99,17.727373,0.003671,19.039753,0.130264,16.373842,0.011015,2.665911,,,1.681,447.584,8.337,101.888,1.0,0.2023643811028482,0.004250344918029,0.0,0.0,0.0,,0.2801074517829055
0.3268,0.1396,-0.024,16,56.65709673683,0.0179,23.78750955142,0.0144,65199978672758272,7.5056,0.0207,20.011,0.022,-47.267,0.018,1.112,10.045166,0.002788,10.413593,0.002927,9.512707,0.002855,0.900887,7.01,0.46,1.204,2563.077,1229.487,1795.907,1.0,1.11561477521839,0.0175546097753008,0.8280582238772446,0.0505195885083012,0.7422438661366294,0.0467659935945277,0.28255185337946825
0.0637,0.297,0.0166,16,56.8819223601,0.0738,23.87181815563,0.0543,65018417518780672,7.3892,0.0863,19.273,0.098,-46.357,0.07,1.137,16.862331,0.003096,18.660522,0.024027,15.572258,0.007082,3.088264,,,1.52,769.138,45.496,166.813,1.0,0.2572509724926574,0.0011035639506617,0.0,0.0,0.0,,0.2837729493625321
0.2362,0.1417,-0.0977,15,56.38734232753,0.0164,24.30303428798,0.0124,65281166437426176,7.5533,0.0179,20.256,0.022,-45.165,0.016,1.214,12.989489,0.004485,13.737245,0.012938,12.144871,0.008128,1.592374,4.96,10.76,1.281,306.764,85.941,142.215,1.0,0.6944174979219414,0.000674265017985,0.0,0.0318710222146276,0.0,,0.28613830622489295
0.3457,0.3391,0.2029,15,56.6668412654,0.0492,23.78274102188,0.036,65199222758514048,7.4754,0.0568,18.573,0.056,-43.732,0.043,0.986,16.090851,0.003695,17.692274,0.033231,14.820974,0.007657,2.8713,,,1.522,440.942,32.788,152.258,1.0,0.3554308996870858,0.0015526680089492,0.0,0.0145913023810454,0.0,,0.28652479264330527
0.5747,-0.1594,-0.3265,14,56.49673767202,0.0819,23.81286734443,0.0753,65202383854448384,7.6265,0.1019,20.458,0.105,-46.747,0.095,1.032,17.039532,0.003032,18.557104,0.041965,15.764448,0.004978,2.792656,,,1.541,857.791,25.93,263.39,1.0,0.2500367487844101,0.0025173142600899,0.0,0.0,0.0,,0.2873337961922513
-0.1,-0.0836,-0.1354,11,56.45679586433,0.3413,24.36754142472,0.2,65283232316451328,7.7169,0.3104,19.516,0.451,-45.527,0.276,3.542,3.863349,0.004021,3.836872,0.007085,3.85064,0.003459,-0.013768,,,1.169,370.814,166.708,530.947,1.0,4.954149410577136,0.0105933626654585,0.7319630432315201,1.0854498299933646,0.1477474703667142,0.2190993586281884,0.2913873800190419
-0.0307,-0.005,-0.3609,13,56.78290174725,0.101,24.39366460107,0.0689,66735446661374976,7.0817,0.1099,19.499,0.159,-44.45,0.1,1.065,17.16143,0.003147,18.948214,0.049581,15.899798,0.005536,3.048415,,,1.485,714.331,21.933,227.053,1.0,0.2295800529193307,0.0020324885112618,0.0,0.0,0.0,,0.29142406145404925
-0.0354,0.0519,-0.0128,14,56.91832612972,0.0286,24.30173654543,0.0178,66730120901930240,7.4333,0.0297,19.475,0.042,-47.069,0.023,1.749,13.26761,0.002996,14.080364,0.005587,12.376759,0.003978,1.703606,5.86,10.44,1.299,922.997,224.323,382.926,1.0,0.6591389402264264,0.000537598898576,0.0,0.0107332032220382,0.0,,0.29333610136565913
-0.3414,0.1029,-0.0399,12,56.4082327685,0.0981,24.33413541577,0.0742,65282716920396160,7.3944,0.1046,20.369,0.202,-46.554,0.114,1.029,15.446207,0.005746,15.308132,0.156293,13.828513,0.055503,1.479619,,,2.691,215.321,6.948,19.587,1.0,0.5118807255719243,0.0014091083519108,0.0,0.0,0.0,,0.29519359797790384
0.1874,0.1063,-0.2033,15,56.29096988932,0.1783,24.07562557072,0.1282,65268075377736832,7.8948,0.215,20.143,0.211,-45.199,0.158,0.902,18.248959,0.003516,19.773781,0.147132,16.852539,0.014067,2.921242,,,1.701,497.011,7.381,78.748,1.0,0.160558087160066,0.0091979852086681,0.0,0.0166993618728439,0.0,,0.29633658640220495
0.2394,0.148,-0.095,16,56.37602962224,0.0238,24.31244491566,0.0184,65281239453865856,7.3871,0.0265,18.946,0.032,-47.25,0.023,1.072,14.607255,0.003097,15.810062,0.011461,13.522047,0.004486,2.288015,,,1.383,767.653,97.668,309.137,1.0,0.5233507281535331,0.0006854902729841,0.0,0.0211805373795404,0.0,,0.29642967295161354
0.0989,-0.044,-0.4242,12,56.81444649567,0.109,24.3917636429,0.0765,66734725106867968,7.0067,0.1248,20.305,0.148,-45.215,0.102,1.045,16.997358,0.003186,19.002993,0.026732,15.676642,0.004936,3.32635,,,1.535,679.121,40.838,266.624,1.0,0.233516798395255,0.0060617036541562,0.0,0.0512300840490764,0.0,,0.30495624738688687
0.0542,0.1441,-0.0538,16,56.96895425475,0.0189,23.94102406851,0.0137,65020414679879296,7.4093,0.0205,19.685,0.025,-46.394,0.017,1.312,9.761056,0.00281,10.036342,0.003087,9.328334,0.002923,0.708008,5.35,0.61,1.19,1971.899,822.615,1246.632,1.0,1.232853384337641,0.0008197690218567,0.0,0.0396813734528872,0.0,,0.30710232813957855
-0.1575,0.026,-0.3372,12,56.8253562308,0.0298,24.3905652358,0.0179,66734720809017856,6.99,0.0305,21.257,0.042,-45.555,0.027,1.652,12.229151,0.00295,12.911525,0.004903,11.428227,0.003696,1.483297,2.82,3.75,1.267,1030.561,269.264,447.999,1.0,0.7522895655910122,0.0087864400349716,0.5686872964625495,0.0274066469545184,0.7559420234890251,0.0374855889481596,0.3081334830578412
-0.2822,0.2797,-0.0193,15,56.61848429295,0.0171,24.43373934391,0.0102,66781832308018176,7.4082,0.0162,20.111,0.024,-43.53,0.013,0.989,10.873117,0.003152,11.263568,0.005851,10.302857,0.004937,0.960711,3.5,2.93,1.218,709.377,211.129,266.551,1.0,0.9983972210563874,0.0008535578271334,0.0,0.0504067078659798,0.0,,0.30835294733214846
0.0765,0.3721,-0.0538,15,56.83746288644,0.0331,23.80314110025,0.0234,65017627244152064,7.3522,0.0392,19.096,0.043,-45.52,0.028,1.022,6.997606,0.00278,7.002589,0.002903,6.960183,0.00289,0.042407,,,1.158,2932.201,1353.491,1438.311,1.0,2.516443415976633,0.0010271065096659,0.0,0.0452152315058521,0.0,,0.31340791979283206
0.0371,-0.4541,-0.0576,12,56.87755475113,0.0354,24.3703346529,0.0227,66737405166459264,7.4397,0.0405,19.619,0.056,-46.591,0.03,1.046,14.798532,0.002996,16.045107,0.005409,13.697297,0.00332,2.34781,,,1.391,922.44,234.323,603.721,1.0,0.5073206068556021,0.0005040697454343,0.0,0.0079481849737147,0.0,,0.31635456396690503
0.0964,0.3566,0.086,15,57.02676571552,0.0764,24.11420727435,0.0444,66712253837994880,7.2652,0.0764,20.112,0.108,-46.854,0.058,0.995,16.740343,0.003027,18.456854,0.037782,15.468422,0.00911,2.988432,,,1.507,866.773,28.815,125.195,1.0,0.2725885411278599,0.0013401939826668,0.0,0.0,0.0,,0.3171967626051732
0.0504,0.1561,-0.0211,14,56.98605009588,0.1158,24.25867098144,0.0717,66717987616472704,7.482,0.1218,20.51,0.164,-44.717,0.093,1.03,17.494467,0.003184,19.410238,0.078977,16.170437,0.006826,3.239801,,,1.549,680.445,13.756,174.288,1.0,0.2008132688429686,0.0018843170240032,0.0,0.0,0.0,,0.32039732471260457
0.2467,0.3318,-0.0774,16,56.30484671502,0.0989,24.25640873706,0.0733,65280552259109760,7.8766,0.1247,22.395,0.133,-46.545,0.093,1.13,17.197369,0.003106,19.034981,0.039234,15.912276,0.00577,3.122705,,,1.508,757.609,27.744,214.993,1.0,0.2251551569864829,0.0017188877476925,0.0,0.0,0.0,,0.320554566795132
-0.0011,0.0707,-0.1378,12,57.02995559056,0.4876,24.14185767971,0.2625,66713044112564864,7.4099,0.4363,17.901,0.712,-46.44,0.393,9.686,9.440848,0.003684,9.439773,0.003214,8.720302,0.003736,0.719471,,,1.543,443.89,680.633,437.085,1.0,1.3042578082403526,0.0213930022579519,0.9488872713393042,0.06098817270692,0.7275304509156063,0.0482594840523855,0.32104046174999273
0.2073,0.0192,-0.1668,16,56.4121662012,0.1463,23.81538702478,0.1105,65190838982357760,7.4877,0.1614,18.931,0.181,-44.773,0.142,0.974,18.086927,0.00441,19.94924,0.180453,16.607555,0.01066,3.341684,,,1.775,315.358,6.017,105.527,1.0,0.1663656067203979,0.0041263585185986,0.0,0.0104790580283121,0.0,,0.3219772481204883
0.0969,0.0561,-0.1786,16,56.44372984936,0.1171,23.79515713239,0.0893,65202418214188544,7.0614,0.1339,19.197,0.143,-45.353,0.11,5.539,14.805443,0.002923,16.206171,0.007994,13.606966,0.003327,2.599205,,,1.469,1112.685,144.928,599.092,1.0,0.4566770799352194,0.0108238283299454,0.3809195289905996,0.0218283342157392,0.8341113353983822,0.0517252295491575,0.325308918737581
-0.1405,0.2331,-0.0421,15,56.61261347529,0.0461,24.45374227557,0.0274,66783584654831872,7.2598,0.0439,20.298,0.067,-44.708,0.038,0.989,15.896999,0.003022,17.473085,0.016169,14.669244,0.005978,2.803842,,,1.474,875.063,68.171,205.346,1.0,0.3787559865896852,0.0017421928532911,0.0,0.0256159010346454,0.0,,0.32536858682176395
0.2417,0.2483,-0.1401,13,56.77419713239,0.1636,23.75949117569,0.1299,65011476851589632,7.3858,0.1953,18.992,0.209,-44.525,0.156,0.979,18.451954,0.003374,20.400572,0.109646,17.060495,0.012265,3.340076,,,1.637,557.582,9.905,90.905,1.0,0.1347145614535939,0.0120281876377285,0.0,0.019248812032665,0.0,,0.32657703995975856
0.2607,-0.0051,-0.1839,16,56.52329273641,0.0217,23.75705828476,0.0158,65201249983083392,7.3601,0.0255,20.577,0.026,-44.183,0.019,1.022,14.375109,0.00284,15.703154,0.004945,13.256289,0.003208,2.446864,,,1.393,1576.078,265.909,685.963,1.0,0.4973345395453226,0.009420419803506,0.4381070272787743,0.0222065525604957,0.880910116718023,0.0476670524285365,0.32666735347605175
-0.0902,0.1784,0.0568,15,57.02772402474,0.0571,24.00172038533,0.039,66522381924952704,7.2397,0.0596,19.08,0.08,-44.482,0.051,1.032,16.501642,0.00304,18.197205,0.024797,15.240047,0.005251,2.957158,,,1.498,845.466,44.066,244.086,1.0,0.2996539073761515,0.0007669941491503,0.0,0.0,0.0,,0.330488205935722
0.1654,0.2379,-0.1251,14,56.77549159809,0.0876,23.75544346708,0.0679,65011481147922560,7.1897,0.1053,18.266,0.114,-43.555,0.083,1.064,17.294428,0.003092,19.121851,0.048726,15.994456,0.006653,3.127395,,,1.529,773.813,22.319,179.778,1.0,0.2181572210229253,0.0021373506284494,0.0,0.0,0.0,,0.3306665243915752
0.1144,0.0269,0.1214,14,56.91861653211,0.0199,24.36435608057,0.014,66737095928811648,7.429,0.0214,19.317,0.026,-45.455,0.017,1.023,10.402332,0.003012,10.743448,0.005195,9.896464,0.004089,0.846984,6.2,0.8,1.2,891.615,247.785,363.249,1.0,1.08990513627162,0.0008839272614133,0.0,0.030478599859374,0.0,,0.3319316726185983
0.2628,0.217,-0.0146,16,56.3533599732,0.0524,24.34576961905,0.0391,65282098447322752,7.0223,0.0589,19.667,0.071,-43.514,0.049,1.027,16.211872,0.003014,17.810318,0.029803,14.96774,0.00441,2.842578,,,1.49,888.438,36.591,317.917,1.0,0.3393409390886789,0.0008075344975483,0.0,0.0,0.0,,0.33252179595617537
0.0845,0.1583,-0.059,15,56.45577051741,0.0435,24.41850610979,0.0291,65284228751087872,7.3127,0.0459,19.209,0.059,-42.782,0.036,1.101,15.503866,0.003005,16.962757,0.015769,14.318729,0.004512,2.644028,,,1.443,906.151,69.956,306.155,1.0,0.4297710481845508,0.0010950091074586,0.0,0.0224162812360921,0.0,,0.3337915723046454
0.3391,0.0301,-0.2007,16,56.53153932856,0.2045,23.74500045933,0.1544,65201073889760896,7.2885,0.2364,18.567,0.245,-45.361,0.192,1.023,18.689657,0.006387,20.05489,0.168632,17.100424,0.016614,2.954466,,,2.026,188.422,6.439,66.292,1.0,0.1187640650330766,0.0191133331955603,0.0,0.0189673851675546,0.0,,0.3352568251847164
-0.1101,-0.0733,-0.0495,14,56.74397999975,0.0476,24.4609217371,0.0316,66782897460055424,7.52,0.0485,19.302,0.069,-46.139,0.043,1.088,16.011278,0.002939,17.626322,0.013694,14.772564,0.003587,2.853758,,,1.481,1063.043,80.987,481.495,1.0,0.362975649994374,0.002447550216203,0.0,0.0313398663955305,0.0,,0.3371447774615775
0.1495,0.1505,0.0102,16,56.30266024809,0.1871,23.89569109926,0.1378,65195404530870144,7.4836,0.2041,19.701,0.216,-45.379,0.161,1.054,18.384014,0.003632,20.278824,0.124879,16.989515,0.013735,3.289309,,,1.647,458.749,8.696,80.732,1.0,0.1417241881422669,0.0113088740107249,0.0,0.0207189507956816,0.0,,0.3394818743086104
0.2058,0.2668,-0.0199,16,56.27733777372,0.1629,24.26330921922,0.1235,65275501377570944,6.8695,0.1936,19.017,0.211,-46.065,0.154,9.413,8.547794,0.002779,8.713078,0.00286,8.243614,0.002831,0.469464,,,1.18,3021.2,1725.23,2258.833,1.0,1.5751154135815646,0.0096982886396818,0.7482372804414364,0.2338544504203117,0.4750364792253937,0.1484969446809681,0.34270851864235313
0.2938,-0.2895,-0.2396,13,56.88397566646,0.0922,24.40493750874,0.066,66740497542906368,7.6276,0.1074,19.455,0.134,-46.58,0.087,1.06,17.043259,0.00297,18.779428,0.03505,15.767084,0.00473,3.012344,,,1.51,979.903,31.075,284.254,1.0,0.2419005194261441,0.0017414725236441,0.0,0.0,0.0,,0.34360985833621066
-0.3164,-0.1881,0.21,14,56.72872815707,0.1977,24.46645117467,0.1261,66783099321711360,7.1409,0.1968,20.779,0.272,-45.945,0.177,0.864,18.508291,0.003949,20.037075,0.099924,17.094213,0.01405,2.942862,,,1.726,383.708,10.87,78.847,1.0,0.1289720602871428,0.0203915726979585,0.0,0.0204643203289886,0.0,,0.34472300032810815
-0.1984,-0.1303,0.091,13,56.46297350546,0.2034,24.43623670794,0.1292,66785504503382528,7.2589,0.2068,18.428,0.307,-46.407,0.171,0.948,18.133894,0.005262,19.502014,0.138869,16.737078,0.007925,2.764936,,,1.73,242.211,7.82,146.375,1.0,0.1742721732379675,0.0051078628359961,0.0,0.0,0.0,,0.34547020668683237
-0.167,0.1335,0.086,15,57.03844829087,0.0607,23.97778621777,0.0421,66522107047046656,7.3173,0.0634,18.502,0.09,-46.785,0.055,1.133,16.513573,0.002925,18.152136,0.019169,15.275189,0.004139,2.876946,,,1.477,1105.041,57.251,355.223,1.0,0.2998554797623018,0.0012988270131447,0.0,0.0,0.0,,0.34550622858468694
-0.2052,0.2393,-0.0115,15,56.63354647408,0.2772,24.47604839471,0.1664,66783722091045248,7.4853,0.2654,19.987,0.376,-46.098,0.22,1.046,18.957493,0.003912,20.676556,0.214205,17.516006,0.0119,3.160549,,,1.737,390.981,5.069,93.852,1.0,0.1107950982107365,0.0109992667249211,0.0,0.0,0.0,,0.3459510734078636
-0.0929,0.1428,0.0301,15,57.04245461772,0.1151,23.98878105534,0.0773,66522137109124096,7.199,0.1184,20.404,0.161,-46.035,0.099,0.995,17.764944,0.003134,19.78377,0.075485,16.432545,0.006882,3.351225,,,1.549,726.958,14.393,172.582,1.0,0.1811278632159395,0.0022465356240938,0.0,0.0,0.0,,0.3459695929828006
-0.037,0.3007,-0.1065,14,56.78942568111,0.0303,23.74197963633,0.0211,65011412428446592,7.3793,0.0331,21.216,0.041,-45.577,0.025,1.613,14.170108,0.002893,15.443391,0.005907,13.048277,0.003387,2.395114,,,1.407,1231.191,208.521,565.317,1.0,0.5125396029114309,0.0085277430876805,0.4703058527570418,0.0187007538350099,0.9175990500744052,0.0395518539237497,0.3472964310857947
0.2509,0.0411,-0.1597,16,56.511596002,0.0142,23.73718212048,0.0103,65201039527567232,7.4368,0.0162,19.496,0.017,-44.257,0.013,1.095,12.133683,0.002952,12.948728,0.004723,11.235674,0.003818,1.713054,,,1.305,1024.048,284.874,416.695,1.0,0.719795623350859,0.0111353491397193,0.6786163010583424,0.0219721406006469,0.942790257461118,0.0338309508386349,0.34748144374521395
-0.1377,0.2381,-0.0245,15,56.60273991008,0.0642,24.47939883769,0.0395,66786539592171392,7.3695,0.0625,20.308,0.093,-45.752,0.055,1.116,16.471231,0.002868,18.110031,0.01892,15.216504,0.004978,2.893527,,,1.497,1362.484,58.021,263.361,1.0,0.3055861767271473,0.0011323455680345,0.0,0.0,0.0,,0.34906286190420877
0.0684,0.0085,-0.0556,16,56.39881817324,0.2641,24.4093641179,0.1853,65284327535890176,7.7241,0.2871,21.144,0.375,-43.748,0.233,0.894,18.861193,0.004319,20.448689,0.269169,17.450748,0.030462,2.99794,,,1.711,326.5,4.034,35.792,1.0,0.1081929389461723,0.0132771240599154,0.0,0.0,0.0,,0.3496096557257311
-0.1016,-0.1302,-0.0501,14,56.75128246811,0.1142,24.47341021111,0.0766,66782931820393216,7.5816,0.1189,19.241,0.164,-44.787,0.103,1.127,17.010265,0.003337,18.275524,0.024609,15.151375,0.004195,3.124149,,,2.558,576.674,44.407,346.624,1.0,0.2812595227768922,0.002072926841126,0.0,0.0,0.0,,0.35047117883611667
0.0947,0.1339,-0.0392,16,56.23900505451,0.04,23.99217866659,0.0284,65267078945207296,7.5612,0.0432,20.609,0.048,-44.772,0.037,1.132,15.717465,0.002864,17.219521,0.011473,14.508502,0.003156,2.711019,,,1.464,1391.08,97.563,735.774,1.0,0.4036126573987793,0.0009108300118776,0.0,0.0103802854278599,0.0,,0.3547294910934007
0.1198,-0.4968,-0.0716,12,56.90697333793,0.0966,24.40625196188,0.0658,66737576965143296,7.3945,0.1096,20.068,0.153,-47.769,0.088,0.918,16.923494,0.003083,18.857653,0.038114,15.617101,0.004918,3.240552,,,1.524,784.579,28.563,268.07,1.0,0.2478287535868918,0.0030041770110034,0.0,0.0153158439295554,0.0,,0.35519700661801634
0.0881,0.2397,-0.0518,15,56.42449682534,0.0189,24.43131680345,0.0122,65284469269256704,7.4107,0.0198,20.511,0.026,-44.714,0.015,0.938,11.090695,0.002803,11.508349,0.003196,10.504712,0.002983,1.003637,7.44,0.57,1.216,2115.037,696.597,1028.05,1.0,0.9589348749559744,0.0007641924396029,0.0,0.0249221714898865,0.0,,0.3572560648916468
0.0168,0.1232,-0.0727,15,57.05551505474,0.051,23.97951838436,0.0376,66521381194879232,7.5992,0.0559,19.657,0.071,-45.838,0.047,1.002,16.340902,0.002931,18.059566,0.024447,15.072655,0.004052,2.986912,,,1.503,1087.406,44.705,369.529,1.0,0.3184376181265566,0.0034505704900534,0.0,0.0291452741451267,0.0,,0.35785403331940424
0.5146,-0.0159,-0.1343,14,56.22181624494,0.0864,24.01834460181,0.0701,65267388182879104,7.6187,0.1004,20.617,0.111,-44.131,0.098,0.97,17.134035,0.00302,18.838417,0.069689,15.860837,0.005832,2.97758,,,1.511,877.396,15.592,211.994,1.0,0.2352235029015021,0.0021365168851371,0.0,0.0,0.0,,0.36029369076199935
0.1124,0.1926,-0.0058,15,56.77834370557,0.0142,23.71495241088,0.0108,65010239900405504,7.3773,0.0159,19.426,0.018,-44.409,0.012,1.139,11.99486,0.002806,12.511447,0.003303,11.295786,0.003147,1.215661,5.49,1.05,1.252,2037.396,614.506,746.265,1.0,0.815434331343094,0.0006785279032366,0.0,0.0,0.0,,0.3654651640833598
0.5519,0.5336,0.5253,9,56.7786889401,0.2746,23.71500817323,0.267,65010244195009024,6.8711,0.3779,19.599,0.312,-45.363,0.348,1.609,16.502356,0.008148,,,,,,,,,141.601,,,1.0,2.130171016914796,1.49876799109203,0.8812907498600012,1.1868713227726395,0.4137183084653957,0.6286277428740963,0.36604593816917186
0.1365,0.1679,-0.0343,16,56.24422047136,0.0459,23.92787685606,0.0338,65196405259884544,7.3248,0.0509,21.066,0.058,-45.625,0.043,1.153,16.095974,0.003081,17.717226,0.021877,14.856418,0.003859,2.860808,,,1.481,786.971,50.038,407.305,1.0,0.3530527187880291,0.0011248586628623,0.0,0.0071743364911964,0.0,,0.36608669107513453
0.1424,0.3519,0.0429,15,56.84458758908,0.0478,23.73506530394,0.0365,65010519075247616,7.5324,0.0581,20.221,0.063,-45.792,0.046,0.914,16.342907,0.003267,18.058958,0.019901,15.08565,0.00558,2.973308,,,1.489,618.828,55.102,224.659,1.0,0.3183815381663963,0.0026984786079663,0.0,0.0214096374868601,0.0,,0.37029269613264393
-0.0133,0.2323,-0.0023,16,57.02449569519,0.0966,23.88344303937,0.0669,65019246448775424,7.4429,0.1059,20.181,0.128,-43.466,0.082,1.065,17.378941,0.00306,19.200218,0.052821,16.08857,0.005332,3.111649,,,1.517,815.883,20.584,238.926,1.0,0.2114653064874759,0.002362690947308,0.0,0.0,0.0,,0.37234034700585333
-0.1767,0.2101,-0.0302,15,56.6006039417,0.1554,24.50341095374,0.0955,66786951909028736,7.5511,0.1506,21.753,0.218,-44.939,0.128,1.042,18.101824,0.003253,19.833954,0.098965,16.75687,0.010378,3.077084,,,1.6,627.851,10.975,108.62,1.0,0.1657927185832008,0.0047983127631707,0.0,0.0104790580283121,0.0,,0.3730040365435136
0.1203,0.3159,0.066,15,56.80648230099,0.0123,23.71408562078,0.0093,65010549138050944,7.4326,0.0138,19.731,0.016,-45.609,0.011,0.979,12.215946,0.003013,12.771295,0.004863,11.509645,0.004239,1.26165,6.96,0.67,1.242,891.356,272.631,340.213,1.0,0.7843765800206802,0.0006217631781615,0.0,0.0,0.0,,0.37467787078420167
0.2724,0.0973,-0.0783,16,56.19731354525,0.0525,24.0103384534,0.0399,65244646332548352,7.7021,0.0603,21.9,0.065,-46.777,0.052,1.198,16.130625,0.002999,17.692402,0.02273,14.900802,0.003429,2.7916,,,1.479,916.566,48.131,544.516,1.0,0.3503627110248017,0.0009123679132187,0.0,0.0,0.0,,0.3786373830147768
0.0579,0.0364,-0.1994,15,56.37331924695,0.0142,23.76030233531,0.0105,65190220507070208,7.4196,0.0154,19.065,0.018,-45.756,0.014,1.01,12.855757,0.002827,13.581586,0.003317,12.029433,0.003136,1.552153,3.89,2.19,1.273,1719.448,605.167,758.503,1.0,0.708177301220999,0.0008298969665034,0.0,0.0639038037977386,0.0,,0.37979076345424884
-0.3387,-0.0095,0.0643,14,56.66214340428,0.015,24.52010758504,0.0091,66787119410915072,7.4331,0.0138,20.24,0.021,-46.046,0.012,0.929,12.868829,0.002827,13.571247,0.003605,12.058481,0.00315,1.512766,6.28,0.74,1.268,1718.014,475.784,742.686,1.0,0.7076433923131432,0.0006410382483246,0.0,0.0185113109532787,0.0,,0.3829577755895732
0.2521,0.2372,-0.0884,15,56.19942719257,0.0595,24.21445081819,0.0472,65275020341243520,7.2744,0.0737,19.304,0.076,-44.732,0.06,1.006,16.460293,0.003087,18.216768,0.029591,15.19673,0.005444,3.020039,,,1.492,780.224,36.856,232.259,1.0,0.30244275053378,0.0027175360401681,0.0,0.0190910503586132,0.0,,0.3836034087003794
0.1397,0.1528,-0.0495,16,56.2244333696,0.0131,23.92108582136,0.0092,65196370900147968,7.2606,0.0143,21.062,0.017,-45.346,0.012,1.152,10.590246,0.002796,11.024535,0.003247,9.982679,0.00302,1.041856,6.73,0.64,1.223,2293.872,653.456,938.628,1.0,0.9894051468913831,0.0224966297400198,0.80016644104809,0.0470842117498959,0.8087348681802766,0.0510176247706005,0.386247371860577
0.0067,0.3142,0.0527,15,57.1091158769,0.0176,24.04818241728,0.0107,66523893753437824,7.452,0.0175,19.673,0.024,-46.258,0.013,0.874,9.903484,0.002792,10.187208,0.00312,9.453119,0.00297,0.734089,6.05,1.39,1.196,2391.871,777.61,1065.603,1.0,1.200095085615983,0.00089107735763,0.0,0.0,0.0,,0.3869793063722108
0.1521,0.0167,-0.1771,16,56.40739057191,0.2022,23.73043120596,0.145,65178190301724544,7.8229,0.2138,20.536,0.255,-46.698,0.183,0.959,18.718615,0.003779,20.564253,0.234352,17.174627,0.019335,3.389626,,,1.878,419.802,4.633,56.747,1.0,0.1184458815056007,0.0137301671305507,0.0,0.0071879890965451,0.0,,0.3909965097070962
0.026,-0.0008,-0.1198,14,56.74758526953,0.0328,24.51991333979,0.0227,66789872486779520,7.3111,0.0354,22.272,0.043,-47.521,0.028,0.925,6.802811,0.002781,6.802068,0.003125,6.767419,0.00303,0.034649,,,1.161,2858.53,770.909,918.419,1.0,2.681127861090748,0.0038307762526554,0.0,0.2457812704419602,0.0,,0.39262031625186455
0.1477,0.2375,-0.1033,15,56.39368645441,0.0294,24.46310687838,0.0194,65296357738731008,7.3863,0.0324,18.453,0.039,-46.101,0.024,1.232,8.54996,0.002778,8.726979,0.002851,8.228857,0.002802,0.498122,,,1.182,3060.778,1855.648,4253.729,1.0,1.5577327843121171,0.012930180324468,0.915240891242194,0.0926144538339826,0.5875467862393083,0.0596543410123709,0.39299819069750713
0.2207,0.1081,-0.316,13,56.9140555869,0.0697,24.45873245788,0.0454,66741116018188416,7.2315,0.0757,19.092,0.087,-45.398,0.061,1.097,16.133425,0.003142,17.845594,0.019652,14.87848,0.004944,2.967114,,,1.487,718.707,55.813,265.989,1.0,0.3271791531454714,0.0081488288047633,0.142918475844112,0.0370241580737744,0.4368202389122487,0.1136835162570527,0.39548013587251246
0.3065,0.1572,0.0633,15,56.95748952144,0.0713,24.42848980052,0.0506,66738023641737088,7.3864,0.0779,20.414,0.093,-45.895,0.066,1.055,16.653147,0.003138,18.428715,0.027301,15.385392,0.004338,3.043323,,,1.494,723.167,39.978,326.865,1.0,0.2801924766449199,0.0006966881109112,0.0,0.0,0.0,,0.39977297071332346
0.0656,-0.0234,-0.0258,16,56.26375187558,0.0156,23.8392093177,0.0115,65194584193758336,7.4736,0.0165,20.343,0.02,-45.772,0.014,1.035,11.684071,0.002811,12.160024,0.003385,11.048585,0.003104,1.111439,6.36,1.45,1.224,1948.563,566.272,798.524,1.0,0.8599374521920515,0.0006904250866993,0.0,0.0,0.0,,0.39977838385790154
-0.0073,0.3128,-0.0729,14,56.92168447899,0.014,23.74008588097,0.0108,65013474012743936,7.4589,0.0171,19.39,0.018,-44.42,0.012,1.029,13.317822,0.003555,14.096745,0.009461,12.448992,0.006547,1.647753,13.66,5.74,1.291,483.228,120.096,183.318,1.0,0.6518864123796828,0.0006912434331418,0.0,0.0,0.0,,0.4000102029783984
0.0811,0.2036,-0.0603,16,57.07140351417,0.0143,23.89015053852,0.0103,66517468482370304,7.3217,0.0157,17.886,0.018,-45.495,0.012,0.899,10.245731,0.002798,10.560406,0.003183,9.762666,0.003027,0.79774,4.97,0.55,1.2,2236.706,709.175,924.025,1.0,1.1227085594280786,0.0009754921449883,0.0,0.039780472697382,0.0,,0.40070376497942695
-0.1808,0.0308,0.1896,14,57.10522821659,0.0964,24.24035732523,0.0592,66720294016753280,7.5239,0.0951,19.544,0.139,-45.678,0.083,1.973,16.058432,0.003955,17.849825,0.012898,14.75069,0.006782,3.099134,,,1.543,382.738,86.223,175.647,1.0,0.286515620048682,0.011524282649665,0.2381260057761825,0.0140521539429017,0.8311100307052105,0.0593541259494505,0.40384205782984584
0.1412,0.1902,-0.1607,15,56.18336879678,0.0219,24.23100327842,0.0165,65275089060719104,7.502,0.0264,21.467,0.026,-46.454,0.021,1.219,11.193486,0.002965,11.617371,0.003797,10.609508,0.003505,1.007863,6.06,0.64,1.212,991.082,421.594,511.76,1.0,0.94041562060007,0.0007897960470775,0.0,0.0,0.0,,0.406101426528071
-0.0408,0.1238,-0.0145,16,57.07512164513,0.0208,23.89127367846,0.0149,66517468482370176,7.3402,0.0217,19.104,0.026,-45.349,0.019,1.109,13.975899,0.002779,14.928371,0.003569,13.007132,0.002966,1.92124,,,1.329,3016.703,488.015,1079.504,1.0,0.5779520153498596,0.0005539064851599,0.0,0.0,0.0,,0.4063619221909929
-0.0698,0.2409,-0.1023,14,56.5121803559,0.0359,24.52769732621,0.0229,66786505232432512,7.4644,0.0359,19.582,0.045,-44.878,0.029,0.789,6.425264,0.002798,6.409081,0.002939,6.425955,0.002871,-0.016873,,,1.157,2228.124,1173.999,1600.043,1.0,3.013406358421437,0.0011168662382009,0.0,0.0,0.0,,0.40655689230446057
0.3151,0.241,0.0356,16,56.28626598077,0.2527,24.40248339926,0.1968,65294429297360000,7.6624,0.2879,20.199,0.375,-43.286,0.251,0.998,18.845711,0.004275,20.246685,0.160652,17.406633,0.021905,2.840052,,,1.784,332.148,6.759,49.973,1.0,0.1076885550160573,0.0132109503024438,0.0,0.0,0.0,,0.40661177908082924
-0.0495,0.3334,0.0398,16,57.13271390512,0.0714,24.03280319756,0.044,66523103479455744,7.1938,0.076,18.538,0.099,-44.384,0.056,0.997,16.80336,0.003298,18.574518,0.036687,15.532686,0.005913,3.041832,,,1.499,599.233,29.681,208.255,1.0,0.2638430376770252,0.0012079314812558,0.0,0.0,0.0,,0.40732561535585177
0.0858,0.1604,-0.1043,15,56.20099235354,0.0643,24.28926774501,0.047,65287458566524928,7.428,0.0724,19.849,0.079,-44.966,0.058,0.963,5.441325,0.002913,5.419782,0.003013,5.441004,0.00368,-0.021222,,,1.161,1149.087,955.697,452.497,1.0,3.65695394605742,0.2116468670096982,2.3696635165214768,0.5585331124379865,0.6479883398794843,0.1572686618406743,0.4122092236752981
0.2173,0.1487,0.0001,16,57.12405282632,0.0851,23.96812762182,0.0616,66521179334108928,7.2949,0.0924,19.513,0.113,-44.302,0.077,1.003,17.046577,0.002999,18.865902,0.034386,15.772549,0.004114,3.093353,,,1.497,917.039,31.68,359.195,1.0,0.2387785394914939,0.001429823246895,0.0,0.0,0.0,,0.41645872084495733
-0.0641,0.2542,0.0501,15,57.14081534927,0.0746,24.03284976688,0.0453,66523103479455232,7.1139,0.0776,19.299,0.111,-44.182,0.059,0.939,16.814566,0.002901,18.517441,0.020734,15.558638,0.004508,2.958803,,,1.49,1196.523,52.846,306.631,1.0,0.2648313655538099,0.0018310875634566,0.0,0.0,0.0,,0.41772188424861556
0.1205,0.1447,0.0338,16,56.71926880123,0.0575,23.6451388465,0.0411,65008388771477120,7.3167,0.0639,19.341,0.068,-45.103,0.05,1.034,16.497435,0.002976,18.41301,0.028206,15.17908,0.00352,3.23393,,,1.542,965.745,38.683,505.855,1.0,0.2589343230882793,0.0091279148309072,0.1703824293112527,0.0139956324897045,0.658014075844104,0.0588180577807322,0.41885609163108667
0.1565,0.2827,0.1765,15,56.86189019777,0.0257,23.67812685242,0.0212,65007083101413888,7.5096,0.0316,21.724,0.034,-45.71,0.026,1.01,7.746769,0.002806,7.812398,0.003033,7.595021,0.002969,0.217378,,,1.167,2050.477,913.599,1068.713,1.0,1.9291329644224893,0.0175947692755292,1.01002424521888,0.1106676048601991,0.5235638309261093,0.0575649000981323,0.4206932721729699
0.2963,0.0887,-0.1348,16,56.14763096345,0.0162,24.00113421797,0.0124,65244749411766528,7.3729,0.019,21.424,0.02,-45.873,0.015,1.152,13.679698,0.002805,14.571675,0.00366,12.749762,0.003168,1.821914,5.64,3.07,1.31,2070.579,458.416,723.725,1.0,0.6034225193197414,0.0004943256986627,0.0,0.0,0.0,,0.42118761381507885
0.0872,-0.061,-0.1092,15,56.33837180875,0.013,23.72727095406,0.0099,65190048708380160,7.2936,0.0136,19.691,0.017,-44.561,0.013,1.095,12.071662,0.003146,12.781521,0.005688,11.243565,0.004728,1.537956,-12.71,8.53,1.28,714.997,219.04,284.432,1.0,0.735976851811177,0.0130791568400423,0.6748431257652068,0.0278477861105152,0.9169352597224693,0.0411974543887681,0.42302685400182855
-0.3866,0.0091,0.0629,13,57.14795709917,0.1203,24.20069255246,0.0688,66719194505127168,7.2598,0.1155,20.716,0.19,-45.715,0.102,1.047,17.41301,0.003376,19.324333,0.055492,16.092218,0.006227,3.232115,,,1.546,556.631,19.59,195.044,1.0,0.2067154876661521,0.001997728942883,0.0,0.0,0.0,,0.4283861699877851
-0.3158,-0.3907,0.1234,13,56.58906496545,0.0995,24.56438443481,0.0644,66788253282520192,7.2274,0.1058,19.247,0.162,-44.223,0.092,1.006,17.185026,0.003227,19.154016,0.038752,15.884916,0.005,3.2691,,,1.512,646.142,28.09,261.717,1.0,0.2233765584542399,0.0008440428161062,0.0,0.0,0.0,,0.4284847977848563
0.1635,0.2302,0.038,15,56.3332729273,0.0731,24.47333141899,0.0459,65297251091930624,7.3869,0.0771,20.59,0.103,-44.039,0.06,1.027,16.519524,0.002974,18.264065,0.025683,15.223836,0.004185,3.040229,,,1.534,968.954,42.526,348.101,1.0,0.297765012074225,0.0013380673754913,0.0,0.0,0.0,,0.4303379549206551
-0.2162,-0.1362,-0.0266,14,56.5945534946,0.016,24.56994976906,0.0101,66788291938818304,7.4266,0.0158,19.683,0.023,-44.994,0.014,0.848,10.296593,0.002852,10.624539,0.003326,9.802695,0.003177,0.821844,6.27,0.56,1.2,1471.587,599.664,714.911,1.0,1.111402627332443,0.0008855635551171,0.0,0.0294685463398733,0.0,,0.4309631586401774
-0.2077,0.0453,-0.1005,13,56.52886446573,0.0164,24.5626051279,0.0104,66799768088857856,7.3942,0.0167,19.403,0.024,-46.972,0.014,1.047,12.692504,0.002847,13.357429,0.003615,11.910682,0.003205,1.446747,4.18,1.87,1.258,1510.8,472.252,688.059,1.0,0.7262705353083401,0.0006113705181653,0.0,0.0,0.0,,0.432975873191723
0.2236,0.0812,0.0262,16,56.27089546399,0.0774,23.76829178719,0.0602,65189739470654464,7.5536,0.0859,20.577,0.098,-46.425,0.074,1.082,17.109238,0.003047,19.158346,0.032447,15.764849,0.004979,3.393497,,,1.562,834.408,33.587,263.253,1.0,0.2243438105344247,0.0063423252109246,0.0,0.0464752130545155,0.0,,0.433113537765175
0.3327,0.066,0.0232,16,56.68002306055,0.0919,23.62260295725,0.0706,65008010814357248,7.3789,0.1008,19.033,0.111,-44.734,0.088,1.078,17.381496,0.00302,19.213495,0.047377,16.073286,0.005242,3.140209,,,1.539,878.245,22.957,244.649,1.0,0.2113686031527973,0.0022775243116487,0.0,0.0,0.0,,0.43477807605947116
0.0615,0.2141,0.0945,16,57.1294732995,0.0282,24.28127310518,0.0176,66720534534913792,7.3919,0.0292,20.56,0.037,-46.529,0.024,1.071,14.94409,0.002861,16.259766,0.005849,13.808888,0.003618,2.450877,,,1.413,1410.224,211.231,471.484,1.0,0.4939155828123809,0.0015322362868991,0.0,0.0442092530760766,0.0,,0.436004823316639
0.08,0.2818,-0.0781,15,56.93613786706,0.0649,23.7007045401,0.0495,65012408860856832,7.3047,0.077,20.328,0.081,-45.216,0.06,0.943,16.648165,0.003012,18.418951,0.023203,15.380183,0.005719,3.038768,,,1.495,893.07,47.135,217.472,1.0,0.2808748745979527,0.0006786997912949,0.0,0.0,0.0,,0.4372433616358028
0.005,0.1232,-0.0089,14,56.47976397387,0.0231,24.55460405917,0.015,66798526845337344,7.399,0.024,19.533,0.032,-45.551,0.019,1.291,13.832768,0.002925,14.597713,0.017975,12.832641,0.007299,1.765072,21.57,10.49,1.416,1106.971,61.142,160.97,1.0,0.5962617559398099,0.0005886879608719,0.0,0.0,0.0,,0.43843049759741337
-0.183,-0.042,-0.1015,14,56.52718924376,0.0143,24.56722164753,0.0091,66799763794633856,7.3753,0.0147,19.749,0.02,-46.624,0.012,0.95,12.414279,0.003161,13.013465,0.00612,11.674582,0.00463,1.338882,,,1.25,700.871,199.316,293.881,1.0,0.7582022591357952,0.0006921900199203,0.0,0.0,0.0,,0.43843457423304993
0.1711,-0.1459,-0.5071,9,56.47708455754,0.0727,24.55430537375,0.0478,66798496781121792,7.348,0.0839,20.331,0.095,-46.022,0.063,0.88,5.752026,0.002838,5.729278,0.003281,5.752268,0.004023,-0.02299,,,1.161,1593.897,629.296,374.658,1.0,3.51006742853744,0.1063046804191871,1.7650219459103016,0.3982262594950913,0.5028455953752842,0.1144701447014345,0.43886442872112286
0.2624,0.1294,0.0995,16,56.68706288706,0.0998,23.61855310239,0.0735,65007942094880640,7.0292,0.1083,17.614,0.116,-42.464,0.088,1.033,17.557415,0.003281,19.774302,0.07912,16.193071,0.006991,3.58123,,,1.573,609.452,13.731,169.376,1.0,0.192952408967705,0.0031676094159795,0.0,0.0128536359226965,0.0,,0.43917262847738203
0.1973,0.1122,-0.1169,16,57.07240387537,0.0697,23.8063973617,0.0503,65014985841292032,7.2112,0.0813,19.836,0.088,-43.429,0.063,1.016,16.735138,0.003034,18.473598,0.027222,15.478024,0.004713,2.995575,,,1.486,854.287,40.096,285.849,1.0,0.2719220588735775,0.0012582916762674,0.0,0.0,0.0,,0.4452080703707256
-0.2544,0.0985,0.019,15,57.16636349177,0.0404,24.21171256485,0.0246,66719228864863360,7.4408,0.0394,18.465,0.057,-46.533,0.034,1.13,15.501962,0.002854,16.944019,0.007379,14.329345,0.004129,2.614675,,,1.432,1455.922,158.935,356.705,1.0,0.4303811892268138,0.0005626883095167,0.0,0.0,0.0,,0.44634498063053285
0.372,0.1036,-0.1367,16,56.11636811943,0.1182,23.99976909883,0.0927,65244435877629824,7.274,0.1384,19.089,0.144,-45.099,0.113,0.989,17.847445,0.003271,19.796124,0.06847,16.505604,0.008076,3.29052,,,1.569,615.625,15.87,143.268,1.0,0.1775730840949891,0.0027693515550038,0.0,0.0,0.0,,0.4480767690480377
0.1877,0.2077,0.0676,15,56.76583191331,0.0199,23.61611499254,0.0152,65005262035285888,7.2606,0.0227,20.78,0.025,-44.242,0.018,1.12,14.264647,0.002848,15.604331,0.004784,13.129026,0.003177,2.475305,,,1.409,1508.398,279.429,715.061,1.0,0.4995213941765088,0.0085605470296314,0.4656547702250328,0.0166808615167027,0.9322018549229364,0.0370183526051544,0.4497751485657243
0.3427,-0.129,-0.2682,14,56.96235820157,0.0322,24.50501618903,0.0255,66742765285619584,7.4067,0.0371,18.64,0.043,-45.035,0.033,1.124,15.015844,0.002863,16.3272,0.006066,13.887265,0.003493,2.439935,,,1.407,1397.177,201.565,516.664,1.0,0.4870567014427859,0.0005332704374002,0.0,0.0,0.0,,0.45448920423035927
0.0296,0.2042,0.0282,16,57.12549941432,0.2167,24.3453246248,0.1323,66725379258016768,6.9388,0.2232,19.609,0.269,-45.356,0.171,7.919,6.939808,0.002781,6.993091,0.00288,6.811228,0.002874,0.181863,,,1.164,2878.007,1521.876,1575.31,1.0,2.3023309056082013,0.0439308931962109,1.650018955283061,0.0640292269460883,0.7166732424360952,0.0309908427556716,0.45491476512742235
0.2642,-0.0764,-0.3411,14,56.23507805711,0.0198,24.43240474889,0.0162,65295430026352512,7.4336,0.0232,19.698,0.028,-46.135,0.022,1.142,10.274961,0.002846,10.606586,0.00374,9.774689,0.003239,0.831897,3.98,0.95,1.202,1519.924,436.028,659.869,1.0,1.11611657176126,0.0009809931320131,0.0,0.0464539895189204,0.0,,0.4559258663986974
-0.203,0.2428,-0.2399,13,57.19179572683,0.0815,24.16997873809,0.0429,66531178017967872,7.3155,0.0832,19.046,0.102,-45.247,0.057,1.028,16.580677,0.002982,18.256296,0.018656,15.330612,0.004382,2.925684,,,1.486,951.641,58.858,321.324,1.0,0.2905632645767275,0.0011638223980023,0.0,0.0,0.0,,0.45624922076793384
0.2648,0.0381,-0.151,16,56.09705800205,0.0315,24.13237723371,0.0241,65272817023559040,7.2984,0.0374,20.326,0.039,-47.787,0.03,0.994,14.205589,0.003117,14.27768,0.048842,12.883926,0.050767,1.393754,,,2.101,744.857,22.266,21.419,1.0,0.5961792395366327,0.0008826926942799,0.0,0.0,0.0,,0.45713096581961815
0.1824,0.212,-0.2337,14,56.19232413413,0.1516,24.38398237333,0.1124,65294807253267328,7.3544,0.1836,19.564,0.213,-45.396,0.158,0.914,18.121277,0.00336,19.91787,0.082309,16.756044,0.008114,3.161825,,,1.619,564.737,13.199,142.498,1.0,0.1635981096848544,0.0054318949378116,0.0,0.013079715149634,0.0,,0.45821119241613284
0.266,0.0215,-0.1481,14,56.09618368467,0.0291,24.06809498503,0.0217,65248151025861120,7.4865,0.0354,21.775,0.033,-47.341,0.025,2.252,13.168843,0.00314,13.995894,0.00673,12.250082,0.005032,1.745812,16.39,6.37,1.32,721.39,177.282,259.291,1.0,0.6607544013860125,0.0042388178820183,0.3751654655399713,0.0545411773195671,0.567783528574333,0.0826241219477477,0.45951640340371985
0.2352,0.1926,-0.1644,16,57.03323531524,0.0443,23.73970884587,0.0331,65014195567317504,7.6613,0.0537,19.48,0.058,-46.648,0.042,1.025,15.997229,0.003065,17.562798,0.016662,14.775707,0.004182,2.78709,,,1.468,809.208,66.095,348.535,1.0,0.3667055131398299,0.0006340587917808,0.0,0.0,0.0,,0.45983496082459663
-0.128,0.0967,0.0002,15,56.70512196595,0.0208,24.59982559996,0.0135,66793583338514816,7.434,0.0206,19.352,0.028,-44.348,0.018,1.121,14.310514,0.00321,15.417697,0.008336,13.269692,0.005094,2.148005,,,1.359,659.147,138.226,254.787,1.0,0.5492885713726587,0.000493039301442,0.0,0.014744173930143,0.0,,0.46017715492942945
0.1381,0.1812,-0.0277,16,56.8615963769,0.0603,23.63387817083,0.0504,65005846150835200,7.255,0.0723,19.562,0.08,-43.405,0.062,1.271,16.335794,0.002914,18.170729,0.024087,15.042625,0.00465,3.128103,,,1.519,1144.464,45.382,291.896,1.0,0.2865629467911594,0.0078531153023045,0.1650528069113949,0.0151001976785045,0.575974000685028,0.0550074493201287,0.46092058976484884
0.0608,-0.0825,-0.0572,15,56.46271855132,0.1016,23.6212783472,0.079,65173620458875008,7.2874,0.1107,20.374,0.134,-44.82,0.108,0.982,17.018866,0.003761,18.30291,0.046124,15.578316,0.016144,2.724594,,,1.809,424.029,23.583,68.282,1.0,0.2664594565916907,0.0032942977515941,0.0,0.0,0.0,,0.46125994768432327
0.0892,0.2254,0.1613,15,56.61581566561,0.0151,23.59251492433,0.0109,64985127228608128,7.3658,0.0161,18.428,0.019,-44.855,0.013,1.178,12.563813,0.005053,13.306281,0.014968,11.721897,0.011608,1.584384,6.25,1.23,1.28,256.341,73.832,96.359,1.0,0.7216626492632298,0.0058543947790532,0.513783194176709,0.0320080311033475,0.711943724261257,0.0447276345043797,0.4616857648670644
-0.0292,-0.0957,0.003,14,56.5960370545,0.0643,24.60485050167,0.0449,66788669895935616,7.3549,0.0681,18.978,0.091,-43.61,0.061,0.959,16.643583,0.002908,18.317886,0.031892,15.406652,0.005305,2.911234,,,1.47,1166.68,34.175,240.612,1.0,0.2836809017401802,0.0013689965658757,0.0,0.0,0.0,,0.4644568100831335
0.3157,0.0332,-0.1866,14,56.30039916332,0.0498,24.50489129673,0.0338,65297594689312768,7.8753,0.055,21.221,0.071,-47.343,0.045,1.065,15.664892,0.002896,17.160046,0.016528,14.456167,0.00506,2.703878,,,1.464,1217.709,66.649,257.228,1.0,0.4100933285040791,0.0010900922390341,0.0,0.016709884683139,0.0,,0.467752506615911
0.1436,0.1642,-0.0759,15,56.22548048214,0.0667,24.44616834795,0.05,65298483745290368,7.7345,0.0744,19.848,0.089,-46.019,0.066,1.049,16.687817,0.003119,18.342989,0.035067,15.419619,0.008201,2.92337,,,1.512,743.053,31.061,140.792,1.0,0.2806218210130439,0.001457704159587,0.0,0.0,0.0,,0.4692296270620041
0.1923,0.1438,-0.0165,15,56.55285246405,0.0798,23.58701264824,0.0582,64984951133439232,7.3302,0.0917,20.859,0.096,-44.736,0.068,1.078,17.092171,0.003012,19.02397,0.040207,15.796086,0.00547,3.227883,,,1.511,892.74,27.069,230.776,1.0,0.2323640000734325,0.000809461746116,0.0,0.0,0.0,,0.4692429742015311
0.3196,0.0293,0.0014,16,56.13342908901,0.0355,23.87484927647,0.0268,65241313435901568,7.4156,0.0394,19.579,0.048,-45.423,0.037,1.102,14.32924,0.002965,15.033832,0.044644,12.844796,0.028007,2.189035,,,2.031,991.795,24.368,38.96,1.0,0.5676024185395493,0.0025414130739906,0.0,0.1091269729053777,0.0,,0.47021303755347543
0.3938,-0.0197,-0.0537,15,56.13322156163,0.035,23.8752114689,0.0258,65241313437941504,7.4074,0.0381,19.613,0.049,-46.535,0.038,0.96,14.416532,0.003176,15.336383,0.029725,12.858709,0.069192,2.477674,,,2.078,687.635,36.688,15.704,1.0,0.5186875993506388,0.0090752480209289,0.4619328242562331,0.0214947559545157,0.8905800424659106,0.0442733511865398,0.4702307920322336
0.1712,0.1464,0.0522,15,56.72404434207,0.0146,23.58335393181,0.011,65004712279475712,7.5302,0.0155,20.796,0.018,-45.154,0.013,0.997,10.388345,0.002821,10.711754,0.003259,9.896658,0.003038,0.815096,6.28,0.77,1.2,1793.962,644.374,903.143,1.0,1.093031627208192,0.0009134859333825,0.0,0.0,0.0,,0.47255749707623346
0.1647,0.0286,-0.0853,16,56.27211037046,0.0178,23.70246592517,0.0134,65188090203295744,7.5046,0.0197,19.75,0.023,-46.401,0.016,1.188,8.888269,0.00277,9.08254,0.002846,8.5459,0.002808,0.536639,6.54,1.48,1.183,3842.091,1936.159,3404.521,1.0,1.4744621109081064,0.0008800368528552,0.0,0.0,0.0,,0.4732755113579471
0.35,0.0604,-0.3321,14,56.96658486416,0.0848,23.66317575455,0.0713,65011962184337664,7.8593,0.11,20.614,0.11,-47.07,0.093,1.041,17.058777,0.003084,18.886227,0.04659,15.764659,0.006078,3.121568,,,1.521,783.607,23.346,201.076,1.0,0.2380322894205262,0.0013953616769344,0.0,0.0,0.0,,0.4779105913510967
-0.1213,0.004,0.2056,13,56.34039171856,0.0703,24.54350590311,0.043,66798977817468288,7.391,0.0726,19.751,0.107,-44.359,0.059,1.074,16.209143,0.003196,17.774271,0.015386,14.975864,0.005254,2.798407,,,1.482,670.61,71.755,243.862,1.0,0.3406547529605476,0.0010798848442004,0.0,0.0,0.0,,0.4784461380621181
-0.0743,-0.0734,-0.0204,14,56.52358628171,0.034,24.61215923226,0.0243,66800180408292992,7.3939,0.0365,21.318,0.048,-44.541,0.033,1.098,15.064789,0.003211,16.382164,0.011264,13.920582,0.005503,2.461582,,,1.423,658.509,99.487,228.894,1.0,0.4822334857768459,0.0005261731291451,0.0,0.0,0.0,,0.479707068925129
-0.007,-0.0884,-0.0227,14,56.52381410189,0.0954,24.61368335739,0.07,66800244832257280,7.395,0.1031,21.355,0.132,-45.161,0.093,1.009,17.224361,0.003448,19.027359,0.051188,15.906121,0.008411,3.121238,,,1.555,523.628,21.243,136.828,1.0,0.2249152085428203,0.0017439516964965,0.0,0.0,0.0,,0.48102391512729675
0.2427,0.1902,-0.162,16,57.03735109357,0.0694,23.70632997828,0.052,65000863988835200,7.5998,0.0839,20.935,0.089,-47.277,0.066,1.061,16.795107,0.003338,18.595438,0.028764,15.50964,0.005967,3.085798,,,1.513,576.079,37.925,205.838,1.0,0.2645454752418173,0.000882286721328,0.0,0.0,0.0,,0.4820439196958898
-0.1033,-0.0518,-0.0159,14,56.54907922003,0.0194,24.6221190946,0.013,66800592725851776,7.5826,0.0208,21.195,0.027,-44.696,0.018,1.2,11.405896,0.003417,11.852175,0.007233,10.798162,0.006038,1.054012,7.65,0.79,1.218,537.398,162.709,202.767,1.0,0.903782889126178,0.0007250958099448,0.0,0.0,0.0,,0.48326553423905677
0.1435,-0.1424,-0.0758,14,56.36469576575,0.0868,23.63234055041,0.0651,65175480179315840,7.6139,0.0954,20.97,0.112,-45.661,0.081,1.016,17.297462,0.00307,19.097338,0.050879,16.003448,0.006239,3.093889,,,1.524,801.651,21.372,194.554,1.0,0.2187917486380563,0.0022458717012883,0.0,0.0,0.0,,0.48443456281331554
0.244,0.0066,-0.159,16,56.06105910287,0.0152,24.10191467207,0.0113,65249250535404928,7.1731,0.0178,20.709,0.019,-43.437,0.014,1.176,10.878019,0.002872,11.249774,0.009307,9.968431,0.027316,1.281343,,,1.488,1337.81,122.282,39.956,1.0,0.9124895197553368,0.0178504549164912,0.855067060709008,0.0239319383615067,0.9370705550002094,0.0319983922605851,0.4847561869794872
-0.1839,0.1898,0.006,16,57.20406155769,0.0339,24.26717377103,0.0196,66720946851771904,6.9322,0.0322,17.792,0.043,-47.539,0.026,2.419,10.705853,0.002983,11.158739,0.004525,10.089388,0.003787,1.069351,2.14,2.69,1.221,950.226,304.734,424.067,1.0,0.969790305061494,0.0234523719421813,0.7796556716146305,0.0486212752315853,0.8039425302000651,0.0537734514369392,0.4919248723097507
0.1514,0.0802,-0.177,16,56.05452292933,0.0177,24.03061586305,0.0122,65247704349267584,7.6314,0.02,21.405,0.022,-45.886,0.015,0.954,11.167223,0.002969,11.591781,0.004213,10.58207,0.003643,1.00971,4.93,0.75,1.212,982.523,344.026,463.586,1.0,0.9449930478555988,0.0008086810344501,0.0,0.0,0.0,,0.4924855555730925
0.2923,0.1045,0.0353,15,56.74245105011,0.0578,23.56061715977,0.0443,65004437401569664,7.4034,0.0616,20.163,0.077,-46.009,0.056,1.024,16.694729,0.002999,18.330616,0.027189,15.449906,0.00444,2.88071,,,1.486,916.47,40.145,314.401,1.0,0.2800922100141753,0.0015926915833694,0.0,0.0,0.0,,0.4934968983721708
0.3435,-0.0336,-0.4193,13,56.05316220658,0.1023,24.03159225173,0.0917,65248460263511552,7.3965,0.1337,20.146,0.126,-45.145,0.109,6.151,11.859773,0.004783,12.415699,0.014017,11.137634,0.009964,1.278065,3.07,2.03,1.253,277.7,79.039,113.502,1.0,0.8250113106300467,0.004366132820869,0.4444816870372943,0.1287695660296275,0.538758294959437,0.1561082226854165,0.49535929588758576
0.2382,0.2181,-0.1482,16,57.06368705743,0.1293,23.70079343721,0.1014,65000623471297024,7.0536,0.1567,20.001,0.178,-45.048,0.125,1.981,15.735696,0.003134,17.356327,0.010772,14.441016,0.004116,2.915311,,,1.55,726.541,104.353,358.82,1.0,0.3585533519377532,0.0108499123836829,0.2314019298047637,0.020745757326807,0.6453765626626644,0.0610665724171934,0.5006654130457917
0.0942,0.2943,-0.0617,16,56.15747412516,0.1293,24.4272866411,0.0956,65298208867376384,7.2361,0.1466,20.053,0.171,-43.732,0.125,1.087,17.7707,0.003153,19.76046,0.074025,16.4412,0.012174,3.31926,,,1.548,708.707,14.678,91.624,1.0,0.1813611492027623,0.0023436762693269,0.0,0.0,0.0,,0.5026622608150819
0.2147,0.0124,-0.0319,16,56.08213439454,0.3464,23.89588276929,0.2647,65242271214003456,7.8766,0.3875,20.579,0.441,-45.062,0.324,2.393,18.296852,0.009505,20.426233,0.127902,16.692944,0.012501,3.73329,,,1.946,119.351,8.491,89.1,1.0,0.1519273948069468,0.0043734928490813,0.0,0.0072237336023474,0.0,,0.5031516446568729
0.2779,-0.044,-0.1495,16,56.90992716924,0.0889,24.59977311594,0.0666,66791483097102464,7.1368,0.0986,19.553,0.119,-43.379,0.089,0.962,17.592712,0.003068,19.536972,0.039915,16.274693,0.005521,3.26228,,,1.538,804.817,27.268,227.894,1.0,0.1939509538245979,0.0018452721628236,0.0,0.0,0.0,,0.5091372241379615
0.2568,0.0859,-0.1079,16,57.07214182983,0.0175,24.50422072393,0.0138,66739982146803456,7.4885,0.0196,19.948,0.022,-46.22,0.018,1.211,13.717735,0.003134,14.627194,0.006466,12.773757,0.004559,1.853437,0.03,4.41,1.318,727.138,186.136,301.086,1.0,0.5998071614819228,0.0005401242039262,0.0,0.0,0.0,,0.5117220364528621
0.0045,0.1059,-0.0304,14,56.31946543928,0.0361,24.57548111549,0.0233,66802207632871808,7.7188,0.0378,20.823,0.051,-47.731,0.031,1.098,15.082205,0.003083,16.466335,0.012122,13.920368,0.004951,2.545967,,,1.43,784.406,92.04,265.447,1.0,0.467826819382034,0.006836318887117,0.1666840507458334,0.0872094412912629,0.3562943461984741,0.1864866355011682,0.5135672404762683
-0.1092,0.0702,0.1164,15,57.25630704318,0.0618,24.19380165663,0.0393,66532621126978304,7.3074,0.0647,17.891,0.083,-46.604,0.05,1.053,16.443531,0.002916,18.124313,0.016223,15.184818,0.004384,2.939495,,,1.496,1135.587,67.938,321.071,1.0,0.3074455300562365,0.0008947915479235,0.0,0.0,0.0,,0.5148179795654751
0.3312,0.0776,0.0397,15,56.75985492349,0.1129,23.5431602599,0.0882,65003612767943040,7.625,0.1197,20.174,0.148,-47.1,0.113,0.942,17.898127,0.003164,20.17663,0.085288,16.506802,0.008806,3.669828,,,1.605,697.758,12.737,130.0,1.0,0.170677881730957,0.001038859040143,0.0,0.0,0.0,,0.5171977149714143
0.0111,0.2087,0.1004,13,56.4174964453,0.047,24.62703265921,0.0272,66802654309459712,7.8051,0.049,17.796,0.063,-43.098,0.035,2.17,9.593008,0.002815,9.87635,0.003294,9.140193,0.003032,0.736157,6.68,2.01,1.197,1883.094,620.431,914.651,1.0,1.2680579778562815,0.0063817951915608,0.4499250171294149,0.3004425536114497,0.3548142316726217,0.2369379725776706,0.5177035830563664
0.1754,0.112,0.0552,15,56.70879817516,0.0447,23.53208141913,0.0344,64980832261312640,7.4861,0.0482,20.879,0.057,-45.022,0.041,0.972,16.288599,0.003389,17.955683,0.018087,15.026005,0.008192,2.929678,,,1.503,550.189,60.755,140.964,1.0,0.3281628667975124,0.0008025869286451,0.0,0.0,0.0,,0.5178866033642927
0.2417,0.1905,-0.192,15,57.04676066619,0.0617,23.66195219778,0.0475,65000417312240896,7.3446,0.0771,19.688,0.081,-45.046,0.059,1.062,15.711198,0.003391,16.785028,0.022883,14.390324,0.004186,2.394705,,,1.691,549.315,47.804,347.941,1.0,0.4275354048433556,0.0014343895072883,0.0,0.0,0.0,,0.5198355076320105
0.1507,0.2361,-0.0842,15,56.04138926526,0.032,24.26762455351,0.024,65289588870240384,7.3541,0.0379,21.472,0.041,-43.344,0.029,1.107,15.17523,0.002908,16.548038,0.007889,14.01894,0.003732,2.529099,,,1.426,1165.743,147.131,438.078,1.0,0.4686904104067265,0.000947485927471,0.0,0.0252886290217001,0.0,,0.5228875425279998
-0.0221,0.1689,-0.1469,16,56.11209096785,0.0266,24.40864542139,0.0194,65292268929825408,7.2268,0.0295,20.2,0.036,-43.42,0.025,1.047,15.011795,0.003015,16.287046,0.005074,13.89221,0.004497,2.394836,,,1.405,886.723,256.211,307.854,1.0,0.4886292201537522,0.0006049679883958,0.0,0.0,0.0,,0.5239008352110814
0.4027,-0.0479,-0.3227,15,56.93522462566,0.0838,24.615331041,0.0701,66791624833561856,7.4136,0.104,20.03,0.115,-43.499,0.097,1.132,17.191496,0.003116,18.87722,0.03477,15.913277,0.004824,2.963943,,,1.52,746.454,31.327,275.894,1.0,0.2311391027932385,0.002283165718958,0.0,0.0,0.0,,0.5283455283170583
-0.4341,0.0357,-0.1475,13,56.30003774761,0.0206,24.58598863493,0.013,66802276352348416,7.5651,0.0205,20.809,0.033,-44.702,0.018,1.084,13.399992,0.003603,14.216869,0.009545,12.512312,0.006556,1.704557,10.51,16.82,1.295,467.775,118.95,183.016,1.0,0.6362412701005311,0.0006088001605837,0.0,0.0,0.0,,0.5308083470316856
-0.0994,0.3303,-0.1664,14,56.54130256139,0.037,24.67339403987,0.0234,66801623514684416,7.4247,0.04,20.497,0.05,-47.161,0.03,1.622,14.265003,0.003252,15.452682,0.010344,13.068843,0.010254,2.38384,,,1.51,628.751,109.001,110.037,1.0,0.5204727074795007,0.0081172968332541,0.4380437185535041,0.0235817590214145,0.8416266833179854,0.0471713769379981,0.5311425101617903
0.3164,0.1184,-0.014,16,56.8747666393,0.1606,23.55402339756,0.1224,64993579724240896,7.106,0.1836,18.651,0.185,-45.245,0.152,0.996,18.288031,0.003379,20.360893,0.068378,16.923494,0.009355,3.437399,,,1.587,554.92,15.892,121.589,1.0,0.1466319927615857,0.0074038581411786,0.0,0.0180213845335011,0.0,,0.5313681542317086
-0.956,0.4617,-0.4328,9,56.54154704208,0.568,24.6737049354,0.2941,66801623517294848,7.5959,0.1215,16.744,0.578,-43.543,0.319,0.754,16.357914,0.00462,,,,,,,,,292.814,,,1.0,2.130171016914796,1.49876799109203,0.8812907498600012,1.1868713227726395,0.4137183084653957,0.6286277428740963,0.5317835293790706
0.0247,0.3093,-0.2007,14,56.53633699234,0.0785,24.67572155693,0.0507,66801623517295104,7.4229,0.0858,20.873,0.103,-45.692,0.066,0.993,16.6805,0.003154,18.398893,0.039516,15.403146,0.005794,2.995748,,,1.514,707.336,27.545,213.8,1.0,0.2791849011948302,0.00106145179852,0.0,0.0,0.0,,0.5320307436517504
-0.0005,0.1008,-0.0689,15,57.23905340917,0.0387,24.32864061635,0.0238,66722355601033600,7.4546,0.0397,19.009,0.052,-45.446,0.031,1.642,14.699243,0.002845,16.110651,0.006063,13.530191,0.00319,2.58046,,,1.433,1535.263,201.685,702.124,1.0,0.4580007861229386,0.0110005644365681,0.4088851503217617,0.0193211665836288,0.8927608045895514,0.047322798130589,0.5338447396999224
0.4291,-0.1299,-0.1607,15,56.05066499277,0.0566,23.87688792464,0.0434,65241863193865856,7.4747,0.0635,19.993,0.075,-45.111,0.058,1.059,16.522881,0.002907,18.249743,0.025748,15.257679,0.003337,2.992064,,,1.498,1171.919,42.418,592.889,1.0,0.2964074780431919,0.0007961194078478,0.0,0.0,0.0,,0.5345327370708284
0.4579,-0.082,-0.3484,15,56.99745157519,0.1095,24.59348165094,0.0979,66767843597097856,7.4048,0.1372,19.79,0.145,-45.685,0.14,1.021,17.77927,0.003326,19.776958,0.06987,16.462059,0.007027,3.314899,,,1.531,582.725,15.552,168.347,1.0,0.1805024982021768,0.0023321166390944,0.0,0.0,0.0,,0.5387638549443845
0.0721,-0.0729,0.0795,13,56.27833987282,0.0866,23.61413935963,0.0594,65169943964429952,7.2844,0.0866,19.069,0.12,-44.981,0.078,1.018,16.988838,0.00319,19.105682,0.039973,15.657268,0.004767,3.448415,,,1.538,675.627,27.228,280.91,1.0,0.214325179537816,0.0087863842647296,0.1333717897629119,0.0199710037265071,0.6222870782169554,0.0966099579018426,0.5393379478584114
0.0737,0.084,-0.057,15,56.5748329283,0.0374,24.68579851335,0.0261,66807464672814336,7.4256,0.0401,20.783,0.048,-44.528,0.036,1.11,15.306499,0.002846,16.692606,0.009183,14.148092,0.003192,2.544514,,,1.426,1519.424,124.104,700.494,1.0,0.4547728392458752,0.000517846676959,0.0,0.0076494205199359,0.0,,0.5398790189867143
0.1808,-0.1467,-0.41,13,57.29683077455,0.1126,24.13649842048,0.0752,66529975427235712,7.2841,0.1255,19.496,0.149,-47.65,0.098,1.303,5.203287,0.002911,5.185276,0.003136,5.218389,0.004135,-0.033113,,,1.152,1157.495,758.435,355.703,1.0,3.8145451657249314,0.1615022756059477,2.7856123271567226,0.5036174184134765,0.7302606748994499,0.1355974882346955,0.5416787951538632
0.1577,0.1594,-0.0788,17,57.23194867597,0.1686,24.36101370581,0.1122,66722660540945408,7.3486,0.1803,19.272,0.226,-44.913,0.145,1.041,18.549948,0.00329,20.89604,0.092014,17.172089,0.010244,3.723951,,,1.581,603.918,11.805,110.157,1.0,0.129149271406163,0.0091338593062883,0.0,0.0143152369037928,0.0,,0.542893778940885
0.2875,-0.1951,-0.1228,13,56.40309754228,0.05,24.65167632282,0.0351,66804406656115328,7.2592,0.057,21.418,0.07,-46.243,0.047,1.291,15.301958,0.003007,16.966087,0.007573,14.059534,0.003265,2.906553,,,1.478,902.114,154.22,639.978,1.0,0.3703037842154046,0.009199888049333,0.3387393919834411,0.012034393504556,0.914760816450089,0.0396567545981126,0.5437231884487117
0.1484,0.0891,-0.0278,15,56.51242069316,0.177,24.68198826539,0.13,66801795315987584,6.9669,0.1898,18.971,0.226,-44.088,0.168,1.253,17.648338,0.003774,19.887398,0.109123,16.25305,0.006567,3.634348,,,1.614,420.899,9.953,182.624,1.0,0.1871418168733337,0.0047705002396208,0.0,0.0145715706359621,0.0,,0.5452321160424441
0.1177,0.1827,-0.1627,15,56.02026285603,0.0174,24.27531918116,0.0128,65289623229979136,7.3216,0.0202,20.134,0.021,-45.356,0.015,0.913,11.209136,0.003121,11.650412,0.005519,10.597657,0.00437,1.052754,5.69,0.61,1.222,740.577,228.01,322.766,1.0,0.9378790269179728,0.0008970914709878,0.0,0.0774268254973254,0.0,,0.5456169522918741
0.1991,0.2004,-0.1669,15,57.05745057369,0.0477,23.63299008833,0.037,64999558318784768,7.4932,0.0584,20.122,0.06,-45.978,0.049,1.08,15.923727,0.002946,17.508135,0.009408,14.711693,0.003248,2.796442,,,1.454,1042.095,120.839,653.361,1.0,0.3747314314264791,0.0009873595547873,0.0,0.007590662890591,0.0,,0.5457632397450102
0.4757,-0.1772,-0.3915,14,56.94138328334,0.0676,24.63352445535,0.0542,66791659193405952,7.6129,0.0859,18.29,0.095,-45.163,0.079,1.136,16.691021,0.00289,18.59326,0.022742,15.390779,0.004002,3.202481,,,1.52,1243.011,48.105,378.521,1.0,0.2594577845628509,0.0071185628033677,0.1017102484185843,0.0498830053810431,0.3920107796725063,0.1925592597348609,0.5481796206837442
0.2152,0.256,-0.1454,15,57.07052147815,0.0172,23.63658449526,0.0133,64999588381514496,7.2272,0.0208,18.292,0.022,-44.757,0.017,0.941,9.99203,0.002779,10.279016,0.003006,9.538562,0.00291,0.740455,5.94,0.34,1.196,2988.223,971.494,1313.922,1.0,1.1795508651378848,0.0007582913506649,0.0,0.029041851976396,0.0,,0.5502150484408871
0.0177,0.1376,-0.0801,15,56.35297311857,0.2035,24.64608583133,0.1277,66803616382830592,7.3476,0.2047,18.794,0.279,-45.503,0.173,0.964,18.092802,0.003499,19.897985,0.113412,16.698038,0.008583,3.199947,,,1.658,503.266,9.576,133.772,1.0,0.1658122354240043,0.0044996603651761,0.0,0.0104790580283121,0.0,,0.5526616709403505
0.0489,-0.1827,-0.0755,13,56.31845658251,0.1234,23.56697449592,0.0871,65168844452782208,7.1331,0.1325,19.654,0.167,-44.797,0.105,0.911,17.820105,0.003327,19.858549,0.076545,16.485216,0.009461,3.373333,,,1.55,582.136,14.194,120.1,1.0,0.1771642522782887,0.0024335393439906,0.0,0.0,0.0,,0.5548117981518064
0.0484,0.1804,0.0078,16,57.29764575258,0.0698,24.24000605914,0.0434,66533170882790784,7.235,0.074,19.355,0.088,-45.804,0.054,1.014,16.850975,0.00295,18.581367,0.019988,15.576973,0.004429,3.004395,,,1.508,1031.508,54.856,315.712,1.0,0.2606182531960593,0.0015131911894582,0.0,0.0,0.0,,0.5548451290170743
0.1153,0.1453,-0.1415,16,56.86851689687,0.058,24.67569649233,0.0453,66792999222948992,7.4214,0.0671,19.224,0.072,-47.196,0.057,1.055,16.739185,0.002957,18.45224,0.032165,15.48984,0.004331,2.9624,,,1.48,1011.897,33.883,327.787,1.0,0.2722591885928912,0.0013604968851563,0.0,0.0,0.0,,0.5562794923032873
0.0042,0.0824,0.1501,14,56.75601002051,0.0171,23.49474145128,0.0133,64979732749686016,7.4241,0.0187,19.072,0.023,-45.023,0.016,0.91,11.273634,0.002832,11.696708,0.003523,10.691306,0.003151,1.005402,4.86,1.18,1.211,1660.673,504.738,741.936,1.0,0.9265673988289193,0.0008489301476705,0.0,0.0,0.0,,0.558095052894979
0.2053,0.0971,-0.136,16,55.98874523519,0.0503,24.22217609901,0.0381,65289004754691200,7.5629,0.0573,20.997,0.061,-44.783,0.046,1.045,16.33304,0.002958,18.051172,0.015472,15.071658,0.003643,2.979514,,,1.494,1008.612,71.343,463.389,1.0,0.319360513235734,0.0031947761887224,0.0,0.0285394658337367,0.0,,0.5581266836867808
-0.1379,0.1889,-0.12,15,56.16515315808,0.0396,24.52875146115,0.03,65299965511216384,7.4776,0.0414,19.995,0.056,-46.246,0.042,1.134,15.661935,0.002916,17.200996,0.011967,14.453829,0.004906,2.747168,,,1.456,1135.908,93.301,269.083,1.0,0.4019408050768349,0.0070340903383017,0.0,0.079408563715863,0.0,,0.5585004837928104
0.2091,0.214,0.0977,15,56.59367990043,0.082,23.48542789778,0.0567,64981863053470592,7.2031,0.0873,19.859,0.102,-44.83,0.07,0.914,17.219704,0.003264,19.208763,0.023313,15.883824,0.00646,3.324939,,,1.557,620.727,46.908,186.358,1.0,0.2215526109219229,0.0008450551235898,0.0,0.0,0.0,,0.559591952633291
0.003,0.1701,0.1703,14,56.57506229159,0.0184,23.48645761045,0.0128,64981931772948480,7.2141,0.0197,19.819,0.024,-43.241,0.016,1.311,10.363573,0.002802,10.842356,0.003003,9.716273,0.002866,1.126082,5.16,1.21,1.231,2126.924,978.022,1662.112,1.0,0.9859938892833484,0.0206432756376214,0.9123541651019522,0.0308680226372604,0.9253142184938694,0.0368158221382881,0.5598726624764964
-0.0743,-0.0845,-0.0703,14,56.23629783448,0.063,23.60638236898,0.0405,65170016980919808,7.5501,0.0643,21.219,0.087,-46.279,0.055,1.154,16.171886,0.003002,17.804462,0.017749,14.9347,0.004469,2.869762,,,1.477,911.598,61.94,310.982,1.0,0.3429850888098956,0.0007058735359963,0.0,0.0,0.0,,0.5600458113506167
0.2487,-0.0614,-0.1178,15,55.98757249613,0.0511,23.95144798031,0.0372,65245539685760640,7.4532,0.0564,20.851,0.063,-45.582,0.047,0.96,16.285315,0.003037,17.977835,0.017996,15.022346,0.007289,2.955488,,,1.5,850.084,61.072,161.243,1.0,0.3270284615406439,0.0021649854940639,0.0,0.0174503448354338,0.0,,0.5603349602668714
0.2007,0.2563,-0.1202,15,57.32009187664,0.1353,24.01607812906,0.0752,66525061984664832,7.6435,0.1334,21.349,0.173,-45.863,0.097,1.206,16.868259,0.003517,18.254799,0.03555,15.152763,0.015147,3.102036,,,2.246,496.607,30.635,72.928,1.0,0.2863798251120209,0.0017807084421435,0.0,0.0,0.0,,0.5683468001904051
0.132,0.3995,-0.1946,12,57.32023694404,0.1794,24.01643790101,0.0954,66525096340629504,7.3127,0.1991,17.882,0.227,-45.197,0.121,0.973,17.689888,0.003815,,,,,,,,,411.494,,,1.0,2.130171016914796,1.49876799109203,0.8812907498600012,1.1868713227726395,0.4137183084653957,0.6286277428740963,0.568423271754839
0.1998,0.1378,-0.1132,16,56.89041244831,0.012,24.68399679169,0.0088,66816295125702144,7.439,0.0134,19.582,0.015,-46.271,0.011,0.99,12.540388,0.003197,13.175776,0.006628,11.774289,0.004976,1.401487,7.27,2.16,1.256,669.819,180.581,263.512,1.0,0.7424402778134142,0.0005744290840647,0.0,0.0,0.0,,0.5689569033064034
0.0639,0.1563,-0.2278,16,56.0740421307,0.0361,24.44618790221,0.0275,65293368441513344,7.2607,0.0414,20.169,0.048,-44.666,0.035,1.154,15.395012,0.003183,16.845022,0.008559,14.221549,0.004495,2.623473,,,1.431,681.075,134.189,308.104,1.0,0.4421430002489459,0.0023804689320616,0.0,0.0430129405021312,0.0,,0.5725895680164762
0.2287,0.1564,-0.1583,17,57.08979895347,0.0772,24.57858677808,0.0566,66763965244167808,7.3519,0.0892,18.458,0.099,-45.794,0.075,1.016,16.977882,0.003191,18.668314,0.049897,15.698369,0.006265,2.969945,,,1.521,674.751,21.794,193.575,1.0,0.2493826852397103,0.0017738266716406,0.0,0.0,0.0,,0.5729607425094565
0.2469,-0.0451,-0.0509,15,55.99511103369,0.0504,23.88252732507,0.0373,65242069352190976,7.3663,0.0568,19.882,0.062,-44.694,0.046,3.06,9.539745,0.002763,9.822223,0.002811,9.087022,0.002803,0.735201,7.14,0.34,1.198,5154.362,3147.978,4120.966,1.0,1.2756872989576096,0.0088770180115846,0.6040948405636944,0.2458803881332265,0.4735446069403629,0.1927716293975608,0.5747599518603469
0.0205,0.1231,-0.1876,16,57.30087509594,0.03,23.88658760156,0.0176,66506331628024832,7.4533,0.0325,19.621,0.041,-45.173,0.024,1.093,8.101668,0.002782,8.198534,0.002921,7.902198,0.002875,0.296336,,,1.169,2809.218,1257.772,1568.612,1.0,1.762627639746449,0.0114058579260172,0.6919690030763086,0.3173741198838602,0.3925780961745539,0.180075302361595,0.5764804884040177
0.2407,0.225,-0.1795,14,57.08270162428,0.0299,23.60313797003,0.0237,64998905483757568,7.3784,0.038,20.808,0.037,-44.449,0.028,0.974,15.042486,0.002994,16.345612,0.007578,13.913245,0.004095,2.432366,,,1.409,925.84,154.112,362.159,1.0,0.4845939050464304,0.0005021337033299,0.0,0.0,0.0,,0.5800831513479978
0.169,0.1238,-0.1227,16,55.96571153529,0.0536,24.2376230544,0.0407,65289279632598016,7.3114,0.0612,18.74,0.068,-45.78,0.05,1.067,16.479933,0.003869,18.315138,0.025439,15.197699,0.007467,3.117439,,,1.505,399.82,42.94,156.755,1.0,0.2811230427211773,0.0073839527606195,0.1267990703575535,0.0372577076203094,0.4510447422956896,0.1330601314193448,0.5803096331390655
0.0463,0.0722,-0.0969,17,57.29606416461,0.0406,24.34739901611,0.0269,66745170467302656,7.3864,0.0429,20.412,0.055,-45.023,0.035,1.04,16.013287,0.002954,17.626804,0.009309,14.782482,0.004071,2.844322,,,1.472,1019.719,122.247,366.298,1.0,0.3628042781504131,0.0017740359201156,0.0,0.0213163711082001,0.0,,0.5819808029817202
0.1294,0.1716,-0.076,16,55.96136666026,0.0208,24.24729269932,0.0166,65289279632597760,7.5168,0.0248,21.608,0.026,-44.803,0.019,1.505,11.1088,0.002862,11.523164,0.003726,10.524111,0.003311,0.999053,5.46,0.75,1.216,1399.552,439.608,609.333,1.0,0.9558093347715356,0.0008165948352257,0.0,0.0,0.0,,0.588897719970385
0.0563,-0.0724,-0.1025,15,56.65748307122,0.0139,24.7474777285,0.0102,66808869124393600,7.6713,0.0154,20.423,0.018,-47.627,0.013,0.81,11.587448,0.002866,12.058105,0.003381,10.955926,0.003236,1.102179,6.56,0.66,1.223,1377.938,568.451,662.186,1.0,0.8746733834949834,0.000732135046208,0.0,0.0,0.0,,0.5921299268465685
0.2289,-0.0145,-0.099,16,56.68666506758,0.0906,24.74939162434,0.0721,66808839062339712,7.4312,0.0985,20.168,0.113,-44.184,0.094,1.03,17.464863,0.003138,19.405117,0.043365,16.141865,0.006452,3.263252,,,1.545,723.462,25.089,186.624,1.0,0.2022792817074959,0.0018150516168827,0.0,0.0,0.0,,0.5926354429211947
0.0547,0.389,-0.1505,15,55.96994147372,0.2283,24.31333603071,0.1692,65290718444385536,6.9119,0.2801,18.99,0.317,-45.305,0.193,0.984,18.899288,0.003667,21.103075,0.1347,17.503136,0.01517,3.599939,,,1.618,448.652,8.062,72.812,1.0,0.1140409396102845,0.0107397069528757,0.0,0.0,0.0,,0.5929392949901853
-0.1315,0.0342,0.1207,14,56.46988426929,0.0568,23.46487435939,0.0375,64982344089813248,7.2676,0.0586,20.004,0.078,-46.246,0.05,1.072,16.27454,0.004159,17.967371,0.016223,15.030655,0.007674,2.936716,,,1.476,348.546,67.939,151.875,1.0,0.3279041285499452,0.0015437282867652,0.0,0.0074194936189319,0.0,,0.5953782842266342
0.0691,0.2108,-0.051,16,57.27555029668,0.0334,23.78103738009,0.0234,66503449709270400,7.2707,0.0361,20.359,0.045,-45.96,0.031,1.93,10.430534,0.003114,10.861636,0.005493,9.829401,0.004517,1.032235,6.09,6.21,1.22,748.164,229.465,305.689,1.0,0.990128725830152,0.0256656169668797,0.8770513411846744,0.0426755791963141,0.8857952691447566,0.0488355773702309,0.5961890049561289
0.153,-0.0364,-0.0363,15,56.21366072046,0.2482,23.57224054851,0.1692,65169566007289216,6.8145,0.2672,20.145,0.342,-45.574,0.224,0.995,18.893921,0.003672,21.073959,0.170177,17.47245,0.013996,3.601509,,,1.656,447.427,6.381,79.162,1.0,0.1131571759178515,0.0117607126743086,0.0,0.0,0.0,,0.59779509420628
0.1298,-0.0443,-0.1073,14,56.30591985851,0.0518,23.516716713,0.0387,65165653294149760,7.2272,0.0568,20.675,0.067,-44.856,0.047,1.058,16.157358,0.003361,18.058023,0.023003,14.853676,0.007087,3.204348,,,1.525,564.07,47.552,166.656,1.0,0.2650573911062165,0.0085120174879342,0.2352864085475432,0.0095704938854959,0.8876809945407514,0.046004077578925,0.6000600364359099
0.0714,-0.0463,-0.0617,16,56.61937054723,0.0274,24.75879046515,0.0207,66808220587759104,7.3445,0.0304,20.487,0.036,-46.517,0.027,1.097,13.70242,0.002931,14.605712,0.004781,12.758081,0.003626,1.847631,,,1.32,1086.982,279.656,468.842,1.0,0.6013670102546319,0.0005090895128604,0.0,0.0,0.0,,0.6002661550022338
0.2979,0.046,-0.1795,16,55.93142519816,0.105,24.21375792965,0.0856,65265674492422784,7.4715,0.1256,20.931,0.138,-45.142,0.104,0.956,17.757893,0.003079,19.69635,0.055264,16.428789,0.007179,3.267561,,,1.553,789.599,19.672,164.135,1.0,0.1835830449938467,0.0024049910166689,0.0,0.0,0.0,,0.6030835495550744
0.1941,0.0731,-0.1677,14,57.35836849832,0.0302,24.24749646236,0.0182,66555985749157760,7.4909,0.0323,21.249,0.042,-46.075,0.025,1.012,7.955738,0.00278,8.027872,0.002884,7.794085,0.00287,0.233787,,,1.167,2922.827,1488.385,1615.433,1.0,1.847409382234008,0.0082523336104091,0.3339864739644412,0.3871102072061191,0.1807863904862077,0.2095437458544397,0.6063715824932732
0.3635,-0.0464,-0.1062,16,56.90022381409,0.0919,23.47393838707,0.0713,64990792288875264,7.5975,0.1026,19.302,0.11,-46.087,0.091,0.967,17.404692,0.003114,19.282608,0.030383,16.104057,0.005566,3.178551,,,1.523,747.896,35.887,225.455,1.0,0.2080356621745208,0.0020995823690457,0.0,0.0,0.0,,0.6099161303235809
0.065,0.2952,-0.0441,16,56.81861392883,0.0923,24.74712712405,0.0668,66797156751286912,7.3748,0.1029,21.144,0.118,-46.171,0.082,1.511,16.827679,0.003556,18.772224,0.056571,15.437075,0.003986,3.33515,,,1.636,482.935,19.216,381.367,1.0,0.2391099491924534,0.007161373963832,0.1328482499318472,0.0231744408331147,0.5555948231368706,0.0983376997144944,0.6099342384202631
-0.03,0.1227,-0.0954,15,56.27740714248,0.1086,24.67840904027,0.072,69806039039416832,7.576,0.1123,20.244,0.153,-44.807,0.093,1.048,17.622309,0.003415,19.673035,0.08233,16.268385,0.010321,3.40465,,,1.575,538.237,13.195,109.269,1.0,0.1902463663594232,0.0013648215034788,0.0,0.0,0.0,,0.6104377289056614
0.2731,-0.0417,-0.1192,16,56.90846714444,0.0147,23.46784903103,0.0113,64990586130069504,7.3155,0.0162,21.222,0.018,-44.867,0.014,1.112,13.113663,0.003098,13.854302,0.006509,12.268779,0.00494,1.585524,8.37,3.54,1.283,767.116,184.627,266.342,1.0,0.6800071648145315,0.0006126367534245,0.0,0.0,0.0,,0.6139964035180243
0.2351,0.0333,-0.2438,15,57.27448410526,0.0828,23.73959197267,0.0615,66500013736315264,7.6921,0.0929,21.177,0.122,-45.502,0.086,1.508,14.787384,0.003055,15.642261,0.006663,13.19901,0.003608,2.443251,,,2.148,823.331,179.43,474.681,1.0,0.522996087872947,0.0045584457984521,0.2296596441564926,0.0921854830575823,0.4391230632155025,0.1763057417214923,0.6173883439031558
0.3129,0.1194,0.084,16,56.78974161914,0.073,23.43215484093,0.0589,64967603762044928,7.3553,0.0811,20.743,0.09,-43.896,0.072,1.002,17.04237,0.003052,18.834669,0.028069,15.771289,0.004525,3.06338,,,1.496,827.231,38.873,304.739,1.0,0.239937545846479,0.001549681225289,0.0,0.0,0.0,,0.618509962276346
0.2783,0.0492,-0.1135,15,56.8672334216,0.0412,23.44802253199,0.0297,64990349908937984,7.2465,0.047,20.033,0.05,-44.36,0.037,1.06,15.722567,0.002897,17.261951,0.006328,14.517586,0.003177,2.744366,,,1.453,1211.843,191.15,714.803,1.0,0.4003788619825863,0.0025243767283584,0.0,0.0409925847516788,0.0,,0.6194019525691495
0.3251,-0.0008,-0.0533,16,56.81416804545,0.0638,23.43481220068,0.0491,64967569402404480,7.121,0.0707,20.608,0.083,-46.192,0.063,1.097,16.54838,0.003016,18.295916,0.017066,15.277871,0.005847,3.018044,,,1.502,884.593,64.486,211.306,1.0,0.2929957930362599,0.0008452765516613,0.0,0.0,0.0,,0.6196168746648338
-0.0066,0.1878,-0.1162,16,57.32010689707,0.0253,24.39593347467,0.0152,66746441777612416,7.0503,0.0262,19.736,0.031,-44.081,0.019,0.88,7.525846,0.002779,7.561352,0.002881,7.428444,0.002844,0.132908,,,1.162,2988.477,1513.72,1976.376,1.0,2.112943953177618,0.0096435178499667,0.3024948283139276,0.4032459093942486,0.1431627317227279,0.1908466488885248,0.6215596898547686
0.1713,-0.0762,-0.1447,14,56.34254222359,0.0131,23.47151034942,0.0093,65164171528305792,7.3217,0.0144,20.224,0.018,-44.65,0.012,0.944,12.190561,0.003175,12.771814,0.005816,11.464812,0.005004,1.307002,6.39,1.57,1.246,688.495,212.741,261.358,1.0,0.7869909859807598,0.0007722954753944,0.0,0.0405321598224569,0.0,,0.6238172487987879
0.4545,-0.0808,-0.3349,15,57.38806152316,0.1367,24.21779891824,0.1027,66532174450470656,7.4306,0.1488,20.982,0.179,-47.477,0.14,1.002,17.994638,0.003125,20.140959,0.088393,16.658693,0.007975,3.482265,,,1.541,736.653,12.289,145.335,1.0,0.1633688811685741,0.0033103097939724,0.0,0.010160346271975,0.0,,0.624644807574319
-0.0822,0.0993,0.1112,14,56.64730542253,0.0187,23.4115310618,0.0122,64977705525131904,7.2696,0.019,20.297,0.025,-44.831,0.016,1.008,14.081177,0.003,15.108032,0.005621,13.074501,0.003855,2.033531,,,1.346,914.675,222.48,408.147,1.0,0.5679335017177836,0.0005063518816714,0.0,0.0,0.0,,0.625145998843584
-0.0143,0.292,-0.0567,16,55.98213353783,0.0169,24.42620429717,0.0117,68295481861500928,7.6459,0.0194,21.386,0.022,-47.736,0.013,1.086,13.767338,0.003423,14.708723,0.009146,12.79974,0.006482,1.908983,,,1.331,534.431,124.654,185.564,1.0,0.5949474572213562,0.0005127602272519,0.0,0.0,0.0,,0.6263176528374447
0.1017,-0.0177,-0.0441,16,56.58539983665,0.0146,24.78528298284,0.0107,66811450402457216,7.4984,0.0161,18.584,0.019,-45.181,0.014,1.084,13.337562,0.002883,14.147645,0.004345,12.452991,0.003479,1.694654,3.41,2.96,1.295,1277.29,326.033,522.348,1.0,0.6469768732858923,0.0005911607871771,0.0,0.0,0.0,,0.6267584605340579
0.1793,0.1191,-0.0123,16,55.90298289326,0.0694,24.23211488844,0.058,65266494828710400,7.3614,0.082,20.333,0.088,-46.51,0.066,4.686,14.178851,0.003793,15.150766,0.016275,13.054563,0.016088,2.096204,,,1.482,416.603,67.712,68.525,1.0,0.5644822994754084,0.0006836425601348,0.0,0.0240938164369578,0.0,,0.6267761131150711
0.0782,0.2103,0.1402,16,55.90242144676,0.0987,24.232125457,0.0745,65266499126062080,7.7459,0.1139,19.571,0.12,-42.105,0.086,2.935,14.437428,0.003695,,,,,,,,,441.014,,,1.0,2.130171016914796,1.49876799109203,0.8812907498600012,1.1868713227726395,0.4137183084653957,0.6286277428740963,0.6286364067731895
0.0144,0.0487,-0.0154,15,56.13224000851,0.0456,23.59042529758,0.0315,65181527493208192,7.301,0.0479,20.501,0.06,-45.036,0.04,1.082,16.055323,0.003077,17.659685,0.014963,14.835887,0.0053,2.823798,,,1.46,793.082,73.857,240.936,1.0,0.35800969457032,0.000677477064385,0.0,0.0,0.0,,0.629241479663827
-0.0119,0.169,-0.0786,17,57.34071662083,0.0343,24.38075238779,0.0218,66745617143891968,7.23,0.0361,18.567,0.045,-45.348,0.028,0.983,6.604883,0.002777,6.582264,0.002858,6.61482,0.002895,-0.032555,,,1.158,3153.529,1748.43,1405.526,1.0,2.848584149650616,0.0012785418175867,0.0,0.0,0.0,,0.6296708534723983
-0.2658,0.3144,-0.0976,15,56.10957903583,0.0187,24.58950062402,0.0125,68303487680516224,7.5022,0.0195,19.656,0.028,-46.048,0.017,0.985,11.282754,0.004675,11.738189,0.013252,10.658539,0.01004,1.07965,,,1.225,287.513,83.811,112.578,1.0,0.9247072401455538,0.0012370674764344,0.0,0.1240180895339086,0.0,,0.6335767176788365
0.1849,-0.0283,-0.1987,16,57.35031052451,0.1512,23.83904217177,0.0898,66502281478384000,7.3365,0.1585,18.988,0.216,-46.817,0.128,7.325,11.114523,0.00283,11.519879,0.003505,10.538406,0.003103,0.981473,5.33,0.75,1.215,1676.934,511.783,800.09,1.0,0.9549237608303716,0.0007891588776735,0.0,0.0,0.0,,0.6340107491094125
0.3287,0.0789,-0.0827,15,57.04583326092,0.017,23.50681118381,0.012,64989490915460608,7.3634,0.0192,19.707,0.02,-44.54,0.015,1.055,13.712051,0.003127,14.600283,0.006648,12.782841,0.004375,1.817442,13.1,16.8,1.311,734.469,179.929,322.193,1.0,0.6007616465151591,0.0005210729600721,0.0,0.0,0.0,,0.6348518245984982
0.222,0.1893,-0.1484,16,57.38564080574,0.0641,23.92829586717,0.0344,66511970924353792,7.5781,0.0645,18.378,0.087,-45.352,0.046,1.033,16.304827,0.003149,17.967447,0.010219,15.061431,0.005472,2.906016,,,1.48,712.56,110.441,230.627,1.0,0.3252595236135552,0.0006510018968891,0.0,0.0,0.0,,0.6369195109315667
0.3481,0.0702,-0.1991,17,57.16855137095,0.0501,24.60929160554,0.0349,66765751950550144,7.5332,0.0581,21.094,0.063,-46.541,0.046,1.053,16.251667,0.002945,17.963158,0.011812,15.001132,0.003702,2.962026,,,1.482,1043.517,94.595,446.154,1.0,0.3277775109460188,0.0047463896561037,0.0,0.04990049196231,0.0,,0.6379953343546813
0.0557,0.125,-0.2821,15,56.72891863144,0.0164,24.79613452,0.0114,66809491897360896,7.4394,0.0186,19.301,0.02,-46.342,0.015,1.077,10.408444,0.002971,10.741416,0.004714,9.907416,0.003768,0.834,5.7,0.7,1.201,977.866,285.709,428.632,1.0,1.0890465659038997,0.000834138698232,0.0,0.0,0.0,,0.6389590190747723
-0.0297,0.1568,0.2062,14,56.5172850878,0.0139,23.40531966532,0.0097,64981137202021376,7.3645,0.0147,19.014,0.018,-45.462,0.013,1.041,12.397641,0.004105,13.016661,0.010821,11.634639,0.008477,1.382022,2.49,7.53,1.26,356.742,103.852,135.638,1.0,0.7598575989476295,0.0012785790967437,0.0,0.1072289157185876,0.0,,0.6391379128395043
-0.051,0.4465,-0.0081,15,56.0148582894,0.017,24.50404176792,0.0106,68296890611072384,7.4234,0.0188,22.073,0.023,-45.872,0.013,1.05,10.529655,0.002854,10.896353,0.003874,9.992223,0.003468,0.90413,1.27,4.51,1.208,1459.079,404.042,527.163,1.0,1.064624902156748,0.0011598825825649,0.0,0.1505867499391291,0.0,,0.6407668676517588
0.1396,0.1994,-0.2394,16,57.40055541253,0.0616,23.93961675435,0.0323,66512074003566976,7.3381,0.0635,19.412,0.082,-44.573,0.043,1.087,16.154657,0.002968,17.787874,0.013888,14.917308,0.004017,2.870566,,,1.477,983.422,79.806,375.707,1.0,0.3452703808931532,0.0006936170754654,0.0,0.0,0.0,,0.6437518626486217
0.3963,0.1838,0.0031,16,57.0858136641,0.1351,23.51687667697,0.1034,64988803720689408,7.2642,0.1569,19.38,0.178,-44.936,0.135,1.038,17.783087,0.003388,19.745991,0.049011,16.419292,0.007357,3.326698,,,1.597,550.571,22.189,159.504,1.0,0.1819324198189088,0.0024239521254391,0.0,0.0,0.0,,0.6443054985485018
0.1328,0.1176,-0.0756,16,56.99900829163,0.2296,24.73108641902,0.1762,66816187748666624,7.7753,0.2601,20.433,0.298,-47.266,0.228,14.871,12.904102,0.003099,13.64193,0.005544,12.063589,0.004487,1.578341,2.05,5.34,1.28,765.442,226.632,308.928,1.0,0.7029694829830386,0.0012857682628377,0.0,0.0975875981178531,0.0,,0.6465668843753268
0.2777,0.1105,-0.1375,16,55.86979742846,0.0801,24.15158636443,0.0678,65263612908043392,7.6456,0.0969,20.971,0.1,-45.984,0.078,1.002,17.377176,0.003036,19.323338,0.053382,16.066093,0.004917,3.257244,,,1.529,850.874,20.367,268.147,1.0,0.2084503424729234,0.0016876622982745,0.0,0.0,0.0,,0.646616301951866
0.0125,0.2689,0.0309,16,56.07950023047,0.0528,24.58825783076,0.0393,68303728198686080,7.3434,0.0589,19.376,0.073,-45.979,0.05,1.028,16.397329,0.003007,18.074743,0.018054,15.148664,0.003897,2.926079,,,1.484,901.663,60.87,399.046,1.0,0.3131510472081743,0.0007718549100184,0.0,0.0,0.0,,0.6467596494244373
-0.0896,0.0562,0.0846,15,56.06865698054,0.0381,23.61763077489,0.0268,65181115176348544,7.5096,0.0396,22.541,0.055,-47.595,0.035,1.037,15.794596,0.00308,17.485998,0.013637,14.537514,0.005417,2.948484,,,1.493,789.275,81.338,233.865,1.0,0.3376014987344572,0.0145093986272435,0.2387105505008669,0.0225959474632372,0.7070778755298903,0.0735065263089783,0.6488151419913798
0.309,0.0233,-0.239,17,57.40235505705,0.0207,24.29585956567,0.0139,66556535504958848,7.5004,0.0225,18.183,0.026,-45.943,0.018,1.168,11.475932,0.002876,11.925756,0.003563,10.860993,0.003253,1.064763,6.89,1.17,1.221,1319.033,490.125,649.508,1.0,0.8920595753612568,0.0008225159893296,0.0,0.0,0.0,,0.6564055759490622
0.5095,-0.2206,-0.5712,14,57.18629978083,0.2061,24.62302939952,0.1729,66765855029900288,6.9981,0.3007,20.046,0.281,-45.133,0.249,1.061,18.507313,0.00363,20.512899,0.132512,17.145472,0.011356,3.367428,,,1.59,459.355,8.195,98.629,1.0,0.1280910668830361,0.0122710516344252,0.0,0.0159153236291417,0.0,,0.6566743288420076
0.2982,0.0973,-0.2607,16,57.40227687241,0.0501,24.30373739744,0.0335,66556535504957568,7.2251,0.0569,18.71,0.061,-45.757,0.044,1.029,16.240494,0.002913,17.818926,0.012388,15.01792,0.003565,2.801005,,,1.467,1147.402,89.952,489.334,1.0,0.3358948632118831,0.0011136314817326,0.0,0.0,0.0,,0.6581094542921311
0.4055,-0.0556,-0.4601,15,57.18905902933,0.0954,24.62379553564,0.0783,66765855029760768,7.2972,0.1288,18.353,0.125,-47.146,0.106,1.032,17.289736,0.002967,19.216705,0.038409,15.98992,0.005451,3.226786,,,1.517,985.55,28.343,231.84,1.0,0.2157097097295455,0.0014363583930078,0.0,0.0,0.0,,0.6586068149679125
0.2284,0.1396,0.1372,13,56.73054111545,0.1099,23.38021298877,0.0847,64966916567283456,7.3453,0.1192,18.858,0.138,-45.669,0.099,1.056,17.453899,0.003347,19.343552,0.037904,16.144558,0.005375,3.198994,,,1.533,571.372,28.722,236.313,1.0,0.2042812383569683,0.0019095913526329,0.0,0.0,0.0,,0.6594330006938149
0.1364,0.0953,-0.2943,17,57.25484893391,0.1339,23.63747709886,0.089,64997187496822912,7.4628,0.1528,19.648,0.173,-45.611,0.116,0.829,17.839243,0.003142,19.713297,0.072209,16.480227,0.007479,3.23307,,,1.601,719.259,15.047,156.474,1.0,0.1803691918293369,0.0028380483406622,0.0,0.0,0.0,,0.660183375461915
0.1624,0.1859,-0.094,17,57.36500889975,0.0605,24.40363692243,0.0364,66745754582838272,7.4546,0.0654,19.233,0.069,-44.36,0.046,1.027,16.672899,0.002891,18.446114,0.018322,15.39664,0.003923,3.049474,,,1.505,1241.47,59.957,393.777,1.0,0.2784415721797853,0.0007520993440329,0.0,0.0,0.0,,0.661757793638277
0.0825,0.2171,-0.1337,15,55.90390788824,0.0157,24.39378107218,0.0112,68294554148575232,7.4405,0.0187,19.551,0.019,-44.493,0.013,1.053,13.636955,0.002985,14.524401,0.005375,12.698147,0.004223,1.826254,,,1.32,946.046,236.304,342.51,1.0,0.6075279299728507,0.000616063842522,0.0,0.0,0.0,,0.6698657147630376
0.0516,0.1636,-0.0501,16,56.04008371333,0.0417,24.58937266934,0.0312,68303659479211776,7.2897,0.0462,20.894,0.056,-44.314,0.041,1.064,15.863776,0.002843,17.403299,0.010041,14.655067,0.003418,2.748232,,,1.457,1545.79,112.561,549.913,1.0,0.3839868138666309,0.000544719938699,0.0,0.0,0.0,,0.6712421586536215
-0.1374,0.1372,0.0194,14,56.08703423988,0.0412,23.56092855087,0.0274,65179946945247488,7.4282,0.0424,19.286,0.062,-46.304,0.037,1.042,15.793812,0.002965,17.310444,0.014515,14.586884,0.003857,2.72356,,,1.459,992.49,76.225,407.779,1.0,0.3934928274083635,0.0005895824185494,0.0,0.0,0.0,,0.6720557840856566
0.1552,0.0473,-0.2602,17,57.38809269499,0.0162,23.79519571324,0.0097,66501181966524800,7.2966,0.0168,19.924,0.022,-43.752,0.013,1.135,10.746968,0.002795,11.107175,0.003232,10.220457,0.003037,0.886718,6.98,0.32,1.204,2318.445,665.796,904.561,1.0,1.0214445483260424,0.0009246955541875,0.0,0.0,0.0,,0.6729754411860889
0.191,0.1838,-0.0569,16,55.83802446731,0.0825,24.18570143772,0.0634,65264506261240448,7.5885,0.0978,19.33,0.102,-45.376,0.074,1.016,17.445004,0.00299,19.276646,0.039376,16.153786,0.00458,3.12286,,,1.517,935.834,27.643,298.936,1.0,0.205895180063689,0.0023709484738146,0.0,0.0,0.0,,0.6768620741580528
0.0357,0.3434,0.0584,16,56.00122131402,0.0249,24.55679292621,0.0183,68306099020642432,7.4482,0.0278,20.535,0.032,-46.19,0.022,0.946,8.041619,0.002785,8.130938,0.003124,7.858599,0.002851,0.272338,,,1.166,2681.298,773.144,1847.519,1.0,1.7956767834800218,0.0107651698139331,0.5994739339944268,0.3566432010321718,0.3338428939492364,0.1986222194907317,0.6778236349825378
0.4457,-0.074,-0.4141,16,57.42804497401,0.051,24.31856840993,0.0392,66556672943906688,7.5255,0.0609,20.447,0.066,-47.84,0.055,1.177,16.043076,0.002856,17.807573,0.014173,14.758016,0.003568,3.049558,,,1.518,1441.883,78.138,488.17,1.0,0.3047332036982308,0.0135451083729101,0.2171714934474192,0.019027368687611,0.7126610779916138,0.0700151632488445,0.6784948427112173
-0.0881,0.0773,-0.0478,14,56.15126273682,0.0359,23.50290282738,0.0242,65167577439502592,7.2499,0.0368,19.262,0.055,-44.182,0.033,1.096,15.381319,0.003226,16.831255,0.01034,14.212311,0.00516,2.618944,,,1.426,646.989,109.054,250.164,1.0,0.4434057756115047,0.0026662131551162,0.0,0.0452901811931287,0.0,,0.6829388330961125
0.3571,-0.0656,-0.2292,15,57.46854339144,0.1782,24.061788326,0.1134,66515196441155712,7.3088,0.195,19.947,0.244,-44.744,0.161,0.956,18.430693,0.003239,20.561298,0.104197,17.021553,0.009855,3.539745,,,1.643,637.696,10.424,114.872,1.0,0.1376801951350952,0.0084790050475109,0.0,0.0148606254133861,0.0,,0.6867798049758066
0.3489,0.128,-0.0523,16,57.09464904982,0.0666,23.46174619316,0.0509,64988322684358144,7.5603,0.0755,20.586,0.083,-45.142,0.065,0.956,16.847179,0.002997,18.706785,0.027239,15.553324,0.004561,3.153461,,,1.517,919.99,40.071,300.964,1.0,0.2579843814317245,0.0008913603267597,0.0,0.0,0.0,,0.6874416779932644
-0.0793,0.0217,-0.0821,13,56.28508301598,0.1262,23.41676879534,0.0896,65162492198224768,7.5069,0.1364,20.621,0.189,-46.41,0.111,0.946,17.780386,0.003492,19.695827,0.11603,16.452774,0.006855,3.243053,,,1.554,506.117,9.36,173.39,1.0,0.1826229144604195,0.0026949641366607,0.0,0.0,0.0,,0.6880131536267279
-0.0583,0.1388,0.1609,15,56.53493394536,0.0145,23.3473212123,0.01,64971933089093760,7.4321,0.0151,19.543,0.019,-45.247,0.013,1.023,13.21777,0.003623,13.992208,0.009697,12.351245,0.006793,1.640963,7.53,3.57,1.29,461.446,116.913,175.296,1.0,0.666328269806166,0.0007232943840144,0.0,0.0,0.0,,0.6882169474107696
0.0782,0.3198,-0.0181,16,55.93219893605,0.0328,24.48753259514,0.0226,68296650092601088,7.3767,0.0386,19.113,0.04,-46.178,0.027,1.173,15.147523,0.002871,16.500673,0.005776,13.995567,0.00354,2.505106,,,1.425,1344.294,214.672,498.248,1.0,0.4722879530816105,0.0006963771958651,0.0,0.0138986520287062,0.0,,0.6900038798686299
0.0375,0.1618,-0.171,15,56.90863214909,0.0331,24.81955061391,0.0239,66820590092840960,7.3746,0.0387,18.776,0.04,-44.184,0.03,1.084,15.393848,0.00291,16.805998,0.008274,14.228175,0.003513,2.577823,,,1.429,1160.709,139.393,508.742,1.0,0.4442760014804408,0.0005442064014756,0.0,0.0,0.0,,0.6907578744757497
0.3141,0.0585,-0.1078,16,56.84184912038,0.0624,23.35995800058,0.0458,64963377514329984,7.508,0.0688,21.312,0.082,-44.501,0.059,0.937,16.68825,0.003082,18.459522,0.018673,15.405938,0.005261,3.053584,,,1.513,785.614,58.804,243.424,1.0,0.2769728769249036,0.0007908415296765,0.0,0.0,0.0,,0.6909827596563393
0.2577,0.1088,-0.1406,16,57.48126199309,0.0649,24.10123486774,0.039,66515922294233728,7.3557,0.0684,18.96,0.086,-43.541,0.054,1.057,16.615265,0.002983,18.334606,0.030771,15.350577,0.003693,2.984029,,,1.498,949.767,35.431,448.668,1.0,0.2856181177370264,0.0009211215126111,0.0,0.0,0.0,,0.6929323235265703
-0.3476,0.1925,-0.0397,14,56.10672868467,0.0401,24.68115970304,0.0261,68308882159427840,7.8309,0.041,20.977,0.064,-46.98,0.039,1.068,15.432,0.003065,16.975058,0.008814,14.227994,0.003631,2.747064,,,1.451,809.29,129.859,467.42,1.0,0.409490101003324,0.009522213873545,0.2218214003557426,0.0278088372641715,0.5417014961100172,0.069069271195444,0.693639954727042
-0.0761,-0.0874,-0.0182,14,55.91274812353,0.0721,23.73464542726,0.0507,65232757863112192,7.4417,0.0769,20.467,0.097,-45.166,0.068,1.145,16.385273,0.003078,18.250391,0.019869,15.084167,0.004184,3.166224,,,1.525,791.212,55.191,348.261,1.0,0.2766041949585831,0.0081918310989041,0.1693038983557096,0.0147688591376257,0.61208000978098,0.0563866835458391,0.6940121806673331
0.5218,0.0365,-0.1392,15,57.06355849716,0.0614,23.43468552037,0.0497,64987876007763968,7.3997,0.0731,18.677,0.08,-45.767,0.067,1.056,16.418585,0.003068,18.037115,0.018181,15.171599,0.004861,2.865516,,,1.491,805.049,60.434,272.731,1.0,0.3128669244977475,0.001302019698511,0.0,0.0,0.0,,0.6971694948909907
-0.0013,0.1339,-0.2099,16,57.3698575948,0.0227,23.71197964152,0.0153,66499154741977216,7.6254,0.0238,19.936,0.032,-47.449,0.021,1.422,11.176867,0.00284,11.592295,0.003371,10.593778,0.003059,0.998517,5.19,0.65,1.215,1576.746,573.919,865.061,1.0,0.9437545683174112,0.0008243608235419,0.0,0.0,0.0,,0.6973905769772242
-0.1563,0.0359,-0.0129,13,55.89349233391,0.0274,23.76171357964,0.0195,65233788655261568,7.3087,0.0295,22.966,0.037,-47.116,0.026,1.371,11.201932,0.003147,11.649506,0.006019,10.5917,0.004722,1.057806,4.66,0.87,1.219,713.871,203.584,285.039,1.0,0.9384450915519678,0.0013121403326697,0.0,0.1328043129186658,0.0,,0.6982712628220141
-0.0987,-0.0385,0.0937,14,56.25481939509,0.0614,24.7779078284,0.0414,69807963184755840,7.5319,0.0625,20.7,0.081,-46.872,0.052,1.055,16.527004,0.00292,18.252249,0.023429,15.262377,0.003849,2.989872,,,1.497,1124.222,46.674,409.445,1.0,0.2958197264000973,0.0008249295324327,0.0,0.0,0.0,,0.6990108837577884
0.0457,0.2571,-0.187,16,57.31420347455,0.0279,24.56707217101,0.0159,66753038847347456,7.3812,0.0303,18.095,0.033,-46.94,0.02,2.145,13.430262,0.003067,14.295788,0.0063,12.497025,0.004296,1.798763,,,1.321,805.457,192.226,332.404,1.0,0.6283920775707941,0.0033329494005297,0.1046194422045845,0.127168039237823,0.1664875257641964,0.2023724588598722,0.6994874572870818
0.1444,0.125,-0.0702,16,55.80614970875,0.1126,24.18346994797,0.0858,65264673762670080,7.8816,0.1286,20.252,0.133,-45.905,0.103,1.004,17.925409,0.003118,19.886974,0.052172,16.590786,0.00764,3.296188,,,1.558,744.427,20.84,152.657,1.0,0.1717015066107917,0.0036929260025201,0.0,0.0077368777523328,0.0,,0.7012200319047919
0.0539,0.2863,-0.1456,15,56.84583318283,0.0352,24.84875204843,0.0242,66821655244731264,7.8175,0.0408,20.809,0.046,-47.429,0.03,1.07,15.617148,0.002857,17.185358,0.009442,14.402938,0.003444,2.78242,,,1.459,1439.836,120.367,537.824,1.0,0.3919456193787231,0.0089645963253591,0.1888389213165986,0.0305205383472233,0.4817987801877441,0.0786451845732883,0.7027875147711735
-0.0173,0.1223,-0.0244,16,55.79855132706,0.1014,24.1144320202,0.0727,65263097511969792,7.3437,0.1077,20.256,0.129,-45.772,0.091,1.147,17.451342,0.003136,19.483572,0.04194,16.108372,0.007597,3.3752,,,1.562,724.836,25.945,153.657,1.0,0.2016020424407955,0.0011267399653285,0.0,0.0,0.0,,0.7050205880329469
0.3582,0.0672,0.0633,16,57.02080880346,0.1696,23.40357707911,0.1333,64986325522809728,7.4859,0.1826,19.845,0.206,-47.139,0.177,1.1,18.267855,0.003434,20.152155,0.142632,16.919113,0.00966,3.233042,,,1.586,529.966,7.614,117.401,1.0,0.1511310047916946,0.0081630494832637,0.0,0.0165770885010647,0.0,,0.7053834759097348
0.0951,0.2053,-0.0378,15,56.53250842193,0.1055,24.86669205739,0.0804,66814302260735104,7.0144,0.1235,20.4,0.14,-45.428,0.104,7.545,11.950156,0.00315,12.338009,0.004759,11.022074,0.007265,1.315935,,,1.497,711.087,281.668,161.861,1.0,0.8236279188681741,0.0063295939167639,0.5288594326086264,0.0552634701265598,0.6421096474429653,0.0672788274748047,0.7067525524462294
0.2307,0.0581,-0.3198,16,57.33962532353,0.0401,23.65157825458,0.0299,66451497784867712,7.4324,0.0451,18.204,0.055,-45.555,0.042,1.037,15.786174,0.002862,17.350674,0.009284,14.57029,0.003536,2.780384,,,1.462,1405.386,122.621,500.007,1.0,0.3907252838314503,0.0040891124479092,0.0,0.0518022225599813,0.0,,0.7079025805860283
-0.0809,-0.1075,-0.0449,15,55.91557278263,0.1286,23.69221985706,0.0949,65232066371441792,7.287,0.1394,19.969,0.191,-45.53,0.129,0.953,17.853973,0.003291,19.832811,0.052899,16.521322,0.007213,3.311489,,,1.554,603.357,20.553,163.219,1.0,0.1763648394112758,0.0027387603542746,0.0,0.0,0.0,,0.7080527098951793
0.2618,0.107,-0.1847,17,57.49815604975,0.1076,24.19589894135,0.072,66551686483467904,7.2488,0.1179,19.929,0.147,-43.618,0.098,1.036,17.795551,0.00312,19.807096,0.078677,16.455793,0.006699,3.351303,,,1.56,742.264,13.809,178.272,1.0,0.1796204732272225,0.0022720808302586,0.0,0.0,0.0,,0.7097855072092255
-0.0202,0.1182,-0.1503,13,56.24181931752,0.0587,23.40847130159,0.0415,65163110673516928,7.4765,0.0627,18.803,0.081,-44.674,0.052,1.067,16.323061,0.003544,18.017593,0.022242,15.066506,0.006169,2.951087,,,1.491,487.224,49.203,197.337,1.0,0.3225276794528631,0.0013087542527374,0.0,0.0077783774785829,0.0,,0.7144373230661646
0.0031,0.295,-0.2445,16,57.36525467918,0.027,24.53152918709,0.0148,66752042414936704,6.9205,0.0298,21.12,0.034,-43.835,0.019,1.048,14.890118,0.002858,16.249926,0.005219,13.742282,0.003333,2.507644,,,1.419,1432.356,246.155,595.574,1.0,0.4816056418892578,0.0060810258060452,0.2485073331612109,0.0348994661751449,0.5159975539039754,0.0727571232732597,0.7154954294558163
0.0518,0.032,-0.3032,16,57.38016945576,0.0707,23.68863083682,0.0443,66452047540860160,7.4135,0.0741,19.958,0.098,-44.524,0.061,1.041,16.796696,0.002929,18.619001,0.027268,15.503763,0.004254,3.115238,,,1.52,1092.694,40.028,338.122,1.0,0.2642659013313294,0.0007879490614126,0.0,0.0,0.0,,0.7166195515001107
0.267,0.1,-0.0953,16,56.74789903406,0.1416,24.87933419481,0.1078,66834054814431232,7.5226,0.1619,20.278,0.169,-45.471,0.132,2.422,16.563644,0.003606,18.453848,0.023084,15.206267,0.00422,3.247581,,,1.597,466.617,47.381,342.951,1.0,0.258936534991352,0.0093249333071538,0.1593780400841394,0.0154301335023212,0.6155100518722181,0.0635794673225553,0.7177226206878096
-0.0087,0.2969,0.0227,15,56.42870174001,0.0901,23.33658916129,0.0589,64974574492213248,7.5425,0.0978,21.406,0.13,-45.052,0.077,0.952,17.363674,0.003078,19.30851,0.045992,16.061031,0.005309,3.247478,,,1.518,791.307,23.651,240.403,1.0,0.2094536801654931,0.001569324808803,0.0,0.0,0.0,,0.7177292791586157
0.1276,0.193,-0.2163,13,57.08683198761,0.0885,23.42103946373,0.0551,64940906245415808,7.7335,0.0985,19.695,0.112,-47.113,0.077,1.071,5.428299,0.002874,5.393529,0.003006,5.460636,0.003746,-0.067107,,,1.157,1330.801,970.915,434.425,1.0,3.955752245165103,0.0010412497076338,0.0,0.0,0.0,,0.7179459068512763
-0.1781,0.318,0.0428,15,56.45816034438,0.1787,23.32896704028,0.1143,64971722633920768,7.2882,0.1822,19.137,0.26,-45.607,0.156,1.044,18.161404,0.003688,20.548536,0.111649,16.764942,0.008919,3.783594,,,1.604,442.815,9.728,128.171,1.0,0.1529140285593431,0.0052033233397712,0.0,0.0130823863980582,0.0,,0.7185524852467376
-0.0207,0.331,-0.0337,16,55.92983392964,0.0846,24.54879813388,0.0621,68300326584600448,6.9058,0.0972,18.701,0.115,-42.473,0.076,1.028,17.220604,0.003054,19.123468,0.039921,15.943714,0.00592,3.179754,,,1.49,824.223,27.264,207.962,1.0,0.2213257116058588,0.0015078434643427,0.0,0.0,0.0,,0.7200883443060568
0.1107,0.2795,0.2692,15,56.63706230536,0.0191,23.30513098618,0.0137,64964717544035200,7.4792,0.0214,20.539,0.025,-45.045,0.018,1.065,14.018696,0.003476,15.027586,0.010379,13.016451,0.006723,2.011135,,,1.346,512.474,108.604,177.515,1.0,0.573471369316956,0.0004798603277792,0.0,0.0,0.0,,0.7205553674105974
0.0646,0.2809,-0.1253,17,57.42624525739,0.0167,24.462799736,0.0103,66747816167123712,7.5805,0.0183,18.676,0.02,-46.772,0.013,1.18,11.899782,0.002868,12.410251,0.004058,11.228242,0.003417,1.182009,,,1.235,1365.21,368.518,550.285,1.0,0.8277427894365258,0.0005858372769248,0.0,0.0,0.0,,0.7241507946489018
0.1908,0.0775,-0.1895,16,57.52114270787,0.0156,24.12375084194,0.009,66539252556578816,7.4668,0.0162,18.326,0.02,-46.979,0.012,1.046,13.446994,0.002974,14.276546,0.005344,12.548794,0.004048,1.727752,5.11,7.66,1.3,969.671,238.221,370.2,1.0,0.6291643448904367,0.0006411976345581,0.0,0.0137980550258117,0.0,,0.724193627132907
0.1894,0.2046,0.0515,12,56.24574641632,0.0166,23.3887289689,0.0134,65161976802151680,7.5909,0.018,19.889,0.022,-46.944,0.016,0.947,13.374578,0.003486,14.203643,0.008694,12.481163,0.005658,1.72248,2.97,4.06,1.296,508.491,131.854,220.567,1.0,0.6396076877978807,0.0005019981724788,0.0,0.0,0.0,,0.7246726960443963
0.0905,0.0943,-0.1408,12,56.30068677483,0.0549,23.36456659754,0.0379,64974338270788864,7.451,0.0596,20.35,0.073,-45.841,0.047,1.05,16.11487,0.003609,17.743353,0.014196,14.877634,0.005429,2.865719,,,1.477,465.738,78.006,233.147,1.0,0.350254600559374,0.0009420044053107,0.0,0.0075793409039042,0.0,,0.7252478584549548
-0.1123,0.147,0.0329,15,56.34798254632,0.0478,24.85060437616,0.0316,69810093488518784,7.2101,0.0498,20.863,0.06,-44.54,0.039,2.293,14.467274,0.003215,15.619524,0.007348,13.387757,0.005486,2.231767,,,1.389,655.065,159.728,229.882,1.0,0.5362301459659651,0.0005382731736587,0.0,0.0175231601867025,0.0,,0.7282342071385118
0.0284,0.1901,-0.1318,15,55.923150568,0.1288,23.64895762076,0.0847,65184929107310592,7.8424,0.1355,20.234,0.184,-45.618,0.118,5.262,7.859869,0.002782,8.030746,0.002854,7.545328,0.002828,0.485419,,,1.182,2809.09,1808.694,2354.733,1.0,1.6120326505893257,0.0302682960283158,1.52175426741716,0.036024124359136,0.943997174536656,0.0285230230657056,0.7299755724727932
-0.1763,0.1234,-0.0096,13,55.81925319484,0.0622,23.83358475981,0.0445,65237911823760640,7.3188,0.0658,20.11,0.089,-45.417,0.059,1.055,16.364956,0.00448,18.067141,0.032117,15.102766,0.008418,2.964375,,,1.497,307.351,33.934,136.709,1.0,0.3171965772834872,0.0013302692384694,0.0,0.0074917292541896,0.0,,0.7306086512955954
0.0431,0.3128,-0.1184,16,57.29898892437,0.0251,24.63638142989,0.0151,66771146429454592,7.1551,0.0282,20.683,0.029,-44.739,0.018,1.419,10.304679,0.002789,10.622301,0.002936,9.816208,0.002932,0.806093,17.66,1.3,1.201,2500.55,1186.24,1205.018,1.0,1.1101573344096043,0.0009314273149263,0.0,0.0,0.0,,0.7308648323742248
-0.1533,0.27,-0.2052,16,57.37428421163,0.0893,23.64851541723,0.0548,66451429065390080,7.4524,0.0939,19.231,0.124,-46.265,0.074,1.377,16.797077,0.003302,18.630234,0.024164,15.453439,0.003712,3.176795,,,1.585,596.687,45.234,443.379,1.0,0.2652799927746885,0.0030791585590136,0.0,0.0108680886916485,0.0,,0.732856475336853
-0.0805,0.3131,-0.2306,16,57.38774921505,0.0331,24.53383268332,0.0191,66749121837171840,7.4717,0.0359,20.208,0.045,-46.08,0.025,1.077,15.359683,0.002904,16.778868,0.006754,14.188808,0.003829,2.590059,,,1.434,1184.273,176.521,414.005,1.0,0.4481976431204948,0.0008866169584264,0.0,0.0180866878832687,0.0,,0.7332704788064647
0.2705,0.033,-0.1882,16,57.14388698332,0.0142,23.43459098862,0.011,64941211186036352,7.4129,0.0162,19.372,0.018,-45.078,0.014,0.956,10.21041,0.00285,10.523789,0.00344,9.733897,0.003131,0.789892,6.02,0.76,1.196,1489.518,539.665,764.184,1.0,1.1300335111244693,0.0007972291234965,0.0,0.0,0.0,,0.7333455426031921
0.1437,0.206,-0.1849,15,55.81715644575,0.2417,24.3743216323,0.1756,68294309333614720,7.5002,0.2904,21.073,0.291,-44.859,0.212,0.98,18.979607,0.004075,20.635462,0.095075,17.597692,0.01982,3.037769,,,1.661,361.635,11.425,55.331,1.0,0.1107922069931253,0.0099837602954234,0.0,0.0,0.0,,0.7333834033663654
0.2222,0.007,-0.226,16,57.48590927642,0.0291,24.34879407015,0.0177,66558249192653952,7.353,0.0319,19.505,0.034,-44.6,0.023,0.834,7.546007,0.002778,7.565866,0.002864,7.475968,0.002883,0.089898,,,1.161,3073.632,1676.738,1498.485,1.0,2.102976764081785,0.0011151849028071,0.0,0.0,0.0,,0.7353079591907498
-0.173,-0.0663,0.2662,13,56.29068291044,0.0544,24.83905700412,0.0346,69812945346809600,7.2649,0.0551,20.218,0.068,-46.124,0.044,0.899,5.640408,0.00283,5.600362,0.003081,5.680828,0.003311,-0.080466,,,1.158,1680.447,830.144,609.339,1.0,3.757900932670546,0.0012182388673642,0.0,0.0,0.0,,0.7358026278378248
-0.0522,0.2841,-0.0164,15,56.89952947889,0.0819,24.87396515674,0.055,66823132713476480,7.4802,0.0931,20.359,0.101,-44.682,0.067,1.094,16.873911,0.003062,18.656853,0.045832,15.57754,0.005311,3.079312,,,1.53,812.758,23.734,240.274,1.0,0.2567991439783437,0.0011338035652634,0.0,0.0,0.0,,0.7369263262514569
-0.123,0.3183,-0.0946,14,56.00257297938,0.0168,23.54374398487,0.0096,65086591535491584,7.3313,0.0153,19.559,0.022,-44.752,0.013,1.106,10.823086,0.003021,11.230583,0.004777,10.24679,0.003938,0.983793,7.31,0.44,1.214,875.889,280.047,390.627,1.0,1.005233828757255,0.0025487764533732,0.1766514945044729,0.2285544819869066,0.1757317446457832,0.2273649317467069,0.7388662264657201
-0.0549,0.2721,-0.3595,14,57.48946816008,0.2451,23.84688194167,0.1352,66507469798632320,7.6763,0.2457,21.531,0.28,-43.565,0.176,11.596,10.234675,0.003163,10.564196,0.005368,9.657333,0.004608,0.906862,1.75,2.81,1.252,699.244,236.738,296.051,1.0,1.101950467178201,0.0141725310707978,0.7254876278253309,0.065393251624292,0.658366822678618,0.059944237881205,0.7395610985335312
-0.0326,0.0608,-0.4377,11,57.49118369053,0.0337,23.8479474945,0.019,66507469798631936,7.3979,0.0336,21.027,0.039,-48.133,0.025,1.116,10.005213,0.00305,,,,,,,,,830.417,,,1.0,2.130171016914796,1.49876799109203,0.8812907498600012,1.1868713227726395,0.4137183084653957,0.6286277428740963,0.7396672160722099
-0.082,0.3437,-0.3291,16,57.4919880124,0.0354,23.84848726391,0.0198,66507469798631808,7.4289,0.0383,18.378,0.046,-45.87,0.026,0.974,6.806421,0.002776,6.811625,0.002884,6.756288,0.002852,0.055337,,,1.163,3176.918,1486.164,1839.042,1.0,2.652554094542524,0.0244387160229922,0.7750554082216312,0.5032845181274705,0.2921921214787901,0.1897549139022473,0.7397377383987086
-0.8573,-0.2445,0.0674,11,56.28658568439,0.2155,24.84194865006,0.1108,69812945346809344,7.4252,0.0758,20.861,0.263,-45.365,0.129,1.152,15.99179,0.003083,17.340973,0.105292,14.727977,0.013456,2.612996,,,1.557,785.411,10.315,82.482,1.0,0.378849987300611,0.0015940944959257,0.0,0.0,0.0,,0.740377633852569
-0.1134,0.4333,-0.0176,15,57.43146835789,0.0452,23.71164959376,0.0249,66453490649681280,7.5046,0.047,17.869,0.063,-45.572,0.032,1.036,6.159169,0.002776,6.129117,0.002972,6.178773,0.002872,-0.049656,,,1.159,3183.912,1060.503,1596.933,1.0,3.261854818384568,0.0012324609529017,0.0,0.0,0.0,,0.7404144729417335
0.1272,0.247,-0.0911,15,55.83579617938,0.0927,24.44291608797,0.0645,68298093201624960,7.6341,0.1087,21.338,0.111,-45.454,0.078,1.029,17.32333,0.003246,19.283113,0.039096,16.015848,0.005151,3.267265,,,1.523,632.388,27.842,250.75,1.0,0.2124522828717824,0.0012972898088857,0.0,0.0,0.0,,0.7414718408080446
-0.006,0.1043,-0.2084,14,55.88323532267,0.0505,23.67385377651,0.0326,65232105028172160,7.4665,0.0527,19.925,0.072,-45.318,0.046,2.921,10.641136,0.00287,11.002267,0.004068,10.113153,0.003496,0.889113,9.05,0.31,1.205,1351.635,366.809,515.317,1.0,1.0428946185484476,0.0008866063929378,0.0,0.0,0.0,,0.7419572044922051
0.0235,0.2653,-0.1347,15,55.90468213861,0.0575,23.64209500872,0.0385,65184894747573376,7.4405,0.0614,19.871,0.078,-44.616,0.052,1.179,15.929374,0.002917,17.718611,0.013342,14.660658,0.003306,3.057953,,,1.494,1132.011,83.219,611.957,1.0,0.2945167145698685,0.0107610229566458,0.2562538674491191,0.0129879266512549,0.8700825955612368,0.0543635836727645,0.744405515408427
0.355,0.1362,-0.0141,14,56.8841955607,0.0586,23.30633191107,0.0432,64962174923490304,7.39,0.0642,20.729,0.073,-45.432,0.054,1.04,16.411579,0.002946,18.062555,0.025057,15.171372,0.005173,2.891183,,,1.478,1040.546,43.601,249.271,1.0,0.3120169698309695,0.0010767686722953,0.0,0.0,0.0,,0.747143865656787
0.0348,0.1938,-0.2864,14,57.50914139243,0.0459,23.86222290853,0.0227,66507882115488128,7.644,0.0429,19.784,0.057,-45.29,0.03,0.947,15.739478,0.002832,17.259941,0.007641,14.533685,0.003205,2.726256,,,1.457,1663.762,152.637,688.149,1.0,0.4000238006151109,0.0007366517308406,0.0,0.0071357821914023,0.0,,0.7492295081668402
0.5372,0.0478,-0.2286,15,57.09512296363,0.0451,24.81469358262,0.0401,66818322350220416,7.5097,0.0545,20.026,0.064,-47.515,0.054,1.02,15.761837,0.002884,17.2547,0.008424,14.567279,0.003562,2.687421,,,1.448,1274.101,136.602,490.434,1.0,0.3978405929798302,0.0006469478097675,0.0,0.0,0.0,,0.7494982941751998
0.0749,0.1585,-0.0468,16,55.75532685028,0.0944,24.24773108224,0.0715,68268303308484224,7.5181,0.1069,19.282,0.112,-45.753,0.087,1.023,17.534178,0.003107,19.494085,0.040036,16.20471,0.007033,3.289375,,,1.551,756.423,27.185,168.188,1.0,0.1968609886606361,0.0016664318370779,0.0,0.0,0.0,,0.7518676599485105
0.1344,0.1748,-0.2869,14,55.92875181768,0.1146,23.59457025593,0.0841,65090680344356992,7.4261,0.1245,19.833,0.149,-47.226,0.114,6.012,9.430407,0.00279,9.689258,0.003071,9.003955,0.002873,0.685303,-2.34,5.48,1.195,2487.862,846.651,1588.965,1.0,1.316160249777264,0.002020918250696,0.0,0.204842092488001,0.0,,0.7535570501027227
0.0967,0.1866,-0.1311,15,56.90877404779,0.0684,24.89165534984,0.0537,66823304512166528,7.4402,0.08,21.067,0.084,-44.055,0.065,6.222,13.674303,0.003116,14.561905,0.006197,12.73635,0.004573,1.825555,,,1.319,746.323,196.235,299.679,1.0,0.6042167072310145,0.0005052452089342,0.0,0.0,0.0,,0.7564751016852918
-0.1356,0.0977,0.0147,16,56.35062955613,0.015,24.88577921413,0.0102,69819027020489088,7.4173,0.0156,20.543,0.02,-45.57,0.013,1.015,9.570481,0.002778,9.832442,0.002946,9.147874,0.002857,0.684568,6.1,1.02,1.191,3043.794,1148.494,1768.009,1.0,1.2802259820191857,0.00093175852281,0.0,0.0368030864958745,0.0,,0.7569013083153787
-0.251,0.2386,0.0821,14,56.10348570343,0.0255,24.76821283213,0.0162,69811364798863744,7.4314,0.0258,20.01,0.036,-45.865,0.022,1.052,14.463644,0.003579,15.626272,0.0103,13.390887,0.00645,2.235385,,,1.379,475.358,109.51,186.719,1.0,0.5360158690235486,0.0007704105574658,0.0,0.0302900611058888,0.0,,0.7577366668226018
0.2229,0.0893,-0.1254,16,56.66783020915,0.0783,24.93086438815,0.0588,66837495084120320,7.3001,0.0912,22.21,0.095,-45.205,0.073,5.573,13.436048,0.003411,14.251829,0.006256,12.419264,0.004283,1.832565,5.1,9.87,1.416,540.024,193.917,334.153,1.0,0.6264056147878356,0.003759041581264,0.3139374806368129,0.0734794633678039,0.5011728394917787,0.1173418765192899,0.7595318458794291
-0.3383,0.2083,0.0143,14,56.0913769195,0.018,24.76820671722,0.0109,68310359628169472,7.4269,0.0176,21.238,0.025,-46.651,0.015,1.128,12.553257,0.003142,13.180518,0.006206,11.786735,0.004809,1.393784,7.88,7.42,1.26,719.102,195.866,277.213,1.0,0.741580910296069,0.000607805737631,0.0,0.0,0.0,,0.7623989329777375
-0.2093,0.0794,0.2041,14,56.16992233858,0.021,24.81833395795,0.0134,69811948914407168,7.5226,0.0216,20.239,0.028,-45.446,0.018,1.195,9.715471,0.002807,9.987203,0.003084,9.281519,0.002897,0.705684,4.3,0.55,1.192,2025.25,826.222,1393.43,1.0,1.2442194661221482,0.0007635102821114,0.0,0.0,0.0,,0.7628531305359595
-0.0203,0.2132,-0.1317,17,57.45992411581,0.0201,23.7053885297,0.0122,66452769091505024,7.2471,0.0206,19.587,0.027,-44.024,0.016,1.163,11.35299,0.002851,11.778655,0.003152,10.758796,0.002984,1.019859,5.91,1.12,1.218,1485.725,740.247,1025.311,1.0,0.913403270916074,0.0007329834344066,0.0,0.0,0.0,,0.7645543069139416
0.1452,0.1914,0.0059,16,55.73575580017,0.0762,24.22917036681,0.0571,68268165869533568,7.5857,0.0888,19.902,0.091,-46.991,0.069,1.06,17.094841,0.003003,18.978615,0.027015,15.800221,0.004951,3.178393,,,1.515,909.084,40.406,265.505,1.0,0.2330740628195824,0.0011654897594303,0.0,0.0,0.0,,0.7663375917582751
-0.0201,0.1758,-0.4425,14,57.55194981379,0.0683,23.92647449588,0.0414,66509771901085696,7.5113,0.0752,20.692,0.1,-45.657,0.059,1.188,16.259069,0.002908,18.160973,0.016516,14.947622,0.003745,3.21335,,,1.534,1169.056,66.697,434.52,1.0,0.2579168526651881,0.0093285901173785,0.2229645242574926,0.0108497180549091,0.8644821846788414,0.0524143344749207,0.7679944635060788
-0.3027,0.26,0.0871,14,56.08555902364,0.0948,24.77265650136,0.0632,68310359628169088,7.2744,0.0972,20.78,0.132,-46.366,0.082,5.585,10.84777,0.003125,11.317899,0.005427,10.209844,0.004227,1.108055,3.08,2.66,1.228,736.134,233.248,341.97,1.0,0.9381225066669558,0.0255131211590955,0.7747743402089035,0.0475013333997797,0.8258775743069953,0.055392454480404,0.7689737208550816
-0.0403,0.3267,-0.0081,15,55.95261401767,0.0157,23.53919347158,0.0097,65089473457126784,7.2854,0.0154,21.483,0.022,-44.389,0.013,1.04,13.418813,0.002824,14.245265,0.003823,12.528186,0.003144,1.717079,7.79,3.81,1.295,1749.051,415.409,749.414,1.0,0.6330905678347658,0.0006011195695813,0.0,0.0,0.0,,0.7720393083543688
0.3328,0.0969,-0.1285,16,57.5636777898,0.0509,24.22654240157,0.0315,66553443128503552,7.4669,0.0557,19.303,0.058,-44.281,0.042,0.976,16.202431,0.003083,17.838186,0.011239,14.963677,0.004584,2.874509,,,1.478,784.75,99.731,298.499,1.0,0.3390903843382709,0.0006939825811227,0.0,0.0,0.0,,0.774251365793257
0.2998,0.0504,-0.1486,13,56.73798824228,0.025,23.25047049143,0.0191,64960663095015680,7.4328,0.027,20.416,0.031,-46.055,0.022,1.014,14.486368,0.002944,15.633691,0.004906,13.421676,0.003985,2.212015,,,1.374,1046.585,269.037,381.594,1.0,0.5345343611132034,0.000470096641842,0.0,0.0,0.0,,0.774363533413864
0.2741,0.1205,-0.1749,17,57.2033347874,0.0817,23.41318138676,0.0643,64946025846426752,7.4141,0.0932,19.201,0.106,-47.025,0.081,1.041,17.347544,0.003052,19.251497,0.037756,16.031588,0.005636,3.21991,,,1.54,826.512,28.836,221.705,1.0,0.2121419430080803,0.001681758991809,0.0,0.0,0.0,,0.7781559408306472
-0.0131,0.2114,-0.1048,17,57.49021652557,0.1155,23.72432143485,0.068,66453181412027392,7.2739,0.1183,19.095,0.151,-45.252,0.086,1.017,17.699118,0.003513,19.753994,0.0579,16.344934,0.006207,3.40906,,,1.574,498.051,18.774,195.83,1.0,0.1849286472413019,0.0017128386389716,0.0,0.0,0.0,,0.7816689753313013
0.1467,0.1528,-0.227,15,56.66165931699,0.0156,24.95943688709,0.011,66838452861270272,7.4399,0.019,20.61,0.019,-46.954,0.014,0.959,10.10806,0.002857,10.424523,0.003601,9.622222,0.003204,0.802301,5.36,2.7,1.2,1436.149,476.799,689.602,1.0,1.152941959457512,0.0008451626999001,0.0,0.0717377205714693,0.0,,0.7827386168775485
-0.0505,0.0756,0.1113,16,55.7047079826,0.1007,24.17086814542,0.0716,68266787183070976,6.9841,0.1069,20.258,0.12,-43.759,0.087,3.041,15.754663,0.003152,17.229923,0.011806,14.432161,0.012916,2.797762,,,1.609,708.842,94.646,86.097,1.0,0.3986251613757864,0.0066891841711477,0.0,0.0774225804057635,0.0,,0.7853829509560848
0.462,-0.1938,-0.5328,16,57.55368104569,0.0232,24.35161554819,0.0173,66555573432261376,7.291,0.0293,17.833,0.031,-44.351,0.026,1.071,14.462538,0.00278,15.585812,0.003774,13.379059,0.003221,2.206753,,,1.4,2950.062,427.318,674.696,1.0,0.5376649553740641,0.0005532323957055,0.0,0.0081837555021567,0.0,,0.7868592514728752
-0.322,0.203,0.0494,14,56.0838049309,0.0197,24.79596109694,0.0121,69811639676769536,7.5422,0.0194,19.899,0.027,-46.568,0.016,1.236,10.473494,0.003153,10.826579,0.005082,9.955907,0.00438,0.870672,3.89,3.1,1.202,708.569,255.592,321.605,1.0,1.075902353735912,0.0009627522849268,0.0,0.040310528440782,0.0,,0.7874973642859103
0.4334,-0.1498,-0.4588,15,57.55423174469,0.0387,24.35181775808,0.0293,66555573432261120,7.2972,0.0465,18.913,0.049,-46.545,0.042,1.163,15.331129,0.002859,,,,,,,,,1424.573,,,1.0,2.130171016914796,1.49876799109203,0.8812907498600012,1.1868713227726395,0.4137183084653957,0.6286277428740963,0.7910032248161153
-0.3444,0.1905,-0.0003,14,56.05809868574,0.0174,24.77919524107,0.0103,68322145018429952,7.3661,0.0167,20.641,0.025,-45.236,0.014,0.972,10.600085,0.002782,10.958863,0.003099,10.071496,0.002911,0.887367,6.12,0.33,1.206,2832.621,804.786,1306.177,1.0,1.0512516020375104,0.0008779098365524,0.0,0.0383551511978154,0.0,,0.7912674808201485
0.0724,0.1602,-0.1323,17,57.49314930819,0.0285,23.70921379287,0.017,66452734735432192,7.3236,0.0288,17.404,0.038,-44.875,0.022,1.052,15.160209,0.002898,16.501139,0.006298,14.013567,0.003785,2.487572,,,1.421,1207.578,192.299,424.51,1.0,0.4713736544182037,0.0004298034332984,0.0,0.0,0.0,,0.7917574301344901
0.0989,0.1671,-0.2111,17,57.33862672844,0.1081,24.69452803992,0.0631,66771764904729984,7.4177,0.1181,19.561,0.135,-44.66,0.085,0.963,17.683437,0.003017,19.511351,0.071347,16.370293,0.005761,3.141058,,,1.545,883.931,15.229,215.395,1.0,0.1907074635372457,0.0026552358594844,0.0,0.0,0.0,,0.792425447535605
0.2788,0.0089,-0.2263,17,57.57983415846,0.2486,24.27596355161,0.1619,66553885506789504,7.8789,0.2702,19.283,0.289,-47.243,0.22,1.056,18.835318,0.003593,21.051628,0.183515,17.398514,0.012878,3.653114,,,1.675,470.935,5.917,86.36,1.0,0.1111751361401063,0.0138839619638669,0.0,0.0,0.0,,0.7932318984141444
-0.0371,0.0779,-0.0104,15,56.33701983849,0.0335,24.92187444149,0.0232,69819404977607168,7.3444,0.0355,20.356,0.042,-44.16,0.029,2.074,8.900821,0.002769,9.130817,0.002818,8.51024,0.002815,0.620578,39.27,5.81,1.19,3883.726,2732.131,2911.378,1.0,1.4341719142055964,0.01419284091811,0.8963420305813186,0.0696844686578271,0.6249892510813896,0.0489807179058949,0.7953400203099383
0.0637,0.1343,-0.2271,15,57.55256103672,0.1399,23.81341270716,0.0669,66460225158376192,7.4851,0.1306,19.489,0.189,-46.438,0.091,1.064,17.770643,0.003004,19.853231,0.059272,16.446558,0.006261,3.406673,,,1.532,906.872,18.338,193.71,1.0,0.1793245678818539,0.0019372722917511,0.0,0.0,0.0,,0.7969632550804061
0.3846,-0.0534,-0.4247,16,57.16384864961,0.1106,24.83869963119,0.0905,66824472743376768,7.1512,0.1408,18.347,0.152,-44.768,0.125,1.041,17.582697,0.003052,19.566555,0.054773,16.287697,0.005846,3.278858,,,1.504,827.057,19.848,211.352,1.0,0.1928594306354287,0.0018448023206914,0.0,0.0,0.0,,0.7998477350181559
0.0293,0.2512,-0.0845,15,55.90730074032,0.0152,23.53578784875,0.0096,65089336018173440,7.5579,0.0152,19.527,0.021,-45.292,0.013,0.983,10.576324,0.002955,10.927368,0.004754,10.060749,0.00363,0.866619,6.16,0.86,1.202,1016.056,282.083,467.635,1.0,1.0557819711600862,0.0008277348827767,0.0,0.0,0.0,,0.8007065432785164
0.225,0.0509,-0.1149,15,56.78069149429,0.0146,23.22615674412,0.0102,64959662365552384,7.353,0.0158,19.295,0.019,-45.439,0.013,1.069,13.143335,0.003742,13.889277,0.010141,12.292398,0.007029,1.596879,7.63,11.61,1.287,428.788,111.368,168.305,1.0,0.6762811543008808,0.0006255294215421,0.0,0.0,0.0,,0.8017150759541345
0.3325,0.2624,-0.0258,11,56.58284035514,0.2686,24.98353113813,0.1834,69841257769938944,7.0644,0.2759,18.492,0.37,-45.936,0.242,1.236,16.570871,0.004108,17.677101,0.013286,14.654235,0.004441,3.022866,,,2.721,356.371,83.586,314.283,1.0,0.3427775697576803,0.0018994884136496,0.0,0.0,0.0,,0.8036839566083479
-0.1476,-0.0182,0.0762,14,55.68530669041,0.089,23.97076612581,0.0618,65254576296865152,7.3523,0.0939,19.709,0.123,-45.072,0.082,0.995,17.378773,0.003244,19.218224,0.051975,16.06999,0.004719,3.148233,,,1.538,634.08,20.92,285.265,1.0,0.2114139332863557,0.0022450908726743,0.0,0.0,0.0,,0.8086258979405253
-0.2629,0.0502,0.1516,14,56.11385520617,0.034,24.84375697029,0.0218,69823940463098752,7.549,0.034,20.677,0.044,-48.989,0.027,2.567,13.280735,0.002964,14.289417,0.005391,12.280123,0.003599,2.009295,,,1.344,994.119,235.362,477.688,1.0,0.5936566889399233,0.0117208209668812,0.5415460306654367,0.0220157593843703,0.9122208858329564,0.0412270645502118,0.8086317285236546
-0.0556,-0.0496,0.0861,14,56.11334731434,0.1644,24.84495453928,0.1127,69823940463098112,7.5328,0.1721,20.834,0.212,-47.791,0.137,1.072,18.244398,0.0033,19.987055,0.113871,16.79668,0.018431,3.190374,,,1.743,597.639,9.538,59.594,1.0,0.1577185858414486,0.0072208354892804,0.0,0.0165083016954432,0.0,,0.8087880263508928
-0.178,0.0019,0.1008,14,55.67444049431,0.0594,24.00416938051,0.0407,65254885534508672,7.4097,0.0626,19.455,0.081,-46.511,0.053,1.048,16.582888,0.002983,18.250332,0.019732,15.340737,0.004096,2.909595,,,1.478,949.773,55.583,362.05,1.0,0.2903529916536196,0.0012706443970278,0.0,0.0,0.0,,0.809039617102309
-0.1338,-0.0886,0.1477,14,55.67163354569,0.0869,24.02839578956,0.0621,65257187636977536,7.2156,0.0917,21.018,0.114,-44.677,0.08,1.119,17.168375,0.003285,19.123604,0.03622,15.868272,0.005469,3.255332,,,1.514,606.958,30.065,230.832,1.0,0.2249020738454662,0.0008768693776213,0.0,0.0,0.0,,0.8097738577029719
0.2459,0.1694,-0.0825,16,55.87463764734,0.1123,24.6563966209,0.08,68319529381881344,7.6271,0.126,20.777,0.149,-48.247,0.101,1.06,17.55076,0.003059,19.507822,0.056661,16.259018,0.008659,3.248804,,,1.503,816.857,19.185,132.454,1.0,0.1954687868586547,0.0017636023913355,0.0,0.0,0.0,,0.81512376995639
-0.1931,0.1622,0.0681,14,56.04572406548,0.0979,24.81259517003,0.0597,68322454256073344,7.3931,0.0958,19.087,0.141,-44.398,0.083,1.047,17.02367,0.003082,18.730904,0.036681,15.755831,0.005335,2.975073,,,1.504,786.457,29.685,238.762,1.0,0.2445410199624749,0.0018486567762062,0.0,0.0,0.0,,0.8159388757412118
-0.1752,0.0043,0.1133,14,55.66768554509,0.0365,23.98916056381,0.0246,65254851174771584,7.4057,0.0383,18.058,0.05,-45.48,0.032,1.434,14.815301,0.002961,16.166859,0.005994,13.669749,0.003809,2.497109,,,1.418,1000.113,204.648,418.753,1.0,0.4874948299743875,0.005833426810575,0.26928867422577,0.0323346301783878,0.5523928822792196,0.0666566999321179,0.8177807277106698
0.371,-0.0578,-0.4978,15,57.54494597991,0.0794,24.47802874105,0.0587,66565778274538624,7.4524,0.1021,18.487,0.099,-45.29,0.086,1.029,16.925774,0.002963,18.804388,0.026756,15.632983,0.003467,3.171405,,,1.513,996.666,40.802,527.526,1.0,0.2489903928584018,0.0007155578514372,0.0,0.0,0.0,,0.8201478646302216
0.0228,0.1458,0.163,15,56.20917356922,0.0146,24.91091026358,0.0091,69814388455816960,7.5037,0.0151,20.085,0.017,-48.023,0.011,0.83,12.985639,0.002992,13.718534,0.004734,12.155869,0.003426,1.562665,4.05,3.68,1.273,931.274,283.937,545.994,1.0,0.6950471752624111,0.0005825499365482,0.0,0.0,0.0,,0.823256771487624
-0.0626,0.2521,-0.1573,15,56.04683380132,0.0189,23.37911934605,0.0133,65072435323295872,7.6165,0.0198,22.04,0.026,-46.639,0.017,1.002,11.193929,0.002966,11.627196,0.004636,10.593733,0.003915,1.033463,5.97,1.07,1.218,988.585,293.254,395.323,1.0,0.9405363047584372,0.0007846858551819,0.0,0.0,0.0,,0.8253495174862872
0.1385,0.0515,-0.1101,15,57.11688600086,0.0128,23.30055677555,0.0086,64934893291213952,7.4756,0.0133,20.399,0.016,-45.458,0.011,1.001,12.242328,0.003462,12.824065,0.007188,11.504954,0.005314,1.319111,-0.11,4.22,1.255,518.034,163.913,240.046,1.0,0.7807764181031522,0.0006262991452403,0.0,0.0262405483794298,0.0,,0.8255379099511266
0.1348,0.2159,-0.0316,17,57.18936995061,0.0127,23.33871256339,0.0088,64936508198907904,7.4686,0.0136,18.983,0.016,-45.764,0.011,0.915,12.882789,0.002875,13.580464,0.003958,12.075048,0.003395,1.505416,7.34,4.03,1.267,1323.87,386.691,561.272,1.0,0.7062838012474179,0.0006426312770698,0.0,0.0,0.0,,0.826900225187666
0.0432,0.1738,-0.2168,16,57.08465979451,0.0883,24.91505649268,0.0611,66828870789879168,7.5332,0.1002,20.481,0.122,-44.449,0.079,0.965,16.202721,0.003824,17.278618,0.017033,14.304742,0.005585,2.973876,,,2.687,409.529,64.616,224.408,1.0,0.3888553215337378,0.001577381010092,0.0,0.0,0.0,,0.8294863464422254
-0.0227,-0.2206,-0.0225,14,56.10294132042,0.0623,24.86465691386,0.0398,69824249700740736,7.3992,0.0676,20.014,0.082,-47.633,0.049,1.234,15.921976,0.003165,17.668861,0.014257,14.646667,0.003564,3.022195,,,1.508,697.032,77.657,489.802,1.0,0.3087781216026486,0.0137961055815928,0.2435044550516903,0.0179915686821433,0.78860656897526,0.0680920253796567,0.8300191884524794
-0.0564,0.0067,-0.0436,16,55.6902746099,0.1073,23.82282265578,0.0798,65155856471318912,7.1389,0.1179,21.156,0.153,-45.691,0.103,0.983,17.686852,0.003207,19.838909,0.072021,16.341368,0.008611,3.497541,,,1.553,661.982,15.087,133.273,1.0,0.1843859371375882,0.0011166089665341,0.0,0.0,0.0,,0.8300839712077764
0.2233,0.0233,-0.1899,15,56.21358052689,0.017,23.26872443224,0.0132,64879402312818944,7.4286,0.0187,20.546,0.023,-44.3,0.016,0.981,8.886077,0.002762,9.084315,0.002832,8.53639,0.002814,0.547925,6.51,0.77,1.185,5546.498,2244.346,2998.3,1.0,1.475166034417427,0.0012030544279808,0.0,0.1417025283117957,0.0,,0.8339895773181454
0.186,-0.0087,0.0306,16,55.64160932043,0.113,24.1833838163,0.0832,68261946756899456,7.5323,0.1218,21.323,0.137,-43.943,0.103,1.089,17.688309,0.003304,19.731678,0.072884,16.364979,0.007805,3.366699,,,1.535,595.665,14.908,148.953,1.0,0.1852565525740758,0.0018275628945524,0.0,0.0,0.0,,0.8348075486322348
0.3177,0.3733,0.2462,12,56.95058643018,0.0186,23.2178837759,0.0117,64913452814489216,7.4462,0.0205,20.054,0.027,-45.848,0.016,0.909,10.945833,0.002839,11.33603,0.00321,10.391232,0.00303,0.944798,8.01,0.83,1.208,1583.688,683.829,919.262,1.0,0.9844342159066604,0.0008232168061521,0.0,0.0255750709403418,0.0,,0.8384281330886248
0.1685,0.1142,-0.1821,17,57.33590317007,0.014,24.7764623603,0.0089,66774513683782912,7.3658,0.015,19.201,0.017,-44.49,0.012,1.129,12.459594,0.003075,13.073255,0.005723,11.70027,0.00445,1.372985,3.76,6.47,1.259,794.822,217.294,313.165,1.0,0.7523607777637515,0.0006613898069593,0.0,0.0188822389769578,0.0,,0.8401269621031537
0.3483,0.1474,-0.1583,14,55.72974574866,0.0174,24.49286881728,0.0122,68310561489710336,7.304,0.0212,21.21,0.02,-45.117,0.016,1.02,9.370605,0.002763,9.61723,0.002798,8.960799,0.002809,0.656431,6.61,0.74,1.192,5161.944,5103.286,3316.868,1.0,1.3327906004353678,0.0008712798961409,0.0,0.0,0.0,,0.8444154489153459
0.1686,0.0213,-0.3095,17,57.55177538411,0.0154,24.53272638784,0.0094,66754241438299520,7.2424,0.0168,19.107,0.019,-45.535,0.013,1.031,12.732841,0.003224,13.386664,0.00648,11.953037,0.004977,1.433627,7.01,1.6,1.26,648.393,185.626,263.477,1.0,0.7225070506508061,0.0005870801475371,0.0,0.0,0.0,,0.8486689096533669
0.464,-0.101,-0.3689,15,57.58720760547,0.0205,24.46654508807,0.0157,66565365957676416,7.2826,0.0233,20.346,0.028,-45.483,0.022,1.231,10.915199,0.002887,11.290863,0.003883,10.371225,0.003336,0.919638,5.16,0.68,1.208,1260.644,402.06,593.474,1.0,0.990350157060108,0.0007835069105913,0.0,0.0,0.0,,0.84966992214629
0.2345,0.1685,-0.0617,14,56.70238253867,0.301,23.16585863875,0.221,64953481907702016,7.3516,0.3237,17.839,0.405,-48.736,0.265,0.931,18.968166,0.004149,21.224241,0.184243,17.512621,0.01822,3.71162,,,1.699,350.012,5.894,60.301,1.0,0.1167087102405107,0.0054964841978099,0.0,0.0,0.0,,0.8523299048233383
0.2283,0.086,-0.3076,16,57.6379095793,0.0573,24.33920630856,0.034,66560349435890176,7.6735,0.066,19.409,0.065,-46.912,0.046,1.021,16.40082,0.002973,18.048187,0.013162,15.16089,0.004068,2.887298,,,1.478,972.883,84.41,366.806,1.0,0.3134542147578994,0.0009481262565002,0.0,0.0,0.0,,0.853118178407835
-0.0252,0.364,-0.0501,15,55.90259101573,0.0186,23.45375386006,0.012,65084358152509440,7.2798,0.0198,20.104,0.026,-44.022,0.016,1.183,13.831366,0.003109,14.762932,0.006992,12.873901,0.004968,1.88903,,,1.324,753.925,169.356,264.135,1.0,0.58992841857625,0.0005454095941559,0.0,0.0,0.0,,0.8553509561306898
-0.0367,0.2325,-0.3321,16,57.39555500671,0.1541,23.454458189,0.104,64944170420647296,6.9746,0.174,20.77,0.202,-48.462,0.144,12.566,13.602488,0.003576,14.481096,0.006642,12.590535,0.004134,1.890561,,,1.392,476.205,180.141,355.869,1.0,0.6094034682393098,0.0031696069110377,0.1674485165479795,0.1465991211732977,0.2747744725375,0.2405659236047548,0.8556485814914893
0.0233,0.3321,0.0561,15,56.39167613726,0.0786,23.18501072439,0.0535,64874454510493440,7.4427,0.0873,19.867,0.113,-45.281,0.069,1.026,17.110922,0.003064,19.046177,0.039553,15.804014,0.005486,3.242163,,,1.525,809.822,27.519,229.837,1.0,0.2309623344300479,0.0008068480565384,0.0,0.0,0.0,,0.8574841851073879
0.1576,0.0495,-0.2742,17,57.31518055566,0.1173,23.38016998746,0.0794,64942001460286080,7.4963,0.13,20.16,0.156,-46.224,0.107,1.06,17.704262,0.003111,19.68008,0.047647,16.341398,0.005231,3.338682,,,1.594,751.134,22.826,245.376,1.0,0.1863047457186347,0.0020173996343168,0.0,0.0,0.0,,0.8599715448419456
-0.0319,0.0646,-0.3263,15,57.66705812773,0.0208,23.93284478322,0.0118,66462939577861248,7.2842,0.0215,18.706,0.027,-44.358,0.016,1.203,10.161764,0.002832,10.46863,0.00354,9.688195,0.003158,0.780435,4.76,1.44,1.198,1661.038,498.461,734.134,1.0,1.1408994181018903,0.0007089757989937,0.0,0.0,0.0,,0.8606019044341507
0.2333,-0.0549,-0.3266,17,57.6768887678,0.0863,24.21524450769,0.0528,66541142342159232,7.3834,0.0952,19.761,0.1,-44.79,0.071,1.065,17.168797,0.002949,18.958809,0.026097,15.89782,0.005572,3.060989,,,1.497,1032.29,41.843,225.088,1.0,0.229062382649037,0.00198003910388,0.0,0.0,0.0,,0.8637491569208204
0.2929,0.2052,-0.1022,16,55.80453808024,0.0272,24.65524287677,0.0209,68314414077327744,7.2683,0.032,20.551,0.035,-43.955,0.026,1.012,14.889832,0.002844,16.194736,0.005491,13.762322,0.003059,2.432414,,,1.407,1536.811,229.588,865.94,1.0,0.498041570853967,0.0022700074737667,0.0,0.0621492344010312,0.0,,0.8648855091272135
-0.0532,-0.071,-0.0781,14,56.0470812575,0.1131,24.87605286457,0.0764,69824730737081600,7.3521,0.1186,21.311,0.15,-44.484,0.099,0.964,17.5378,0.003196,19.49362,0.063863,16.243486,0.00631,3.250134,,,1.506,670.74,17.017,191.847,1.0,0.1961101341708654,0.0017587876739682,0.0,0.0,0.0,,0.8658990518829461
0.1776,0.0542,0.0563,15,55.60961755817,0.0513,24.23535016564,0.0375,68265279651517056,7.6231,0.0553,19.869,0.06,-46.095,0.045,0.99,16.258966,0.003557,17.900425,0.023489,15.005593,0.008502,2.894832,,,1.495,482.524,46.553,135.186,1.0,0.3322787145753685,0.0007549622788643,0.0,0.0,0.0,,0.8666759535638584
0.1028,0.2006,-0.3478,16,57.38580185574,0.0566,23.41124239957,0.0383,64943758103791104,7.5412,0.0668,20.361,0.077,-45.124,0.053,1.118,16.382866,0.002846,18.209261,0.01856,15.095169,0.003548,3.114092,,,1.513,1520.185,59.172,495.532,1.0,0.286153890467066,0.0073917172901239,0.1521829894197102,0.0197243776538938,0.5318221924968909,0.0702848951758676,0.8778508177467701
-0.2156,0.0299,-0.0714,14,55.9673819458,0.0209,24.84141715924,0.0127,68323485048225152,7.4197,0.0206,21.078,0.03,-44.258,0.018,1.111,13.734854,0.003541,14.646505,0.008778,12.78727,0.005869,1.859236,,,1.321,488.273,130.45,210.28,1.0,0.5983237572496871,0.0005843048272228,0.0,0.0,0.0,,0.8785467416494102
-0.0734,0.3037,0.0262,15,56.45303174952,0.0187,23.14785080337,0.0119,64956123313498368,7.4415,0.0187,19.029,0.025,-45.463,0.015,0.901,10.126517,0.003001,,,,,,5.05,0.63,,912.047,,,1.0,2.130171016914796,1.49876799109203,0.8812907498600012,1.1868713227726395,0.4137183084653957,0.6286277428740963,0.8785934635667167
0.1822,0.0232,0.0426,16,56.84946705531,0.0479,23.14900482936,0.0356,64912009705490304,7.4039,0.0517,19.445,0.065,-45.54,0.045,1.1,15.890427,0.002899,17.49346,0.006166,14.665,0.004302,2.82846,,,1.467,1205.695,197.44,331.516,1.0,0.3748129425638162,0.0056022739927766,0.0,0.0651142468958084,0.0,,0.8790773796236543
0.0633,0.2124,-0.1249,15,56.45349543712,0.0393,23.14694333292,0.0261,64956127609464320,7.4607,0.042,20.514,0.053,-45.7,0.034,1.094,6.895188,0.002777,6.892908,0.002886,6.86834,0.002853,0.024569,,,1.158,3136.687,1469.177,1817.141,1.0,2.60225117520529,0.001040745747127,0.0,0.0,0.0,,0.8796360869900532
0.0313,0.3406,0.0182,15,56.45578142319,0.0608,23.14287376917,0.0416,64956127609659008,7.668,0.0668,21.005,0.087,-45.23,0.053,1.046,16.652929,0.002932,18.232779,0.029654,15.376368,0.00459,2.856411,,,1.533,1082.665,36.776,297.905,1.0,0.2875444708833656,0.0017758682186766,0.0,0.0,0.0,,0.8818973887775895
0.1784,-0.0199,-0.0409,13,57.18418961094,0.1736,23.26046541298,0.1352,64933759417767424,7.5357,0.1683,17.137,0.23,-42.407,0.168,1.007,17.385319,0.014527,16.316759,0.151,15.401173,0.042654,0.915586,,,4.558,76.121,7.192,25.509,1.0,0.3514624610418895,0.0050110091867569,0.0,0.0,0.0,,0.8849962328990472
-0.0041,0.232,0.002,16,57.18299036631,0.0304,23.25961502031,0.0192,64933759417769984,7.3539,0.031,19.294,0.039,-44.885,0.024,1.393,8.33693,0.002776,8.461256,0.00295,8.076609,0.002881,0.384647,10.87,1.01,1.182,3248.394,1131.908,1508.589,1.0,1.6587153113071351,0.0108654031741764,0.7480309763616685,0.2574935656024035,0.4509700798337658,0.155264849617804,0.8851531806897724
0.3958,-0.1528,-0.3784,16,57.2542013232,0.0406,24.90260777619,0.0316,66779358406877568,7.6855,0.0475,20.284,0.057,-47.393,0.044,1.074,15.694813,0.002841,17.253107,0.00871,14.458935,0.003677,2.794172,,,1.487,1572.353,131.583,453.288,1.0,0.3879422749503752,0.0080146485988276,0.1682695098999093,0.0409333753071488,0.4337488352395572,0.1058939185355012,0.8852149454609052
-0.1119,0.0456,0.0503,16,55.60955126593,0.1008,23.8606077123,0.0736,65156891560085504,7.2869,0.1082,21.479,0.14,-44.347,0.093,1.002,17.641811,0.003195,19.618221,0.076453,16.316025,0.005308,3.302197,,,1.545,671.082,14.211,240.476,1.0,0.1899439345443651,0.0019823346120393,0.0,0.0,0.0,,0.8870457334973317
0.2187,-0.0062,-0.3247,16,57.57598217277,0.0725,24.58746632895,0.044,66755959425257856,7.5955,0.0816,19.594,0.092,-46.288,0.062,0.952,16.821295,0.0029,18.565859,0.018275,15.562358,0.004225,3.003501,,,1.488,1200.868,60.116,342.166,1.0,0.2623535490574817,0.001391657077725,0.0,0.0,0.0,,0.8899118798553424
0.0064,-0.0335,0.1489,15,55.57465383102,0.0709,24.11587920028,0.0555,68261053403709312,7.3705,0.0775,20.988,0.1,-45.196,0.072,0.996,17.022444,0.002963,18.84837,0.032722,15.73141,0.004929,3.11696,,,1.517,996.137,33.302,267.179,1.0,0.2410781086536797,0.0012443801220125,0.0,0.0,0.0,,0.8914656057245182
0.3232,0.1537,-0.0065,16,55.79070664544,0.064,24.6923139656,0.049,68317746971945600,7.7334,0.0698,23.193,0.084,-48.135,0.063,2.371,15.114011,0.002943,16.566931,0.005921,13.933933,0.003391,2.632998,,,1.438,1050.534,207.908,563.566,1.0,0.4484091515392373,0.0071296907181867,0.2593544606276106,0.0269294961685401,0.5783879738790662,0.0607556754422515,0.8937901218394249
0.0533,0.1558,-0.3273,16,57.38645295572,0.0186,23.38020424005,0.0118,64930495244783616,7.2651,0.0209,20.346,0.024,-44.301,0.016,1.198,9.034874,0.002765,9.25158,0.002835,8.664315,0.002812,0.587265,,,1.186,4799.576,2151.632,3099.976,1.0,1.428306047727161,0.0010011027732736,0.0,0.0859108666770428,0.0,,0.896505565720697
0.3044,0.2568,-0.0827,16,55.76236248276,0.0147,24.66955812561,0.0102,68317609532996480,7.4606,0.0169,19.449,0.02,-46.252,0.014,0.953,11.684883,0.002984,12.169249,0.00469,11.045845,0.003928,1.123404,5.51,0.64,1.222,948.259,288.022,392.719,1.0,0.8594685234252482,0.000722076143579,0.0,0.0,0.0,,0.8981063292048478
0.0317,0.298,-0.157,13,56.66674719151,0.0191,23.11012408117,0.0141,64952829074688896,7.4246,0.0206,19.263,0.026,-46.762,0.018,1.126,9.295629,0.002765,9.536065,0.002812,8.894408,0.002804,0.641657,6.4,1.01,1.19,4688.202,3105.668,3865.529,1.0,1.3534009386377204,0.0008496263507065,0.0,0.0738734906855432,0.0,,0.8997527394086585
0.1209,0.0437,-0.3606,15,57.71855293609,0.1305,23.9612690201,0.0745,66486510358371072,6.8268,0.1414,19.945,0.164,-45.361,0.104,4.034,6.930358,0.002771,6.965038,0.002861,6.828312,0.002863,0.136726,,,1.165,3661.577,1721.428,1695.504,1.0,2.355435061230094,0.0989202050338568,1.5659260176707068,0.150165113763057,0.6648139205556884,0.069598243448278,0.9030636428425062
-0.0011,0.3072,-0.1055,17,57.53599531467,0.097,24.67145692585,0.0624,66757746131459200,7.3571,0.1052,19.462,0.133,-46.864,0.083,0.923,17.477245,0.002928,19.351839,0.030072,16.179333,0.006066,3.172506,,,1.52,1096.835,36.261,201.567,1.0,0.2026465262947225,0.0022083637985296,0.0,0.0,0.0,,0.9068394649561476
0.1313,0.1158,-0.2589,17,57.7296108752,0.0195,24.1972465653,0.0124,66537981246228096,7.1956,0.0207,18.857,0.024,-43.386,0.016,1.068,11.425587,0.002837,11.855159,0.003455,10.82816,0.00312,1.026999,5.62,0.54,1.218,1603.615,532.921,777.577,1.0,0.900903047620342,0.0007923206324291,0.0,0.0,0.0,,0.9075900186218552
-0.014,0.1329,-0.1127,17,57.48251419167,0.0286,24.74190453201,0.0175,66761903659793152,7.5836,0.0291,20.012,0.036,-45.628,0.023,1.077,15.173774,0.002795,16.563791,0.005279,14.01304,0.003045,2.550752,,,1.428,2303.203,242.282,891.115,1.0,0.4669339934795494,0.0033474834341757,0.0,0.0686445968505225,0.0,,0.9107938964361336
0.3854,-0.172,-0.5,16,57.64417563888,0.0145,24.50757202134,0.0107,66566946505629440,7.2329,0.0179,19.844,0.02,-45.041,0.015,1.08,12.286877,0.00289,12.848716,0.004469,11.577943,0.00366,1.270773,7.31,1.15,1.241,1243.127,310.965,458.517,1.0,0.7750854245049281,0.0006651872475275,0.0,0.0,0.0,,0.9111571105688415
0.1583,0.1146,-0.1553,17,57.73930403706,0.0338,24.10836898081,0.0186,66536331978799616,7.3355,0.0345,19.002,0.038,-44.097,0.024,1.034,15.43928,0.002915,16.828413,0.008051,14.27855,0.003579,2.549863,,,1.428,1142.048,143.762,484.55,1.0,0.4397256564099955,0.0006872091429538,0.0,0.0,0.0,,0.911243740107031
0.4096,-0.1306,-0.347,15,56.83687734919,0.0255,25.08656572477,0.0228,66846291177113088,7.3055,0.0314,18.659,0.033,-45.977,0.029,1.005,14.673388,0.00287,15.891913,0.005302,13.578023,0.003501,2.31389,,,1.39,1351.932,240.851,513.489,1.0,0.517815336473335,0.000651691083767,0.0,0.0207778380915331,0.0,,0.9113925617145193
0.0178,0.0036,0.1747,14,55.54560012636,0.0381,24.08553094902,0.0268,68259438496008832,7.5284,0.041,21.505,0.052,-44.482,0.034,1.579,14.768776,0.002849,16.127905,0.00459,13.620842,0.0031,2.507063,,,1.419,1495.473,297.866,803.897,1.0,0.487566544635893,0.0056626217588777,0.2984530465652323,0.0277251747528932,0.6121278210097707,0.0573070753916421,0.9117722849733593
0.2478,0.1123,-0.1412,16,55.80058954738,0.0392,24.74574675825,0.0285,68323966084583680,7.3381,0.0432,19.597,0.054,-46.915,0.038,1.12,15.649356,0.002902,17.356039,0.010403,14.392746,0.003763,2.963293,,,1.49,1193.26,108.337,429.927,1.0,0.3279432334983407,0.0110837844692492,0.293208221310323,0.0140051496070114,0.894082241559061,0.0523157368791865,0.9139423056513176
0.254,0.1397,-0.2167,13,55.70385233586,0.0818,23.58000313661,0.0545,65136791113382912,7.4618,0.0946,21.679,0.102,-46.491,0.071,1.05,16.743004,0.003138,18.552668,0.015218,15.475222,0.005959,3.077446,,,1.49,723.085,72.574,206.18,1.0,0.2694674775593959,0.0007207633257103,0.0,0.0,0.0,,0.9151010336332054
-0.0434,0.3449,0.0106,15,56.58921758663,0.1558,23.0856995994,0.1109,64952068862923520,7.1363,0.1713,18.171,0.223,-45.36,0.149,0.876,17.930954,0.003478,19.97743,0.087795,16.595785,0.00954,3.381645,,,1.55,511.75,12.373,119.009,1.0,0.1698847996961671,0.0033676587158597,0.0,0.0077368777523328,0.0,,0.9208381786671839
0.1136,0.0623,-0.2809,16,57.74244001261,0.0633,23.9283579453,0.0361,66485582645439104,7.2621,0.0648,18.431,0.08,-43.314,0.049,1.005,16.709013,0.002902,18.453854,0.013937,15.451104,0.003467,3.002749,,,1.486,1191.286,79.51,527.69,1.0,0.2744319102829855,0.0011603696716798,0.0,0.0,0.0,,0.9211492296463266
0.2072,-0.0124,-0.2121,17,57.25981898023,0.0193,23.25223911266,0.0135,64923279699744256,7.3054,0.0209,19.731,0.024,-44.428,0.017,1.145,11.473286,0.002902,11.914596,0.003267,10.86683,0.003085,1.047766,5.8,0.53,1.219,1191.404,638.984,824.671,1.0,0.8926361449605278,0.000848702707879,0.0,0.0,0.0,,0.9227966086082192
0.2239,0.1313,-0.2293,16,55.7559044282,0.0768,23.49166437152,0.0579,65088275162687104,7.5497,0.0915,20.33,0.097,-46.807,0.073,0.904,16.996695,0.003101,18.775732,0.025376,15.729276,0.005448,3.046456,,,1.494,762.931,43.046,232.034,1.0,0.2443585295643433,0.001507273264353,0.0,0.0,0.0,,0.9249582016320882
0.2727,-0.0589,-0.0726,16,55.55626341952,0.1173,24.31367196396,0.0893,68284104491279872,7.273,0.1294,18.714,0.154,-45.287,0.12,1.045,17.849161,0.003298,19.979172,0.053522,16.521389,0.009368,3.457783,,,1.532,599.317,20.313,121.41,1.0,0.1732410559624422,0.0022582699471248,0.0,0.0,0.0,,0.9273116798080995
0.1624,0.0636,-0.372,16,57.72778472774,0.0632,24.36532670246,0.0389,66560727393001216,7.5241,0.0719,19.169,0.074,-47.1,0.053,0.984,16.679499,0.002918,18.390163,0.017021,15.42267,0.003521,2.967493,,,1.49,1131.89,64.662,505.36,1.0,0.2789858285875903,0.001157902509193,0.0,0.0,0.0,,0.9292888654934047
0.2264,0.1382,-0.1175,15,55.72227588593,0.0509,23.51855675012,0.0365,65135176205557888,7.8157,0.0596,21.313,0.064,-47.166,0.045,1.042,16.075401,0.002937,17.695559,0.011112,14.843436,0.004318,2.852122,,,1.472,1068.36,100.938,329.435,1.0,0.3552088085071399,0.0013472225950291,0.0,0.0102701213354331,0.0,,0.9332132140237853
0.1025,-0.1194,-0.1493,17,57.07381062716,0.0175,25.04764063409,0.0123,66832100605159424,7.5324,0.0191,19.517,0.024,-47.057,0.016,1.337,10.744773,0.002851,11.121812,0.003698,10.203328,0.003223,0.918484,5.33,0.37,1.206,1485.152,447.299,673.025,1.0,1.021629389543216,0.0009211800597063,0.0,0.0,0.0,,0.9334153180315667
0.0728,0.2494,-0.1186,13,56.65036306525,0.0504,23.0712932923,0.037,64951111087777536,7.8913,0.0539,20.971,0.07,-46.88,0.047,1.042,15.922808,0.002872,17.568861,0.014759,14.688958,0.003769,2.879903,,,1.471,1338.658,74.915,428.452,1.0,0.3550386906825733,0.0087810603674787,0.1555634893288279,0.0390890166427034,0.4381592581635318,0.1106299529599528,0.9361865620540946
0.2141,-0.1597,-0.2464,16,57.17568673916,0.0368,25.00769635422,0.0237,66831069813319936,7.3965,0.0401,19.764,0.054,-46.081,0.034,1.161,15.47262,0.00301,16.954754,0.012021,14.285221,0.003922,2.669533,,,1.442,895.993,92.852,393.822,1.0,0.4295599052706474,0.0047992980219294,0.0,0.071821900381733,0.0,,0.9370677233724348
0.0548,-0.0574,-0.1742,16,57.34143853207,0.0665,24.91186927953,0.0447,66779564565300224,7.4469,0.0713,20.536,0.097,-45.845,0.06,1.064,16.700275,0.002868,18.416279,0.024239,15.442813,0.003637,2.973466,,,1.49,1364.305,45.092,465.246,1.0,0.2763521584759015,0.0012716798499234,0.0,0.0,0.0,,0.9383127309397429
-0.0592,0.316,-0.1953,13,56.70335512922,0.0381,23.06855140288,0.0269,64905618794174720,7.2904,0.0427,20.841,0.054,-45.296,0.034,1.225,15.04029,0.003083,16.368811,0.007766,13.89092,0.00546,2.477891,,,1.427,784.637,149.82,231.312,1.0,0.4842932883835784,0.0010726674152011,0.0,0.0265466683583884,0.0,,0.9392792822496531
0.0931,0.2786,-0.0197,15,56.59017739646,0.1287,23.06676483934,0.0916,64951626483855744,7.4286,0.14,19.397,0.196,-45.683,0.124,1.404,16.956253,0.003873,18.942444,0.041547,15.606698,0.004643,3.335746,,,1.575,398.894,26.192,292.611,1.0,0.2341968491718237,0.0071863173591345,0.0,0.0585700943525635,0.0,,0.9410072929690582
0.0422,0.2215,0.0631,16,56.30646591339,0.0144,25.08756084914,0.0104,69834759483788928,7.5248,0.0163,20.586,0.017,-46.245,0.013,1.089,12.777334,0.003185,13.446063,0.006629,11.981714,0.004756,1.464349,3.38,7.31,1.268,679.455,180.561,281.933,1.0,0.717861157993829,0.0005264810819346,0.0,0.0,0.0,,0.9435487933023072
0.3513,0.0177,-0.5363,14,57.4206047634,0.0315,23.34136964836,0.0274,64929391436043264,7.3515,0.0408,18.733,0.041,-45.133,0.038,1.213,8.094326,0.002778,8.184235,0.002848,7.911143,0.002833,0.273091,,,1.166,3044.986,1906.855,2204.525,1.0,1.7787255561733328,0.0041187251933937,0.2025814607540886,0.3132903217172686,0.1138913533068659,0.1761321030161542,0.944145592419421
0.3346,0.0738,-0.166,15,56.61407039499,0.0167,25.13533113169,0.0135,69847610026687104,7.4683,0.0203,20.866,0.021,-45.54,0.016,1.063,10.402031,0.002859,10.737002,0.003802,9.900019,0.003351,0.836984,6.25,0.52,1.201,1423.468,420.32,584.778,1.0,1.0903223413367762,0.000877070899912,0.0,0.018351879625117,0.0,,0.9450117788119538
-0.0079,0.0516,-0.1266,17,57.16924995575,0.1491,25.02202726586,0.0928,66831172892327680,7.166,0.1488,19.989,0.212,-44.094,0.123,0.955,18.074499,0.003309,20.373697,0.105955,16.704256,0.007784,3.669441,,,1.574,592.581,10.251,149.421,1.0,0.1580733743608754,0.002920495797591,0.0,0.0104615016189145,0.0,,0.9454661806774397
0.2731,-0.0448,-0.0305,16,55.51203056789,0.0318,24.20989889242,0.025,68265588889169664,7.4261,0.0357,20.323,0.041,-45.864,0.032,1.055,15.268429,0.002954,16.649843,0.006029,14.112316,0.003921,2.537527,,,1.424,1018.367,203.139,394.165,1.0,0.4589512931471771,0.0005201366708632,0.0,0.0,0.0,,0.948330104375873
0.1243,0.173,-0.0559,16,56.32570328428,0.0154,25.09934109815,0.0112,69834866859848192,7.4821,0.0175,20.864,0.018,-46.294,0.013,1.059,13.570004,0.003488,14.436668,0.009567,12.655458,0.00616,1.78121,7.03,4.97,1.304,507.585,118.649,197.694,1.0,0.6134999250060236,0.000536553403346,0.0,0.0,0.0,,0.9492767182240963
0.2074,-0.1232,0.0575,14,55.5016245426,0.1978,24.17006028248,0.1594,68263145050803840,7.0928,0.2203,21.137,0.288,-45.905,0.207,1.048,18.587467,0.003599,20.959158,0.103764,17.172539,0.009166,3.786619,,,1.631,468.766,10.467,124.355,1.0,0.1298870308238515,0.0076667493030732,0.0,0.0073712364317494,0.0,,0.9496440784520326
0.1518,0.1238,-0.2382,16,56.09235889438,0.1923,23.18174556471,0.1332,65064837524605312,7.2013,0.2213,19.286,0.234,-43.283,0.166,1.072,18.181866,0.003612,20.410484,0.144717,16.785686,0.006928,3.624798,,,1.616,464.807,7.504,171.228,1.0,0.1527537153316211,0.0044046703704552,0.0,0.0078321446462637,0.0,,0.950519936578423
-0.0659,0.0874,0.075,14,57.0997247358,0.0874,23.13547163119,0.0584,64909153549943296,7.4906,0.0865,18.026,0.111,-46.277,0.073,0.996,17.242805,0.003073,19.077133,0.039139,15.96666,0.005437,3.110473,,,1.497,797.509,27.811,232.656,1.0,0.2218231023602181,0.0018479382175323,0.0,0.0,0.0,,0.9512754975788681
0.1548,0.0614,0.0371,15,55.51227170472,0.0674,23.9315503765,0.0468,65161250950264192,7.1925,0.0706,21.65,0.09,-44.006,0.06,0.931,15.555487,0.002948,16.417515,0.006896,13.708513,0.003377,2.709002,,,2.635,1037.001,172.166,570.7,1.0,0.4708560331750663,0.0010061914821359,0.0,0.0,0.0,,0.9543138126554351
0.1602,0.2258,0.0202,16,56.26209890465,0.0678,25.08865176266,0.0498,69834282744302208,7.4443,0.078,20.687,0.08,-45.788,0.059,0.872,16.973806,0.003196,18.847755,0.030544,15.675518,0.005052,3.172237,,,1.521,670.198,35.696,257.832,1.0,0.2446184975932226,0.0007120493079675,0.0,0.0,0.0,,0.9559340701838159
0.2952,-0.07,-0.2798,17,57.24911039741,0.2054,23.20188117545,0.1443,64921389914137984,7.405,0.2389,21.466,0.264,-43.402,0.187,1.595,17.961342,0.005647,20.240393,0.074283,16.4562,0.004916,3.784193,,,1.773,220.254,14.626,268.26,1.0,0.1691185895193552,0.0043071653650455,0.0,0.0134461301910842,0.0,,0.9586635451298664
0.1993,0.0396,-0.2408,17,57.30137654976,0.0168,23.22814047452,0.0112,64922283267331968,7.4954,0.0183,19.729,0.02,-46.045,0.014,1.125,13.63343,0.003049,14.518898,0.005504,12.701284,0.004346,1.817614,,,1.314,832.061,228.843,325.784,1.0,0.6077833939639052,0.0006021033473764,0.0,0.0,0.0,,0.9626005312796551
-0.307,-0.0093,0.0819,13,56.01779348562,0.1525,24.9896169244,0.0942,69829609819915648,6.8737,0.157,18.686,0.229,-47.788,0.133,9.547,10.561445,0.002944,10.907932,0.004246,10.044397,0.003626,0.863535,5.34,0.63,1.205,1047.34,339.293,468.914,1.0,1.0589637684601214,0.0008511560031724,0.0,0.0,0.0,,0.9630568063914282
0.1448,0.0084,-0.0431,16,56.85755304008,0.0481,25.14231117639,0.0375,66847631206903040,7.4913,0.0522,20.02,0.059,-46.629,0.047,1.472,15.424488,0.003595,17.10973,0.016936,14.1731,0.005411,2.936629,,,1.486,470.103,64.994,234.176,1.0,0.3532884142133589,0.0085510482320899,0.3249677316399533,0.0112759366695891,0.91983693369491,0.0389150435680099,0.9669745474615943
-0.0598,0.1434,-0.1105,15,55.86760937924,0.0496,24.89179594487,0.0318,68327402058399232,7.4514,0.0502,20.933,0.074,-45.634,0.045,1.06,15.965781,0.002955,17.541262,0.017167,14.746066,0.003615,2.795196,,,1.464,1016.416,64.097,472.36,1.0,0.3703551364548769,0.000637034293592,0.0,0.0,0.0,,0.9680417624674217
0.2188,0.0555,-0.1653,15,56.21473010374,0.0721,25.08777464661,0.0556,69837134602589952,7.2065,0.084,19.551,0.085,-45.858,0.066,1.029,16.97633,0.003031,18.871391,0.026147,15.692143,0.004952,3.179248,,,1.5,858.933,41.762,265.364,1.0,0.2435223598915936,0.00071802593574,0.0,0.0,0.0,,0.9687886320861708
0.1741,0.1281,-0.2156,16,57.80039695024,0.0186,23.93243025023,0.0117,66482868226100096,7.57,0.0199,19.627,0.025,-46.633,0.016,1.051,14.081378,0.002985,15.105553,0.006053,13.072544,0.004307,2.033009,,,1.348,944.8,202.133,330.953,1.0,0.5680834064005018,0.0005076096616871,0.0,0.0,0.0,,0.9727039312576009
0.2829,0.1201,-0.2105,17,57.38409775234,0.0884,23.27149886958,0.0623,64928674178659968,7.403,0.0999,20.455,0.114,-44.87,0.083,0.923,17.513542,0.003028,19.414448,0.037864,16.219572,0.006223,3.194876,,,1.512,864.262,28.753,195.207,1.0,0.1990887996194943,0.0021637314891798,0.0,0.0,0.0,,0.9734798994344329
0.2199,0.0944,-0.2132,17,57.41426344138,0.0285,23.28990844525,0.0189,64928605459180416,7.2346,0.0317,18.622,0.034,-44.545,0.024,1.96,10.937686,0.002898,11.320791,0.004279,10.378372,0.003536,0.942419,18.19,6.96,1.214,1207.356,334.695,499.818,1.0,0.9864889121278114,0.000818143799338,0.0,0.0,0.0,,0.9742396626893955
0.2411,0.2216,-0.029,16,56.62930786526,0.1676,23.02615224308,0.1335,64950488315122560,6.9641,0.1838,18.403,0.245,-44.556,0.173,0.872,17.991745,0.003353,19.923357,0.083603,16.630642,0.010425,3.292715,,,1.597,568.114,12.994,108.085,1.0,0.1686958056920924,0.0039934019976519,0.0,0.0077368777523328,0.0,,0.9743028211281431
-0.0959,-0.2693,0.2318,12,55.47065675739,0.0965,24.12341385043,0.0687,68262973252098304,7.3223,0.1084,19.992,0.147,-46.077,0.094,1.047,17.22576,0.00315,19.043566,0.034594,15.952443,0.006764,3.091123,,,1.496,711.603,31.487,176.22,1.0,0.2233996873380981,0.0017373846923988,0.0,0.0,0.0,,0.976178261830249
0.0428,0.1656,-0.0822,15,55.77315476853,0.0311,24.82441093119,0.0211,68325649711754880,7.3666,0.0327,18.42,0.046,-46.966,0.028,1.525,14.418429,0.00298,15.786762,0.006567,13.26437,0.003674,2.522392,,,1.424,955.836,182.629,454.201,1.0,0.4855442439830766,0.0095051580136055,0.4470584338507738,0.0167319458097955,0.9207367596069284,0.0388894755688374,0.978162668932284
-0.0558,-0.0165,0.024,14,55.98635194866,0.0351,24.9933242578,0.0225,69829541100441600,7.5412,0.0358,21.269,0.05,-45.125,0.032,1.069,15.050903,0.002915,16.382839,0.006645,13.917029,0.003494,2.46581,,,1.409,1140.382,180.036,516.108,1.0,0.4826926920346062,0.0006023984512299,0.0,0.0122071787590395,0.0,,0.9800659414363491
-0.0763,0.3387,-0.1824,15,56.46653993674,0.0651,25.16698929533,0.0456,69859124835119360,7.4198,0.0765,18.782,0.084,-45.499,0.056,0.929,16.831028,0.003055,18.674034,0.029007,15.549652,0.004371,3.124382,,,1.503,822.173,37.605,322.724,1.0,0.2595471616446003,0.000725718879602,0.0,0.0,0.0,,0.984175051427229
0.1243,0.0867,-0.3031,17,57.82952312548,0.0272,24.17012515879,0.0158,66542551091588352,7.7571,0.0291,20.715,0.032,-48.225,0.021,1.074,14.994947,0.002802,16.342287,0.00477,13.846723,0.003253,2.495564,,,1.422,2129.156,280.656,648.987,1.0,0.4843032256560846,0.0050973075008173,0.0,0.0944944021045729,0.0,,0.9847512777550289
-0.0038,0.2956,-0.214,15,56.48745217517,0.0663,23.02458156965,0.0501,64857721317916032,7.4406,0.0832,20.839,0.088,-46.31,0.06,1.126,16.504587,0.002931,18.250481,0.018576,15.237978,0.004284,3.012503,,,1.497,1085.872,59.119,333.93,1.0,0.2984544906803918,0.0009015059719147,0.0,0.0,0.0,,0.985425421937862
0.2001,0.3087,-0.0075,16,56.5809410406,0.1827,23.01531666211,0.1425,64950625753906176,7.4048,0.2163,18.786,0.263,-44.406,0.182,0.991,17.679001,0.003861,19.939953,0.06623,16.229519,0.00613,3.710434,,,1.69,401.334,16.408,198.929,1.0,0.182023818017353,0.010355131440979,0.0,0.0400583307777645,0.0,,0.9882484973588942
0.1612,0.0315,-0.2215,17,57.72916554734,0.076,24.55084531392,0.0493,66567427541958784,7.0183,0.0824,17.49,0.101,-42.371,0.066,1.084,16.955412,0.002895,18.747786,0.024598,15.685095,0.004065,3.062691,,,1.495,1222.545,44.425,367.243,1.0,0.2475182572266837,0.0012014671003165,0.0,0.0,0.0,,0.9915180995557968
-0.0761,0.117,-0.2161,17,57.79812643881,0.0743,24.38680048679,0.0457,66550350752004352,7.7497,0.0762,18.591,0.098,-43.344,0.061,3.014,14.980229,0.002842,16.384867,0.005183,13.798022,0.003012,2.586844,,,1.449,1561.229,248.579,958.133,1.0,0.4636062965930982,0.0064676943842167,0.2799286709044631,0.0286052877126289,0.6038068787278643,0.0622740283302148,0.9947588572936791
0.1883,-0.1573,-0.2812,15,57.67018622912,0.1048,24.66724828792,0.0764,66850517426494208,7.2662,0.1155,19.464,0.159,-44.376,0.105,0.987,17.439728,0.003016,19.212,0.042464,16.13909,0.005975,3.07291,,,1.536,885.695,25.624,205.502,1.0,0.2084456767390094,0.0026965827620727,0.0,0.0,0.0,,0.9961613781843124
0.187,0.3432,0.065,16,56.29512452146,0.0517,23.0493093231,0.0352,64871740091177600,7.3827,0.06,19.704,0.067,-45.596,0.043,1.022,16.29566,0.004073,18.021383,0.018002,15.042358,0.008113,2.979025,,,1.483,361.936,61.051,142.526,1.0,0.3217836387650255,0.0051120325321,0.0,0.0491457372901974,0.0,,0.997714981708081
-0.0244,0.1963,-0.0129,16,56.48875204163,0.069,25.18671522376,0.0509,69859262274067584,7.0503,0.0777,20.31,0.084,-46.486,0.061,2.523,15.265581,0.002871,16.814035,0.007139,14.050293,0.00377,2.763742,,,1.463,1348.695,165.239,428.234,1.0,0.3977101695656863,0.0123805551439563,0.3174338194627801,0.0213204674409895,0.7981536398966845,0.0590860113154602,0.999052821665138
0.2661,-0.0097,-0.3394,16,57.85177827356,0.0156,24.0871723634,0.0093,66489259137570816,7.4936,0.0171,19.14,0.019,-45.078,0.013,1.105,12.779283,0.00289,13.456099,0.004654,11.986392,0.003507,1.469707,4.59,1.4,1.263,1242.815,291.455,511.071,1.0,0.7172525988527151,0.0005855454942298,0.0,0.0,0.0,,1.0
0.3876,-0.0414,-0.0529,16,55.4646441337,0.2193,24.32411786029,0.1684,68279225408437888,7.1789,0.2456,19.821,0.286,-43.578,0.223,1.008,18.960083,0.003751,21.188862,0.171889,17.566809,0.013173,3.622053,,,1.612,426.645,6.317,84.333,1.0,0.1159259314213694,0.0054682889562633,0.0,0.0,0.0,,1.0006315732421867
0.3295,-0.0551,-0.4648,14,56.03890906144,0.0603,23.14619150015,0.0541,65058760147520000,7.2998,0.0858,19.62,0.078,-44.382,0.07,0.999,16.57428,0.003134,18.373871,0.019972,15.299133,0.004399,3.074738,,,1.501,727.209,54.901,319.266,1.0,0.2875891056639315,0.003025255601557,0.0,0.0236096134961553,0.0,,1.004427267823874
-0.1363,-0.0412,0.0579,14,55.951482386,0.0231,25.00418502284,0.0152,69876712724339456,7.4727,0.0229,19.86,0.032,-45.603,0.021,1.114,11.434036,0.003707,11.902182,0.008555,10.793709,0.006225,1.108473,10.21,6.28,1.23,437.706,134.262,195.108,1.0,0.8990540869132694,0.0009751610929289,0.0,0.0710417481901676,0.0,,1.0048239930052902
0.1895,0.0733,-0.2502,16,57.42150191542,0.1793,23.24965822918,0.1131,64925444363253632,7.7098,0.2019,21.223,0.21,-44.595,0.15,1.517,17.65794,0.003848,19.77989,0.067209,16.171249,0.004927,3.608641,,,1.758,404.133,16.168,267.354,1.0,0.1907418112108504,0.0020642216515989,0.0,0.0,0.0,,1.0079385697045034
0.1049,0.095,-0.1851,16,57.82037107285,0.0162,23.8263996111,0.0095,66480944080770176,7.3533,0.0173,19.84,0.021,-46.761,0.013,1.169,12.090216,0.002801,12.629843,0.00314,11.399089,0.003049,1.230754,5.92,0.59,1.237,2160.598,753.856,883.046,1.0,0.8006711463726145,0.0006986689223724,0.0,0.0,0.0,,1.0100962590275464
0.0039,0.2809,-0.3263,14,57.79958344537,0.1137,23.745211805,0.0613,66445038154189952,7.4098,0.1248,18.659,0.16,-45.624,0.083,0.999,17.512774,0.002938,19.388319,0.034169,16.20945,0.00532,3.178869,,,1.527,1063.846,31.882,239.681,1.0,0.2001320315196338,0.002204404387957,0.0,0.0,0.0,,1.0138097546746623
0.1271,-0.0288,-0.2068,16,57.7650921351,0.0512,24.54295656381,0.0332,66658240329321088,7.5199,0.0552,19.247,0.068,-46.168,0.045,0.999,16.36067,0.002934,18.048218,0.015858,15.105106,0.003946,2.943111,,,1.491,1075.504,69.549,389.017,1.0,0.3180347072597198,0.0007953433466311,0.0,0.0,0.0,,1.0144485987328828
0.0088,0.2352,-0.136,16,55.58985581891,0.0167,24.66447145909,0.0119,68363411064150272,7.4125,0.0187,20.383,0.022,-45.169,0.015,1.12,13.830462,0.003259,14.770897,0.007654,12.864971,0.005054,1.905926,,,1.329,623.634,152.324,257.678,1.0,0.5898918203712301,0.0005364031747163,0.0,0.0,0.0,,1.0157954034806376
0.044,0.1755,0.0252,16,57.02435006099,0.0294,23.03395009216,0.0196,64895139073954944,7.3613,0.031,19.293,0.038,-44.998,0.025,1.101,15.133998,0.003122,16.501127,0.009838,13.985149,0.005287,2.515978,,,1.419,739.357,115.092,241.754,1.0,0.4728700438100311,0.0014091712896313,0.0,0.0326798032263034,0.0,,1.0178834681900122
-0.1386,0.1266,-0.1621,15,57.18360002515,0.0633,25.10607888928,0.039,66926211929978880,7.3862,0.0638,18.278,0.105,-46.0,0.056,1.005,16.598265,0.00299,18.312096,0.017101,15.348464,0.004629,2.963632,,,1.48,934.173,64.352,293.966,1.0,0.2870411628687425,0.0009455224369513,0.0,0.0,0.0,,1.0182783863656237
0.0756,0.0524,-0.2211,17,57.67568656987,0.1155,23.49238902122,0.0678,66431775295228288,7.6624,0.1208,21.066,0.159,-45.952,0.092,0.97,17.713388,0.002956,19.749584,0.052515,16.402296,0.009396,3.347288,,,1.519,1014.711,20.704,121.015,1.0,0.1837936149334988,0.0019723396413254,0.0,0.0,0.0,,1.0185044657271687
0.0873,0.1001,-0.0918,16,55.51383787112,0.0305,24.5368803916,0.0217,68291977168100480,7.2718,0.0347,19.16,0.036,-44.291,0.027,1.072,15.252396,0.00298,16.605614,0.007445,14.102098,0.004181,2.503516,,,1.423,956.154,157.295,348.753,1.0,0.4613983741128751,0.0005347734871035,0.0,0.0,0.0,,1.0198747550822471
0.2258,0.2678,-0.0614,16,56.52195568293,0.0155,22.98141924341,0.0123,64856312568645248,7.6463,0.0188,20.514,0.02,-47.91,0.015,1.081,13.413954,0.002883,14.269874,0.004188,12.502337,0.003797,1.767537,,,1.304,1281.511,347.645,421.52,1.0,0.6328138860951273,0.0007300043094841,0.0,0.0322341048616624,0.0,,1.0211958659856284
-0.1307,0.2969,-0.0629,15,55.49459139514,0.0206,23.70713528477,0.0126,65153833543386624,7.3729,0.0207,19.954,0.025,-45.753,0.015,0.985,13.935524,0.003235,14.910838,0.007363,12.961369,0.004962,1.94947,,,1.328,640.423,159.353,264.574,1.0,0.5805360496792357,0.0004883690450225,0.0,0.0,0.0,,1.0218973049527447
0.0954,0.1482,-0.264,15,57.85568054293,0.0164,23.88917177889,0.009,66481734354737792,7.4148,0.0182,19.114,0.02,-46.862,0.012,1.015,13.465058,0.00296,14.303123,0.005383,12.563636,0.003882,1.739487,6.11,7.17,1.301,1004.604,235.868,402.241,1.0,0.626160270789565,0.0006202262111504,0.0,0.0,0.0,,1.0228006562904715
0.0925,0.2063,-0.0884,15,56.91586191033,0.0914,23.00110222643,0.0626,64900739711320960,7.5102,0.0979,18.686,0.131,-45.006,0.082,1.007,17.231815,0.00306,19.033255,0.049184,15.956007,0.00849,3.077248,,,1.501,815.139,22.111,135.409,1.0,0.2234663842443944,0.0018007839317543,0.0,0.0,0.0,,1.0237455190220357
0.1538,0.0447,0.012,16,56.00959167318,0.0248,25.06475519189,0.0178,69878503727603072,7.5214,0.0264,20.526,0.034,-44.502,0.025,1.02,14.705767,0.002843,15.935193,0.004977,13.608971,0.003343,2.326222,,,1.39,1549.866,263.416,589.883,1.0,0.5150221439846492,0.0004646733943386,0.0,0.0087002588424532,0.0,,1.0247439780564191
0.1216,0.2017,-0.3684,15,57.52090986726,0.0973,23.3046378417,0.0665,64927368508592512,7.4189,0.1185,19.02,0.128,-46.853,0.09,0.991,17.534443,0.003036,19.451115,0.037942,16.234961,0.005763,3.216154,,,1.517,851.461,28.693,215.309,1.0,0.1973860919159034,0.0019554093749893,0.0,0.0,0.0,,1.026320570379106
-0.0049,0.2393,0.0038,15,55.42678496717,0.2489,23.91569712568,0.1576,68161921261591808,7.1128,0.2572,18.22,0.337,-46.059,0.203,1.083,18.598301,0.003796,20.612793,0.134637,17.172953,0.013302,3.43984,,,1.678,415.74,8.066,83.48,1.0,0.1230778424118093,0.0124937432812478,0.0,0.0071879890965451,0.0,,1.0273930288316204
0.1733,0.0447,-0.1738,16,56.15605465286,0.014,25.13758449624,0.01,69838302833692160,7.655,0.0163,22.077,0.017,-46.671,0.013,0.991,12.791924,0.002912,13.489324,0.004275,11.986783,0.003683,1.502541,6.81,1.37,1.265,1153.838,335.153,451.724,1.0,0.7154606006376887,0.0006321003265128,0.0,0.0,0.0,,1.02904728868114
0.0116,0.1928,-0.1829,16,55.53692422707,0.0266,23.58789591936,0.0199,65134592089910656,7.3089,0.0295,19.04,0.033,-44.25,0.024,1.116,14.803357,0.002903,16.046324,0.005719,13.696748,0.003589,2.349576,,,1.397,1185.737,217.486,481.105,1.0,0.5071399145827669,0.0005276996377132,0.0,0.0080036265805313,0.0,,1.029956565246041
0.0412,0.0698,-0.0156,15,55.9519419292,0.0577,25.0434049641,0.0395,69876923179646080,7.259,0.0582,19.278,0.076,-46.134,0.054,1.309,15.993855,0.003006,17.759949,0.011834,14.714858,0.003436,3.045091,,,1.51,903.219,94.41,541.313,1.0,0.3026779184580837,0.0133266263879784,0.2320935022288986,0.0171815759218341,0.7668002456579603,0.0660464081775875,1.0312766273755913
-0.724,0.332,-0.1548,10,55.85174576047,0.197,23.22490289942,0.1121,65063707949772672,7.3855,0.1196,20.899,0.252,-42.292,0.128,0.693,15.696248,0.005765,15.79145,0.122662,14.050344,0.043397,1.741106,,,2.581,214.417,8.854,25.071,1.0,0.4820690515056744,0.0020148045288146,0.0,0.0,0.0,,1.033693390864501
0.2815,0.0301,-0.1635,16,56.13412411807,0.0877,25.13659429381,0.067,69838131035001856,7.7114,0.1017,21.463,0.106,-48.073,0.085,0.947,17.42494,0.002949,19.299313,0.056577,16.12656,0.005963,3.172752,,,1.521,1032.96,19.214,206.032,1.0,0.2062936811273806,0.0022172667002412,0.0,0.0,0.0,,1.0354468385487503
0.2293,0.0391,-0.4229,16,57.87484201908,0.0237,23.89903557128,0.0132,66481837433947392,7.5336,0.0246,18.763,0.029,-45.89,0.019,1.299,13.02816,0.002946,13.758848,0.005007,12.188227,0.003982,1.570621,3.35,5.19,1.282,1040.856,261.158,382.134,1.0,0.6908089516866938,0.00060820379099,0.0,0.0,0.0,,1.0392168130835042
0.1342,0.079,-0.2985,17,57.61403231496,0.0624,23.37901255936,0.0374,66429232674604544,7.2806,0.0693,19.838,0.077,-44.854,0.051,1.038,16.541801,0.003069,18.27351,0.019684,15.270677,0.004196,3.002833,,,1.504,802.964,55.721,346.415,1.0,0.294019066052297,0.0008322621786908,0.0,0.0,0.0,,1.0400953455260424
0.1716,0.0418,-0.1751,16,57.24294597153,0.032,23.0940212472,0.0204,64916751349465856,7.4416,0.0332,20.627,0.04,-46.778,0.026,1.096,15.26213,0.002892,16.628113,0.005993,14.110522,0.003658,2.517591,,,1.422,1237.027,204.701,459.114,1.0,0.4599437790937145,0.0005099288302826,0.0,0.0,0.0,,1.0403468995339915
0.0979,0.0765,-0.2954,17,57.76373831664,0.1155,23.58322824286,0.0629,66441323003146112,7.304,0.1223,17.979,0.154,-44.825,0.087,1.051,17.535738,0.003007,19.467857,0.03695,16.221081,0.004859,3.246777,,,1.535,902.46,29.468,272.905,1.0,0.1972208651496214,0.0018336688562087,0.0,0.0,0.0,,1.0408951210385402
-0.1984,0.2149,0.0618,14,56.97037306571,0.0568,22.9925993308,0.0349,64894623677888640,7.2257,0.0566,17.458,0.084,-44.842,0.046,1.036,16.176619,0.002905,18.01964,0.020905,14.899844,0.003456,3.119796,,,1.497,1179.141,52.406,532.412,1.0,0.2819914697159424,0.0120531005104278,0.2102984111609783,0.0162562493699219,0.7457616053876293,0.0658738851127157,1.0413539825762559
-0.0365,0.2401,-0.0929,15,56.41275809461,0.0211,25.22420894537,0.0149,69860293066219136,7.3291,0.0239,19.832,0.026,-45.078,0.018,1.012,14.256176,0.00346,15.339489,0.009643,13.218296,0.005768,2.121193,,,1.362,518.599,117.623,215.082,1.0,0.5533839042013766,0.0003781802510971,0.0,0.0,0.0,,1.041679105768768
0.055,0.0406,-0.0482,15,55.94994861467,0.02,25.05300565393,0.0136,69877163697813248,7.5273,0.0199,20.977,0.026,-46.052,0.018,1.138,13.915545,0.003092,14.873429,0.006045,12.946084,0.004531,1.927345,,,1.328,773.69,202.467,304.173,1.0,0.5826232661582234,0.0005025781411753,0.0,0.0,0.0,,1.0418752070385264
-0.493,-0.1099,0.1176,13,55.86099896616,0.0334,24.99413271748,0.021,69876506565909632,7.537,0.0295,19.041,0.054,-44.587,0.032,2.198,12.238136,0.003337,12.790103,0.007286,11.430503,0.006201,1.3596,6.44,1.47,1.322,576.839,161.306,196.062,1.0,0.7811369230344201,0.003599046888103,0.2944993769107381,0.1915170332997593,0.3770137708594288,0.2451834426811967,1.0434086188886034
0.3075,0.199,-0.1541,14,55.64182280027,0.1738,23.41427037594,0.1162,65128506120036352,7.1537,0.2095,19.028,0.188,-45.311,0.141,0.96,18.148575,0.003275,20.36319,0.070329,16.807646,0.012697,3.555544,,,1.542,613.186,15.45,87.652,1.0,0.1537746778691565,0.0042715824854931,0.0,0.0078321446462637,0.0,,1.0438711379214212
0.2214,0.0402,-0.1854,16,57.21119391555,0.0795,23.07486184166,0.0533,64896101146708224,7.8194,0.0848,20.951,0.102,-48.334,0.068,1.023,17.194057,0.003119,19.137468,0.036358,15.899172,0.004566,3.238297,,,1.508,743.216,29.951,300.443,1.0,0.2228637511888081,0.0010976296895021,0.0,0.0,0.0,,1.043929071424799
0.1061,0.0591,-0.1619,16,57.27475569261,0.0515,23.10591765635,0.0359,64917094946846848,7.4822,0.0553,18.893,0.068,-46.583,0.046,1.16,16.074583,0.002967,17.678179,0.012119,14.841445,0.003734,2.836734,,,1.476,986.685,92.065,437.628,1.0,0.3561197803297044,0.0006471908164348,0.0,0.0,0.0,,1.0445442307894874
0.2267,0.0164,-0.1211,15,56.72520599409,0.0285,25.24564655686,0.0222,69854348831573504,7.2283,0.0333,19.38,0.036,-43.662,0.027,1.053,15.038713,0.002958,16.355391,0.006784,13.906964,0.004186,2.448426,,,1.409,1009.839,175.576,347.97,1.0,0.4845353899653522,0.0005333333844645,0.0,0.0080652337389346,0.0,,1.0477544005492962
0.1929,0.0043,-0.0423,16,55.41178695038,0.0943,24.38574612746,0.0718,68282837477714816,7.2931,0.105,20.669,0.118,-44.7,0.09,0.971,17.633608,0.003075,19.569696,0.049793,16.324949,0.005715,3.244747,,,1.527,795.044,21.84,217.693,1.0,0.1912075794017814,0.0020716994705186,0.0,0.0,0.0,,1.0542445618175464
0.268,0.1608,-0.1715,15,56.03679639519,0.0244,23.07970589559,0.0182,64870296982175488,7.3897,0.0299,21.634,0.029,-45.152,0.022,1.135,14.497981,0.003177,15.656166,0.007351,13.432903,0.004741,2.223263,,,1.372,686.328,159.642,283.242,1.0,0.5332773033079818,0.0005251558024469,0.0,0.0,0.0,,1.0543101048432522
0.0953,0.1883,-0.1595,15,56.64507578819,0.0204,22.93528104262,0.0163,64808483812941440,7.3064,0.0232,19.451,0.027,-45.279,0.021,1.12,14.011793,0.002923,14.998876,0.00483,13.023469,0.003506,1.975407,,,1.338,1113.539,275.402,511.324,1.0,0.5744257376732498,0.0005762665379883,0.0,0.0,0.0,,1.056891991075703
0.4625,-0.0436,-0.365,13,55.65117902937,0.0558,23.36783880667,0.0464,65079788307324672,7.506,0.0711,19.556,0.065,-43.929,0.059,1.038,16.140701,0.003403,17.753311,0.014735,14.908607,0.005345,2.844705,,,1.474,543.733,75.04,238.179,1.0,0.3473331666577837,0.0006716436132314,0.0,0.0,0.0,,1.059022767954138
0.215,0.1006,-0.2449,17,57.48549182751,0.0159,23.21843142395,0.0095,64924413571101952,6.9543,0.0171,18.921,0.02,-43.201,0.013,1.066,10.138832,0.002782,10.44442,0.002909,9.66561,0.002851,0.77881,6.97,1.08,1.198,2840.21,1316.768,1849.552,1.0,1.1462126981520488,0.0009510026935666,0.0,0.0330509544918102,0.0,,1.0595043795335375
0.2377,0.1491,-0.176,15,55.67670942939,0.0809,23.33896669258,0.0599,65078929312363392,7.5403,0.0989,20.646,0.095,-46.354,0.072,1.066,16.435478,0.006445,16.980797,0.041154,14.132764,0.008649,2.848033,,,3.949,186.353,26.443,132.62,1.0,0.4007425205398251,0.0021872045194674,0.0,0.0,0.0,,1.063221914433287
-0.0633,-0.0853,0.025,14,55.86628662904,0.1446,25.02789517561,0.0978,69877468638718720,7.4883,0.1461,18.004,0.203,-45.174,0.14,0.974,18.05234,0.003325,20.508715,0.112259,16.654936,0.008317,3.853779,,,1.6,583.637,9.675,138.583,1.0,0.1576990370596583,0.006739142893552,0.0,0.0185846809900196,0.0,,1.0642926260348786
0.0729,0.1245,-0.1169,17,57.4867642826,0.2455,24.98514894211,0.1483,66874599304044160,7.6496,0.2556,18.71,0.347,-45.819,0.199,0.963,18.870001,0.00354,20.729593,0.139199,17.44471,0.017525,3.284883,,,1.695,488.634,7.801,62.756,1.0,0.108598269929458,0.0132790280426301,0.0,0.0,0.0,,1.0650025473759512
0.0235,0.393,-0.0125,15,55.41503159546,0.0196,23.76288351385,0.0127,65151531440914560,7.6271,0.0214,22.104,0.026,-46.896,0.016,1.04,13.867477,0.002994,14.802361,0.005523,12.916341,0.003285,1.88602,,,1.317,927.377,227.778,626.415,1.0,0.5867777056133986,0.0006498794618023,0.0,0.0,0.0,,1.066202150647806
0.1205,0.2503,-0.0082,16,55.63011375428,0.0835,24.82248021988,0.0609,68367190635351936,7.427,0.0937,20.142,0.114,-45.809,0.078,1.026,17.305487,0.00301,19.210033,0.031516,15.999046,0.004258,3.210987,,,1.528,895.955,34.587,337.567,1.0,0.2151484756257646,0.0016496505260773,0.0,0.0,0.0,,1.067246626682217
0.1197,0.0569,-0.0117,15,55.36208894087,0.0449,24.01718271549,0.0306,68167835432980480,7.3905,0.0466,20.348,0.06,-45.024,0.043,1.182,15.505199,0.002893,17.248701,0.007773,14.248546,0.003504,3.000155,,,1.485,1229.873,149.654,512.418,1.0,0.3414336196328937,0.0092371316862817,0.3120364138461284,0.0116057935393092,0.913900670301967,0.0420323697698,1.068761660838332
0.1593,0.057,-0.2659,16,57.89280600087,0.0779,23.79703272574,0.0451,66468918172339328,7.2917,0.0837,19.108,0.096,-45.416,0.061,0.964,17.061905,0.002881,18.879023,0.020096,15.782236,0.00367,3.096786,,,1.504,1290.223,54.555,455.379,1.0,0.2377687628757696,0.0015236628232419,0.0,0.0,0.0,,1.071268696211913
0.1867,0.2325,-0.055,15,56.66006365314,0.0178,22.91958420692,0.0142,64808204638390912,7.1861,0.0204,19.924,0.023,-43.549,0.017,1.037,9.306278,0.002769,9.554723,0.002845,8.897336,0.002855,0.657387,5.59,0.45,1.19,3977.229,1955.936,1793.605,1.0,1.3497697186174198,0.001914033600552,0.0,0.1983729363229244,0.0,,1.0751626400700443
-0.1708,-0.0966,0.1362,15,57.07039222939,0.0301,25.21491968688,0.0199,66939848447027584,7.3965,0.0306,18.111,0.048,-45.724,0.028,1.265,9.118056,0.002794,9.297057,0.005274,8.638018,0.004694,0.659039,7.02,0.74,1.27,2329.21,242.601,287.638,1.0,1.384293824443341,0.0138274590236234,0.8625224495988811,0.0740251566878873,0.6230775824964204,0.0538359995745271,1.0768391534263462
0.1419,0.0192,-0.1352,16,57.91338206199,0.0835,23.85491522238,0.054,66469742806047744,7.6228,0.0889,18.863,0.109,-46.429,0.071,1.056,17.095089,0.002902,19.079287,0.040945,15.758581,0.003752,3.320705,,,1.558,1192.904,26.579,432.704,1.0,0.2327278772477908,0.0026188946170429,0.0,0.0,0.0,,1.077370384223756
0.0471,0.1248,-0.0679,15,56.69618219835,0.018,22.91437971648,0.0131,64899017426872960,7.221,0.0197,18.758,0.024,-45.002,0.017,1.057,10.343078,0.002849,10.67296,0.003897,9.844388,0.003313,0.828572,7.07,0.55,1.202,1501.812,399.036,607.889,1.0,1.1017675455538534,0.0010989207154743,0.0,0.0229191896434352,0.0,,1.0795376166013488
0.1692,-0.1942,-0.3154,15,57.86348961017,0.0252,24.51844875471,0.0147,66657415696297344,7.2899,0.0272,19.747,0.033,-45.451,0.021,0.939,8.769578,0.002769,8.962629,0.00281,8.428415,0.002805,0.534214,15.5,3.0,1.183,3941.745,3267.176,3760.324,1.0,1.5063962060104306,0.0074228107058662,0.4715355546184569,0.3496486769774402,0.3130222664774767,0.2321144965980296,1.0830270711853354
-0.0655,0.2632,-0.1934,16,57.92638266259,0.0629,24.36131180743,0.0367,66546742979468416,7.3857,0.067,19.795,0.076,-44.488,0.048,0.991,16.63125,0.002874,18.308577,0.015905,15.389677,0.003446,2.9189,,,1.476,1329.222,69.337,537.066,1.0,0.2848608147908292,0.0013897453576352,0.0,0.0,0.0,,1.088310676715045
0.2708,0.3583,0.0464,15,55.51625003415,0.1644,24.71230890278,0.149,68364544935515392,7.8671,0.1944,22.206,0.227,-46.624,0.175,3.995,13.520599,0.004246,13.966045,0.044082,12.166754,0.038983,1.799292,,,1.946,336.062,24.679,27.923,1.0,0.6563907553444213,0.0043576534132181,0.2160385341166336,0.1416819856853522,0.3291309823571082,0.215861121907504,1.088591213054625
0.5934,0.0149,-0.313,12,55.51592567606,0.043,24.71253625904,0.036,68364544933829376,7.5299,0.0571,21.722,0.067,-45.292,0.058,1.488,13.597192,0.003184,14.215121,0.044793,12.341842,0.079258,1.87328,,,1.748,680.502,24.286,13.707,1.0,0.6247162420026344,0.0038416441362323,0.3007913370945829,0.0843387068941559,0.481484739584079,0.135035688621336,1.0886467139423315
0.1037,0.2985,-0.1389,15,55.34540991783,0.0611,23.9299074121,0.04,68162921990400256,7.5189,0.0632,20.87,0.079,-43.945,0.052,1.125,16.227856,0.003724,17.88982,0.016403,14.981466,0.008471,2.908354,,,1.484,433.47,67.17,135.742,1.0,0.3353415508507678,0.0009377238804885,0.0,0.0,0.0,,1.0924320809119539
0.1035,0.2426,-0.0415,15,56.32088462821,0.0309,25.26308312258,0.0211,69863454162150656,7.379,0.036,19.926,0.035,-43.963,0.025,1.124,14.92041,0.002923,16.426243,0.006335,13.726994,0.003119,2.699249,,,1.445,1112.206,190.891,779.05,1.0,0.4252155225481457,0.0099621592651023,0.3863400549862036,0.0149064100636072,0.9085746744874764,0.0410127879972815,1.094108989393276
0.0244,0.3008,0.0861,17,57.52738552989,0.3737,24.99604042107,0.2585,66872095342031872,7.1503,0.414,20.722,0.514,-48.12,0.319,7.266,16.321066,0.007592,17.934072,0.012899,14.786532,0.003264,3.14754,,,1.894,153.463,86.217,640.94,1.0,0.3024655959576505,0.0124769049421861,0.1814537560463487,0.0213886746717445,0.5999153572221644,0.0749195322470002,1.0983784324303973
0.0986,0.0265,-0.1379,17,57.06457646223,0.0751,25.2433130866,0.0533,66942910762588928,6.9054,0.0806,19.156,0.105,-42.057,0.068,0.999,17.047014,0.00301,18.806553,0.025069,15.772173,0.006797,3.03438,,,1.505,895.261,43.581,175.183,1.0,0.2407912415723717,0.0016490447987276,0.0,0.0,0.0,,1.100244928303374
0.2911,-0.1643,-0.4493,16,57.77331327974,0.0157,24.73657781007,0.0108,66852647730267264,7.2873,0.0177,19.986,0.023,-45.298,0.015,1.111,13.310761,0.003013,14.104215,0.005448,12.426154,0.004259,1.678061,,,1.3,890.389,232.059,337.447,1.0,0.6529440267388797,0.0005901808742921,0.0,0.0,0.0,,1.1010692376578501
0.1479,0.1476,-0.2619,15,56.26681313038,0.0163,25.25764686691,0.0123,69840879814047872,7.4611,0.0201,18.648,0.02,-45.408,0.016,1.149,10.546825,0.002817,10.903749,0.003254,10.023086,0.003013,0.880663,5.56,1.22,1.204,1859.578,648.417,953.86,1.0,1.0615128443490487,0.0009150859773232,0.0,0.0,0.0,,1.1032978023264655
0.19,0.0279,-0.2492,17,57.97466329458,0.0604,24.04751222629,0.0379,66490977124308352,6.9097,0.0667,19.418,0.071,-44.357,0.05,1.638,15.649214,0.003031,17.319496,0.010473,14.336164,0.00948,2.983333,,,1.566,859.043,107.561,119.832,1.0,0.3317525739279671,0.0096979124278091,0.2973091299205803,0.0123835944478667,0.8961773119057534,0.0456033734167575,1.1078901873917497
0.241,0.0207,-0.2349,17,57.97516818467,0.1255,24.04735108778,0.086,66490977124308480,6.9498,0.142,19.478,0.146,-43.629,0.108,1.365,17.176317,0.003902,,,,,,,,,392.949,,,1.0,2.130171016914796,1.49876799109203,0.8812907498600012,1.1868713227726395,0.4137183084653957,0.6286277428740963,1.1083157376735089
0.0189,0.1523,-0.3041,17,57.67951149521,0.162,23.33201361147,0.0985,65677506019076224,7.3078,0.175,19.147,0.204,-45.517,0.132,0.991,18.279741,0.003111,20.309072,0.079479,16.929232,0.00809,3.379841,,,1.572,751.278,13.669,142.983,1.0,0.1470049994188333,0.0081673293008938,0.0,0.0195282816196825,0.0,,1.109484750136619
0.065,0.0829,-0.1613,16,57.10859424734,0.0234,25.24449048958,0.0155,66940299422471296,7.5583,0.0249,19.748,0.03,-48.32,0.019,1.095,14.485869,0.00298,15.638486,0.00585,13.414243,0.004193,2.224243,,,1.38,956.621,211.138,346.86,1.0,0.5345941014170026,0.0004743254234117,0.0,0.0,0.0,,1.111262909419002
0.1671,-0.0383,-0.2454,17,57.97943739629,0.0598,23.96153929784,0.0366,66483761579269888,7.5735,0.0652,18.94,0.073,-46.253,0.049,0.99,16.594847,0.002857,18.303976,0.021789,15.329693,0.003575,2.974283,,,1.5,1438.171,50.244,485.671,1.0,0.2882800053417634,0.0009016444266497,0.0,0.0,0.0,,1.1117066278469843
0.0972,0.0404,0.202,14,55.34359888209,0.1126,24.39754852507,0.0891,68283421593270400,7.4789,0.1255,20.125,0.156,-45.746,0.12,0.927,17.595737,0.003256,19.660284,0.057613,16.245514,0.007475,3.41477,,,1.568,625.592,18.868,156.556,1.0,0.1915140034026724,0.0012596685836067,0.0,0.0,0.0,,1.1133307289085068
0.0858,0.2989,-0.156,15,55.3307145812,0.0803,23.86146815088,0.0524,68162028637205888,7.4632,0.085,20.086,0.105,-43.362,0.069,0.946,16.882187,0.003,18.717651,0.018177,15.594941,0.003802,3.12271,,,1.511,915.438,60.448,420.429,1.0,0.2541099140966173,0.0008625115085468,0.0,0.0,0.0,,1.1148437630372474
-0.0299,-0.0792,-0.2009,16,57.89173838719,0.0626,24.56899130155,0.0392,66659271121456768,7.4724,0.065,20.343,0.091,-46.719,0.053,1.115,16.468485,0.002952,18.198425,0.017393,15.212521,0.005039,2.985905,,,1.486,1025.717,63.242,258.756,1.0,0.3030253492951184,0.0007451308878278,0.0,0.0,0.0,,1.118105184734783
0.0546,0.1409,-0.2174,15,56.31406723889,0.0268,25.28927622486,0.0194,69864313155605120,7.4613,0.0316,20.04,0.033,-45.969,0.025,1.406,11.010165,0.002915,11.434752,0.004558,10.41891,0.003678,1.015841,-15.68,9.58,1.216,1140.071,301.288,453.166,1.0,0.9724709101198056,0.0013314733615938,0.0,0.1399670381839422,0.0,,1.1185802411501011
-0.0899,0.2777,-0.285,14,56.31516777309,0.1197,25.28970685583,0.0828,69864313154046592,7.4214,0.1387,19.153,0.152,-47.945,0.114,1.204,17.271841,0.005887,17.348885,0.096514,15.589509,0.03359,1.759376,,,2.658,208.698,11.254,32.435,1.0,0.2985579953975045,0.004986587902005,0.0,0.0,0.0,,1.1187399356674763
0.1257,0.1161,-0.1692,16,55.93744520454,0.0344,23.0556942687,0.0252,65056526764528128,7.2383,0.0374,20.218,0.045,-44.391,0.032,1.023,15.538341,0.002842,17.033222,0.0066,14.345987,0.003923,2.687235,,,1.445,1557.079,181.538,393.76,1.0,0.4224137973620665,0.0044425190670852,0.0,0.0625234879471268,0.0,,1.1187916892620453
0.0425,0.3262,-0.041,16,55.39506643063,0.0899,23.63753992972,0.0627,65147438335354624,7.3957,0.1015,20.7,0.112,-45.866,0.075,0.984,17.286898,0.002992,19.106556,0.040262,16.012018,0.005721,3.094538,,,1.498,931.869,27.032,217.392,1.0,0.2185239592108581,0.0022107886407423,0.0,0.0,0.0,,1.1190340639975653
0.095,0.331,0.1337,15,55.36604390474,0.016,23.70813709776,0.0112,65150947325369600,7.4853,0.0182,20.26,0.02,-45.717,0.014,0.929,10.972593,0.002867,11.369089,0.003742,10.408467,0.003307,0.960622,5.49,0.4,1.211,1373.085,435.459,611.316,1.0,0.9798373273093134,0.0007725543882582,0.0,0.0,0.0,,1.121556676976088
0.1964,0.053,-0.3301,16,57.99317072138,0.0657,23.97188582541,0.0383,66483795939004416,7.3732,0.0745,17.543,0.072,-45.792,0.052,1.003,16.654318,0.002881,18.378128,0.020552,15.400385,0.003825,2.977743,,,1.484,1292.406,53.323,415.03,1.0,0.280928716259287,0.0010464752915602,0.0,0.0,0.0,,1.1257500916076795
0.2916,-0.0841,-0.2075,17,57.35676779987,0.0819,23.04710720833,0.0556,64915754917051520,7.5899,0.0895,21.638,0.104,-46.67,0.073,0.979,17.31056,0.00323,19.177654,0.047656,16.00316,0.00489,3.174494,,,1.533,644.499,22.822,270.357,1.0,0.2158419478711626,0.0019403155133472,0.0,0.0,0.0,,1.1284138380806488
0.0074,-0.0376,-0.2238,17,57.91375038406,0.0147,24.54869612564,0.009,66658996243552000,7.5052,0.015,21.231,0.02,-46.059,0.012,1.148,12.009029,0.003131,12.538474,0.006418,11.315678,0.005174,1.222796,4.84,1.12,1.243,730.551,187.844,249.148,1.0,0.8125927586377729,0.0006686531543929,0.0,0.0,0.0,,1.1316677565834363
0.211,-0.0474,-0.2729,16,57.98702676676,0.0166,23.90175276491,0.0091,66471220274934272,7.5984,0.017,20.569,0.021,-45.934,0.013,1.084,9.926686,0.002771,10.219089,0.002893,9.466751,0.002855,0.752337,5.78,0.38,1.197,3642.263,1417.352,1788.211,1.0,1.194734899471713,0.000924192075006,0.0,0.0324853808916549,0.0,,1.1318688428231114
-0.0476,0.0463,-0.1634,16,57.9725395874,0.0167,24.38676162475,0.0098,66640712564777856,7.364,0.0165,20.077,0.022,-46.265,0.013,1.326,12.341359,0.003657,12.929286,0.009172,11.599124,0.00664,1.330162,3.88,6.32,1.256,451.656,124.27,180.187,1.0,0.7680609025470406,0.0006323958659429,0.0,0.0258489758064467,0.0,,1.1335563301923473
0.0832,0.11,-0.2315,17,57.71444143461,0.0149,23.32886877947,0.0085,65677372878285312,7.3488,0.016,18.888,0.017,-46.332,0.011,1.13,12.194483,0.002789,12.753522,0.003155,11.491251,0.002945,1.262271,6.19,0.7,1.238,2496.263,737.536,1154.019,1.0,0.7867699615255062,0.0007007673451014,0.0,0.0,0.0,,1.1340548621957414
0.1252,0.0202,-0.0814,15,57.25428791296,0.0239,22.98021186954,0.0151,64891634380723712,7.5275,0.0252,19.783,0.031,-45.893,0.019,1.05,14.505948,0.002882,15.656511,0.004768,13.439648,0.003547,2.216864,,,1.375,1285.394,280.851,495.796,1.0,0.5328874018720947,0.0005185931705418,0.0,0.0,0.0,,1.134855153809552
-0.1002,0.254,-0.0132,16,57.1514685446,0.1801,25.26128986864,0.1056,66941635153934848,7.4627,0.1807,19.443,0.244,-45.492,0.136,0.92,18.346786,0.003401,20.376652,0.106702,16.962992,0.008844,3.41366,,,1.617,544.462,10.179,129.369,1.0,0.1432312658103064,0.0089661696366206,0.0,0.0181795758767085,0.0,,1.1370390396538455
0.1337,0.088,-0.1221,15,55.47365462562,0.0252,23.45779725239,0.0199,65131121756446592,7.5305,0.0291,21.753,0.029,-45.206,0.024,1.849,13.487999,0.003619,14.278063,0.0072,12.427227,0.008642,1.850836,2.0,1.94,1.469,462.882,163.574,132.749,1.0,0.6230428541599193,0.0037477039451754,0.3049217654055524,0.073369252542733,0.4894073712099533,0.117796351292641,1.139437180790939
0.0734,0.2156,0.1398,16,56.69669194845,0.0633,25.34794352419,0.0449,69856272976786560,7.6089,0.0693,20.876,0.092,-46.924,0.059,1.06,16.592688,0.00296,18.488428,0.016038,15.294246,0.003978,3.194182,,,1.518,1005.116,68.746,383.012,1.0,0.2639803711889265,0.007419107735444,0.1343505208968369,0.0248490914520999,0.5089413288258636,0.0952128860507198,1.1399524628978168
0.124,0.2522,-0.1724,15,56.66843414272,0.0911,22.84418456403,0.0696,64804360644343424,7.5484,0.1061,20.177,0.121,-46.929,0.093,0.924,17.284359,0.003085,19.131411,0.041715,15.977291,0.009783,3.154119,,,1.535,782.676,26.086,115.794,1.0,0.2187038856739884,0.0019100418350568,0.0,0.0,0.0,,1.1402693869885385
0.0377,0.1222,-0.1785,17,57.91303365598,0.06,24.59126458527,0.0385,66659408560406528,7.403,0.064,19.756,0.086,-44.266,0.052,1.039,16.571566,0.00284,18.296785,0.016154,15.310652,0.003959,2.986134,,,1.493,1573.091,68.238,386.505,1.0,0.2901576301806125,0.0007459214666303,0.0,0.0,0.0,,1.1455966443979968
-0.051,0.0599,-0.086,14,56.90569654899,0.0605,25.33384802905,0.0418,69947635521777152,7.2607,0.0653,18.453,0.092,-45.722,0.054,1.007,16.461193,0.002982,18.23539,0.014874,15.190599,0.005417,3.04479,,,1.498,953.071,74.316,233.818,1.0,0.2995294940256718,0.0050814706005277,0.0,0.0465964351289754,0.0,,1.1465847757677636
-0.1341,0.0904,-0.2428,17,58.01871116735,0.0738,24.24417935611,0.0477,66497952151148544,7.5628,0.0769,19.029,0.107,-44.583,0.066,1.051,16.873875,0.002928,18.586943,0.022579,15.61828,0.004097,2.968662,,,1.488,1097.573,48.457,361.875,1.0,0.2583052465565189,0.0018540213843211,0.0,0.0,0.0,,1.1469537732204695
0.0356,-0.0783,0.0174,16,55.9518194167,0.0433,25.18986146471,0.0324,69883417170175488,7.5303,0.0466,20.274,0.058,-46.576,0.042,3.223,10.628875,0.002804,11.070546,0.003254,10.023461,0.003087,1.047085,6.52,3.43,1.218,2080.568,648.805,822.179,1.0,0.9883822183979204,0.0216559756549905,0.7787385525289992,0.0477848813399532,0.7878921110006057,0.0513362025078501,1.1505323939699847
0.1865,0.1631,-0.2104,13,57.49314058359,0.1231,25.10567049533,0.066,66876596467931776,7.5833,0.1247,19.409,0.167,-47.917,0.088,0.954,17.568546,0.003063,19.525105,0.051219,16.238928,0.004344,3.286177,,,1.552,811.231,21.229,326.063,1.0,0.195072662026281,0.0016530914188113,0.0,0.0,0.0,,1.1569058164002115
-0.0376,0.1618,-0.2644,17,58.02432721972,0.2237,24.29180548155,0.1408,66592265333776512,7.0918,0.245,17.709,0.296,-44.581,0.19,0.977,18.837732,0.003546,20.532059,0.124746,17.415663,0.014675,3.116396,,,1.712,486.515,8.706,75.362,1.0,0.1087407314562136,0.0136909672964389,0.0,0.0,0.0,,1.1604171262469472
-0.1307,-0.0017,0.1548,14,55.25169198929,0.0782,24.22626696033,0.054,68186114813689344,7.3,0.0817,20.668,0.112,-44.921,0.077,1.01,17.018175,0.002957,18.900452,0.022514,15.71983,0.00691,3.180622,,,1.52,1011.259,48.6,171.747,1.0,0.2401805171632767,0.0008112471212562,0.0,0.0,0.0,,1.1604867590754568
0.1253,0.2695,0.0144,16,55.71537887939,0.0679,23.14532896149,0.0474,65038281743395584,7.3723,0.0752,19.913,0.085,-43.607,0.06,0.972,16.831034,0.002981,18.834366,0.034783,15.499237,0.004334,3.335129,,,1.55,954.04,31.315,327.435,1.0,0.2369632868752332,0.0058644851916559,0.1274592319236561,0.0236683631013378,0.5378859890256605,0.1007651551768245,1.160778394380404
-0.0631,0.2777,-0.1978,16,57.66222912452,0.0318,23.21722758953,0.0189,64174546641593984,7.3541,0.035,18.265,0.041,-45.377,0.025,0.983,15.392325,0.002799,16.795277,0.005158,14.226943,0.003002,2.568334,,,1.431,2207.271,250.278,981.319,1.0,0.444821445755682,0.0005514173137467,0.0,0.0,0.0,,1.163636977693046
-0.1121,-0.08,-0.0487,15,56.81177708244,0.0177,25.37162604311,0.0122,69857235049588736,7.5107,0.0186,19.562,0.025,-45.938,0.017,0.968,11.425433,0.003008,11.88413,0.004464,10.797315,0.004248,1.086816,5.39,0.77,1.226,900.091,311.634,338.938,1.0,0.9006343908021361,0.0007703851118735,0.0,0.0,0.0,,1.1675270319847033
0.0421,0.1819,-0.5174,14,55.27187406487,0.1657,23.83735301338,0.1221,68156290560900480,7.6432,0.2095,21.338,0.222,-45.286,0.179,1.036,17.983885,0.003396,20.136116,0.067584,16.64138,0.014343,3.494736,,,1.549,547.14,16.079,77.17,1.0,0.1638348515678968,0.0037465328778525,0.0,0.0127268183090564,0.0,,1.1685134687506515
-0.0496,0.1693,0.0995,16,56.76987710788,0.1232,25.38041195117,0.0909,69858094042908928,7.2387,0.1312,20.58,0.166,-45.011,0.119,4.715,15.161356,0.003565,16.729242,0.011582,13.904386,0.004665,2.824857,,,1.511,480.07,96.584,290.371,1.0,0.3932900864871406,0.00924482179317,0.3599713288941691,0.0125763262885809,0.9152819795419356,0.0385413589811046,1.1717867685843042
-0.0796,0.1557,-0.0786,15,57.14669051671,0.2543,22.89490808579,0.1597,64889229199044096,6.8259,0.2604,18.954,0.342,-47.156,0.199,1.083,18.574747,0.003984,21.334249,0.172349,17.115561,0.015901,4.218689,,,1.671,377.247,6.3,69.357,1.0,0.1322262434551465,0.0057456336847372,0.0,0.0,0.0,,1.172829218342813
-0.0055,0.1974,-0.1924,15,57.09446293092,0.0318,22.8724773361,0.0213,64889126119831040,7.6691,0.0341,20.539,0.045,-46.748,0.027,1.117,15.062484,0.002865,16.408981,0.006777,13.919446,0.004325,2.489535,,,1.416,1382.568,175.806,328.609,1.0,0.4809955574045937,0.0011377249179917,0.0,0.0300623679386939,0.0,,1.1761677386468494
0.2393,0.0742,-0.2497,15,56.25512663573,0.0787,25.35142791437,0.0579,69911867033651200,7.3891,0.0936,19.721,0.099,-46.165,0.078,1.033,17.140594,0.002937,18.987534,0.022543,15.869808,0.004776,3.117725,,,1.489,1068.253,48.535,280.117,1.0,0.2296350968438078,0.0016774103566062,0.0,0.0,0.0,,1.185687878230592
0.2633,0.0026,-0.3404,16,57.85786918508,0.0449,24.7939525791,0.0294,66671468828544384,7.6689,0.0479,19.725,0.062,-46.496,0.042,1.653,14.976172,0.002813,16.478016,0.004799,13.760519,0.002952,2.717497,,,1.472,1916.028,278.035,1125.376,1.0,0.4187004602879396,0.0100463462584124,0.3816002969459084,0.0148895096455405,0.9113921123551728,0.0417470185934155,1.1879093636445466
-0.1448,0.3365,-0.1859,14,57.62492811642,0.0407,25.05172731021,0.0196,66878245735176704,6.9894,0.0396,18.717,0.055,-44.116,0.026,1.081,15.398036,0.002832,16.79538,0.005121,14.236216,0.003152,2.559164,,,1.428,1659.894,252.831,740.505,1.0,0.4442271776593316,0.0005335778378506,0.0,0.0,0.0,,1.1899695202259741
-0.0166,0.3178,-0.0915,15,57.21025857512,0.2488,25.2983659642,0.1443,66942189204257408,7.3378,0.2601,19.238,0.34,-45.144,0.184,1.052,18.907158,0.003724,20.894022,0.161217,17.510237,0.015348,3.383785,,,1.64,433.373,6.736,71.941,1.0,0.1108360544254276,0.0120910682052899,0.0,0.0,0.0,,1.1901078195312862
0.0644,0.1962,0.0294,16,56.49651525087,0.0302,25.39839015778,0.0212,69872044096705664,7.4483,0.0343,20.319,0.035,-45.413,0.025,1.304,8.016677,0.002776,8.108076,0.002869,7.830856,0.002836,0.27722,,,1.166,3202.109,1624.555,2136.754,1.0,1.7977213643650272,0.0127232634231375,0.8104056741388304,0.2554896095524936,0.4507960411457165,0.1421543888588393,1.1901462724015655
0.2444,0.1377,-0.0472,16,55.98631467387,0.0242,25.26208174502,0.0177,69889876800977408,7.5289,0.0272,19.992,0.031,-45.784,0.023,1.054,14.827288,0.002995,16.074652,0.006636,13.722268,0.003685,2.352384,,,1.395,925.649,180.332,451.153,1.0,0.5050623093978017,0.0005228100042672,0.0,0.0,0.0,,1.190433637709272
0.1292,0.1597,-0.086,16,55.84406564335,0.2191,23.0155284221,0.1512,65032745528876032,7.301,0.2363,21.364,0.26,-46.744,0.175,1.125,18.516258,0.003792,20.840694,0.125882,17.108147,0.01011,3.732548,,,1.625,416.795,8.627,111.726,1.0,0.1325141841874043,0.0083449281002893,0.0,0.012598648188636,0.0,,1.190537055020495
0.0671,0.4929,0.2303,13,55.61946862852,0.04,25.01659559811,0.0265,68378563708730624,7.5056,0.0472,20.524,0.067,-46.808,0.033,1.116,15.265487,0.00281,16.642916,0.004742,14.11296,0.003152,2.529956,,,1.421,1963.818,283.211,740.523,1.0,0.4592061152244377,0.0004965098728275,0.0,0.0,0.0,,1.1910374545133184
-0.0745,0.2833,-0.1915,16,57.96486380443,0.1087,23.58017097964,0.0586,65688539793220480,7.3757,0.1103,20.045,0.148,-47.206,0.077,1.05,17.595358,0.002932,19.512072,0.036918,16.273886,0.005972,3.238186,,,1.546,1082.964,29.494,205.618,1.0,0.1943910988099818,0.0018838455162056,0.0,0.0,0.0,,1.196939673673454
0.044,0.1396,-0.2804,14,56.94524283765,0.0271,25.38549346833,0.0166,69948253997063424,7.2361,0.0285,19.423,0.034,-45.777,0.02,0.825,8.26957,0.002774,8.384363,0.002846,8.040771,0.002849,0.343593,,,1.172,3416.765,1930.278,1884.445,1.0,1.696500912843267,0.0066952197415111,0.4076244369335391,0.36789440722549,0.2402736325383857,0.2168568973679483,1.1971447295302913
0.041,0.288,-0.1077,16,56.89500778236,0.0441,22.80112516,0.0305,64884624994048256,7.3608,0.0497,20.064,0.06,-44.553,0.038,1.018,16.003756,0.002995,17.615614,0.008967,14.774321,0.003947,2.841293,,,1.47,924.81,127.4,388.924,1.0,0.3640481385656173,0.0017319853264611,0.0,0.0238982922242459,0.0,,1.1976291173868536
0.2158,0.1066,-0.1282,16,56.28775495285,0.1106,25.37478296657,0.0816,69912309413652864,7.4671,0.1305,20.698,0.135,-47.171,0.104,1.018,17.451437,0.003198,19.800999,0.062491,16.067551,0.006022,3.733448,,,1.589,668.656,17.392,203.46,1.0,0.1736945723283486,0.0098191493373497,0.1156627976582667,0.0373074603343096,0.665897593159216,0.2180615251674173,1.1991209115343564
0.2183,0.2385,-0.079,15,55.26256117985,0.0432,23.72247915263,0.0296,68152820227358720,7.5556,0.0481,20.54,0.053,-44.917,0.038,1.047,15.784899,0.003341,17.319324,0.013578,14.580702,0.005256,2.738623,,,1.453,574.694,81.704,243.755,1.0,0.3936359127467376,0.001098140855358,0.0,0.0079442769954776,0.0,,1.1992800973605546
0.08,0.2339,-0.081,17,57.58886377465,0.0245,23.0961448079,0.0147,64172038380708224,7.5421,0.0262,19.608,0.029,-46.559,0.019,1.712,11.16862,0.00283,11.595824,0.003351,10.570457,0.003066,1.025367,7.67,0.54,1.22,1676.227,585.148,853.545,1.0,0.9453005562241584,0.0007789946518945,0.0,0.0162434138978131,0.0,,1.2047397573968301
0.1395,0.1927,-0.1985,17,58.07804391541,0.0897,23.8766903368,0.0547,66470567439742208,7.5743,0.096,18.479,0.11,-45.774,0.072,1.068,17.230505,0.002999,19.122137,0.038038,15.938574,0.004086,3.183563,,,1.511,916.051,28.621,363.767,1.0,0.2212184384280794,0.0014950566729721,0.0,0.0,0.0,,1.204954052966378
0.1492,0.0255,0.0194,14,55.19303268695,0.0655,24.15698842702,0.0456,68185221460637824,7.3629,0.0665,21.152,0.092,-45.717,0.067,1.024,16.584269,0.002948,18.295221,0.030672,15.32468,0.006761,2.970541,,,1.493,1035.834,35.546,176.298,1.0,0.2891244858302641,0.0009049458177125,0.0,0.0,0.0,,1.2052450511165078
0.1846,0.2271,0.1472,15,55.68490896589,0.0763,23.10432423095,0.0539,65037731987586304,7.6972,0.0857,20.178,0.093,-46.431,0.07,1.012,17.058886,0.003109,19.003546,0.028898,15.761085,0.004224,3.242461,,,1.512,753.612,37.748,342.378,1.0,0.2355875652894491,0.0008116752198683,0.0,0.0,0.0,,1.2102941490819639
0.176,0.3295,0.1916,14,55.61508149876,0.0143,25.0468282476,0.0092,68390417818463872,7.1485,0.0158,19.371,0.02,-43.267,0.012,1.015,12.376555,0.003437,12.961727,0.007914,11.653043,0.005801,1.308684,5.9,1.01,1.243,528.509,146.599,213.461,1.0,0.7630207527866881,0.0006749699323192,0.0,0.0,0.0,,1.2123954246266924
0.1548,0.2489,0.1153,16,55.34580150776,0.0151,23.48673483571,0.0113,65120470237460480,7.5139,0.0175,21.627,0.018,-45.324,0.014,0.987,9.069493,0.002768,9.289895,0.002819,8.691947,0.00282,0.597948,5.9,1.31,1.188,4112.449,2695.437,2666.66,1.0,1.418079777554936,0.000943935808818,0.0,0.1200889641502793,0.0,,1.2137600682852123
0.2369,0.0221,-0.119,16,55.56411491671,0.0887,23.19181588955,0.0678,65053915424355584,7.2998,0.0993,19.927,0.105,-45.173,0.084,1.037,17.104906,0.002988,19.01437,0.024707,15.805661,0.004751,3.208709,,,1.518,939.945,44.227,282.343,1.0,0.2316641631553674,0.0009949082857856,0.0,0.0,0.0,,1.2188378161585618
-0.1214,0.1897,-0.2583,16,57.81600521946,0.0189,23.28207232448,0.0112,65673593307063552,7.4375,0.0196,20.266,0.024,-45.199,0.015,1.075,14.110739,0.003014,15.143591,0.006218,13.089289,0.005025,2.054302,,,1.359,888.981,195.398,259.816,1.0,0.5657476598255705,0.0005206992407164,0.0,0.0,0.0,,1.2271743181988393
0.0286,0.0221,-0.2777,17,58.07318033775,0.0566,24.45532678087,0.0361,66642641008348416,7.4586,0.0624,19.248,0.079,-45.382,0.049,1.057,16.535604,0.00288,18.235193,0.014854,15.230453,0.006582,3.004741,,,1.552,1293.273,74.417,182.126,1.0,0.2974878790436307,0.0009275043240975,0.0,0.0,0.0,,1.2309153931743688
0.041,0.019,-0.2842,17,58.07357603668,0.2257,24.45493990362,0.1426,66642641008348544,7.7789,0.2527,20.171,0.32,-45.238,0.191,0.955,18.914658,0.003801,,,,,,,,,414.612,,,1.0,2.130171016914796,1.49876799109203,0.8812907498600012,1.1868713227726395,0.4137183084653957,0.6286277428740963,1.2311402754707663
0.083,0.0673,-0.2366,17,57.99514722975,0.036,24.6677241308,0.0218,66665902550940672,7.3211,0.0374,18.005,0.049,-44.887,0.029,1.065,15.61589,0.00285,17.081081,0.007191,14.430079,0.003443,2.651003,,,1.443,1491.661,163.809,538.039,1.0,0.4163270641361389,0.0005935395234515,0.0,0.0,0.0,,1.2329289988109051
0.1762,0.1489,-0.1429,15,56.09758094956,0.0985,25.35816634054,0.0728,69892385061858944,7.7153,0.116,22.411,0.123,-46.414,0.089,3.277,15.500117,0.003225,17.139391,0.006359,14.240768,0.003495,2.898623,,,1.503,647.491,189.996,515.767,1.0,0.3497421049898765,0.0106326177973751,0.313569526386231,0.0146592078309761,0.8965735663863159,0.0499975608643131,1.233749807141444
0.0591,0.0696,-0.2393,17,57.99722936045,0.0403,24.66617838451,0.0247,66665902550940800,7.3104,0.0421,17.578,0.055,-44.625,0.033,1.075,15.811114,0.002878,17.354408,0.00775,14.601952,0.003785,2.752457,,,1.457,1304.229,150.168,424.463,1.0,0.3902507764323456,0.0010919514452759,0.0,0.0166553354055539,0.0,,1.2357066922566922
0.231,0.1019,-0.1317,16,57.42177355262,0.1838,22.94450032503,0.1194,64163242287720448,7.3934,0.1932,19.513,0.228,-44.856,0.155,1.046,18.505384,0.003404,20.809099,0.095611,17.107929,0.013183,3.70117,,,1.612,543.221,11.361,84.265,1.0,0.1329774260263817,0.0080906615022483,0.0,0.0,0.0,,1.2357404937506555
0.0321,0.1417,-0.1295,15,56.85797410627,0.0776,25.44056636612,0.0498,69951449452730752,7.2894,0.081,20.062,0.107,-45.205,0.066,1.056,16.65519,0.003021,18.663876,0.029328,15.329207,0.00386,3.334668,,,1.542,875.934,37.19,407.081,1.0,0.2345115593048563,0.0102576354015439,0.1704772099185941,0.0143145331441773,0.7269458717682232,0.0688251301384788,1.23672225445733
-0.0066,0.0362,-0.0152,16,56.51601035673,0.0173,25.45279619678,0.0124,69873418486230272,7.3633,0.0185,22.572,0.023,-44.96,0.016,1.045,13.811097,0.002827,14.734083,0.004405,12.862077,0.003316,1.872006,,,1.319,1720.673,318.54,605.793,1.0,0.5917162468913457,0.0005371698899551,0.0,0.0,0.0,,1.2378649135393818
-0.2039,0.1278,-0.0175,16,56.69080914398,0.0364,25.45824837858,0.0252,69871219462957952,7.478,0.038,20.649,0.052,-46.512,0.033,1.04,15.6527,0.002877,17.154627,0.008634,14.453748,0.003224,2.700879,,,1.452,1313.643,132.888,672.217,1.0,0.4108084977384438,0.0012810217000842,0.0,0.0203411875366753,0.0,,1.2383155768597844
0.1854,0.2584,-0.2374,15,57.50781770848,0.0683,25.2112223155,0.0333,66930403817997696,7.3625,0.0654,18.138,0.088,-46.098,0.045,1.015,16.304043,0.003173,18.003853,0.013957,15.056395,0.004966,2.947458,,,1.48,690.279,79.392,264.303,1.0,0.3242827643120988,0.0015005913104155,0.0,0.0076866819443027,0.0,,1.2395245167506947
0.1953,0.2796,-0.0922,16,55.41607227662,0.1058,24.87486553172,0.081,68381793524163968,7.5488,0.1235,21.256,0.15,-46.414,0.104,0.896,17.462278,0.003264,19.421736,0.044046,16.145945,0.005668,3.275791,,,1.534,620.759,24.699,220.043,1.0,0.2017673809417687,0.0017278525033555,0.0,0.0,0.0,,1.2411677219332333
0.0717,0.1571,-0.1707,17,57.61603139023,0.0662,23.06512486371,0.0401,64168705486089216,7.2993,0.0708,18.265,0.08,-44.097,0.053,1.005,16.96899,0.002885,18.734793,0.02464,15.688656,0.004594,3.046137,,,1.511,1269.357,44.349,297.452,1.0,0.247421227690957,0.0014093310564561,0.0,0.0,0.0,,1.241260006304615
0.013,0.1014,0.041,16,56.58319939873,0.0252,25.47535770958,0.0176,69874243118711040,7.4107,0.0269,19.17,0.034,-45.795,0.021,1.553,11.518227,0.002953,,,,,,,,,1021.053,,,1.0,2.130171016914796,1.49876799109203,0.8812907498600012,1.1868713227726395,0.4137183084653957,0.6286277428740963,1.2553857555535475
0.024,0.1413,-0.1806,17,58.13899601979,0.0571,23.85173807838,0.0344,66473178779856768,7.4887,0.0604,19.552,0.067,-44.834,0.044,1.084,16.476507,0.002872,18.147923,0.016281,15.221072,0.003431,2.92685,,,1.493,1340.754,67.691,543.664,1.0,0.303589581008145,0.0009395682500818,0.0,0.0,0.0,,1.2641970034903032
0.0112,0.3462,-0.0691,15,57.68484167578,0.1602,25.11793981049,0.076,66880307319457408,7.1637,0.1455,18.835,0.199,-44.743,0.097,1.082,17.516953,0.003089,19.69421,0.054528,16.088322,0.004262,3.605888,,,1.667,777.951,19.937,336.968,1.0,0.1958482590477159,0.0059777166542311,0.0,0.0274866540546828,0.0,,1.2644828446985827
0.2932,0.1728,-0.1054,16,56.54004586926,0.041,22.71020869653,0.0296,64796045587678208,6.9632,0.0468,18.735,0.053,-42.979,0.038,1.02,15.822847,0.003015,17.558304,0.01402,14.573746,0.003278,2.984558,,,1.477,887.399,79.024,631.279,1.0,0.3160601029876532,0.0133015204153041,0.2582687125007155,0.0173558813138383,0.8171506307166035,0.0647930817968921,1.2677947779569396
-0.0385,0.0482,-0.1867,16,58.08614920432,0.0218,24.56530417495,0.0126,66652467893487488,7.2282,0.0219,18.501,0.031,-44.616,0.017,0.981,14.509749,0.00282,15.654358,0.004734,13.441506,0.003377,2.212852,,,1.379,1812.944,283.855,570.811,1.0,0.5328238148515434,0.0005262587346923,0.0,0.0,0.0,,1.2680195797422227
0.3254,0.0736,-0.1507,16,56.55780086602,0.0626,22.70530804049,0.0439,64795289673433728,7.4999,0.0716,19.323,0.077,-46.233,0.056,0.977,16.553511,0.002937,18.437225,0.017941,15.259391,0.003807,3.177835,,,1.514,1067.31,61.263,419.087,1.0,0.2694923783920593,0.0066493098613129,0.1349113879334555,0.0221606879524897,0.500612999664078,0.083153727683962,1.2703622779623038
0.0846,0.3108,-0.1121,15,55.50015912505,0.055,25.02960217166,0.0385,68390830135333504,7.3133,0.0619,19.932,0.076,-45.038,0.05,1.052,15.981778,0.003275,17.579458,0.012311,14.757203,0.00515,2.822255,,,1.467,613.047,90.55,250.825,1.0,0.3674705185920202,0.0011178986628937,0.0,0.013071846872354,0.0,,1.270761302620732
-0.026,0.0361,0.0548,16,55.80678409298,0.0215,25.2699292605,0.016,69896473870624640,7.5082,0.0229,20.01,0.028,-46.015,0.021,1.647,11.959438,0.003638,12.492394,0.009209,11.258353,0.006957,1.234041,0.08,3.12,1.247,457.109,123.72,170.376,1.0,0.8195051671870662,0.000676720330582,0.0,0.0194348499954533,0.0,,1.2714884408877427
-0.1533,0.3229,-0.2185,15,58.09386516372,0.0167,23.64466308656,0.0084,65712488530853120,7.8869,0.0163,20.351,0.022,-48.342,0.011,1.052,13.523306,0.003025,14.414308,0.006247,12.58623,0.003612,1.828077,,,1.317,869.797,194.26,473.269,1.0,0.6170851723730951,0.0007988982228164,0.0,0.0527147380880844,0.0,,1.2724374817568456
0.2082,0.2609,-0.0251,15,55.21373303657,0.0149,23.59821916838,0.0106,65125864716379264,7.5384,0.0176,21.135,0.017,-45.757,0.012,1.148,12.452076,0.003048,13.067136,0.005285,11.703961,0.004345,1.363174,4.9,0.92,1.25,833.779,241.876,325.995,1.0,0.7528504041376248,0.0007198323816909,0.0,0.0188822389769578,0.0,,1.2752632305222915
0.2254,0.0095,-0.193,16,55.85491728898,0.0665,22.89549228702,0.0483,64843805623922688,7.577,0.0735,20.222,0.088,-46.16,0.062,0.977,16.934334,0.003064,18.761881,0.021582,15.65694,0.004298,3.104941,,,1.5,809.826,50.733,332.073,1.0,0.2484889573767452,0.0009410155393694,0.0,0.0,0.0,,1.2753472627139484
0.0496,0.3037,-0.0616,15,55.10681451622,0.0793,24.09987966023,0.0519,68183331674900864,7.7938,0.0801,21.323,0.106,-47.157,0.069,1.032,16.861164,0.003198,18.651493,0.035278,15.586341,0.005769,3.065152,,,1.501,669.136,30.873,215.029,1.0,0.2571584936831073,0.0011765825227036,0.0,0.0,0.0,,1.2759464633611104
-0.1278,0.2953,0.0349,14,55.11240632812,0.0633,24.23713916701,0.0404,68233531252642432,7.4996,0.0657,20.505,0.09,-45.807,0.055,0.97,16.483887,0.003791,18.232893,0.018047,15.228994,0.006921,3.003899,,,1.482,416.962,60.892,171.431,1.0,0.3002437015417423,0.0011312987009066,0.0,0.0071490652870812,0.0,,1.2764275815881725
0.174,-0.095,0.0661,14,55.67556599462,0.1191,25.19670128433,0.0861,69894962042148096,7.5767,0.1339,20.805,0.166,-47.205,0.113,0.928,17.730902,0.003473,19.824356,0.050883,16.392309,0.009095,3.432047,,,1.55,513.537,21.37,125.427,1.0,0.1820346622832271,0.0015675966267617,0.0,0.0,0.0,,1.2809637704914973
0.0648,0.2987,-0.1416,15,57.15691851053,0.0221,22.76911351203,0.0142,64131150292139648,7.2774,0.0229,19.032,0.03,-44.591,0.019,1.309,13.846435,0.003137,14.764159,0.006081,12.827765,0.004948,1.936394,,,1.387,724.293,200.967,265.688,1.0,0.5905056645389279,0.0005561812689589,0.0,0.0165886057927014,0.0,,1.2821266509555247
-0.0103,-0.0084,-0.0039,15,57.36104652086,0.0594,22.84835269894,0.0372,64136063734692224,7.5206,0.0612,19.037,0.079,-45.879,0.048,1.028,16.388481,0.002928,18.013174,0.018691,15.144629,0.003817,2.868546,,,1.486,1096.47,58.747,416.769,1.0,0.3161512144631496,0.001199404639602,0.0,0.0,0.0,,1.2845676032577682
0.1857,0.2064,0.0039,16,55.30763642249,0.0159,23.38474215324,0.0104,65107860213588096,7.2684,0.0177,19.485,0.019,-44.452,0.012,1.022,13.492777,0.002841,14.324309,0.003755,12.597651,0.003327,1.726659,10.23,2.81,1.297,1564.59,431.928,599.104,1.0,0.6223346671141501,0.0006229717817883,0.0,0.0,0.0,,1.286600407376477
0.1728,0.0351,-0.2575,17,58.1846082013,0.1325,23.90401156948,0.09,66473728535654784,7.5069,0.1458,17.716,0.158,-44.787,0.115,1.08,17.981903,0.003051,20.05863,0.059509,16.645803,0.005771,3.412827,,,1.548,829.191,18.265,214.93,1.0,0.1654187422094657,0.0036109900705949,0.0,0.0104790580283121,0.0,,1.2899672862143228
-0.0893,0.234,-0.1696,15,55.44626583439,0.1122,25.00592597099,0.0689,68385057699293056,7.5645,0.1047,21.94,0.142,-45.307,0.091,1.025,17.05122,0.003092,18.9107,0.045755,15.770191,0.004992,3.140509,,,1.501,773.426,23.774,262.312,1.0,0.2374466775836763,0.0012290522175282,0.0,0.0,0.0,,1.290028034256813
0.3284,0.1475,-0.0283,16,56.41633572295,0.0266,22.69426514986,0.0212,64798691287540224,7.328,0.0315,19.83,0.035,-44.158,0.027,0.884,7.800061,0.002784,7.878221,0.002852,7.626637,0.003025,0.251584,,,1.169,2744.443,1844.294,929.443,1.0,1.8808001683825528,0.0167865805206224,1.0839556833866966,0.0619613169868727,0.5763268749166877,0.0333432845436366,1.2939753969262404
0.1182,0.0024,-0.3164,17,58.12888489916,0.0501,24.54417829297,0.0308,66649409876772096,7.2459,0.0535,18.927,0.071,-44.093,0.043,1.57,15.435466,0.002821,17.07267,0.008663,14.195093,0.003095,2.877577,,,1.48,1792.572,132.378,811.305,1.0,0.3558704208774613,0.0094978834482458,0.3227470692749373,0.0130780139259906,0.9069229987677748,0.0440045337167026,1.2981229960947818
0.06,0.0288,-0.1828,17,58.18540466189,0.0774,24.34968332437,0.0522,66593437863017984,7.3907,0.0846,18.286,0.106,-44.601,0.069,0.953,17.161787,0.002987,19.036694,0.024437,15.881412,0.005452,3.155282,,,1.498,940.345,44.722,231.816,1.0,0.2270922140028715,0.0014298704800561,0.0,0.0,0.0,,1.300733219465478
0.1774,0.0556,-0.0918,16,56.27224584038,0.0293,25.48623226226,0.0199,69918086146123520,7.3583,0.0327,20.484,0.034,-46.506,0.027,0.962,15.064909,0.002952,16.384289,0.006919,13.932248,0.003571,2.452041,,,1.41,1023.849,171.496,487.049,1.0,0.4817868747133971,0.0005844097631936,0.0,0.0,0.0,,1.3009902882198212
-0.0805,0.2542,-0.2281,16,57.83124732911,0.0502,23.16358608121,0.0286,65671634801986048,7.3337,0.0531,18.817,0.06,-43.442,0.037,1.06,16.071117,0.002956,17.700754,0.010072,14.832083,0.003913,2.868671,,,1.479,1013.682,112.187,395.803,1.0,0.3550874766318322,0.002331627734163,0.0,0.0258969623273462,0.0,,1.3027777918634975
0.2768,0.2185,-0.1553,15,55.14330480577,0.0151,23.68240599457,0.0109,68129764842889600,7.5317,0.0187,20.546,0.019,-45.629,0.014,0.939,10.699779,0.00282,11.072549,0.003551,10.161397,0.00311,0.911152,4.89,0.59,1.206,1813.615,494.423,790.633,1.0,1.0307268693873208,0.0008279335244646,0.0,0.0157879513182666,0.0,,1.3046600437417546
0.3291,-0.0956,-0.2052,15,56.3018872631,0.0479,22.69730741223,0.0429,64798038452412928,7.3412,0.0552,19.384,0.063,-46.041,0.053,1.064,16.174246,0.003893,17.795897,0.013817,14.936455,0.006991,2.859442,,,1.479,394.754,80.234,169.378,1.0,0.3430222621834197,0.0006965225367759,0.0,0.0,0.0,,1.3050070809908334
0.1768,0.0753,0.0438,16,55.12811088561,0.0315,24.48711375761,0.0252,68334235349446528,7.4029,0.0346,21.815,0.042,-44.165,0.033,1.761,11.509661,0.00305,11.976295,0.004449,10.868325,0.003702,1.107969,2.95,1.04,1.232,829.499,313.28,446.348,1.0,0.8872094248098307,0.0008108284533699,0.0,0.0,0.0,,1.30507417667242
-0.0708,0.0372,-0.1432,13,56.83709232129,0.0214,25.52563883889,0.0137,69964879813013248,7.4799,0.0214,19.304,0.032,-45.569,0.019,1.137,9.696473,0.002809,9.988295,0.00294,9.23546,0.002929,0.752834,8.28,4.57,1.198,1994.12,1172.045,1220.532,1.0,1.2437144223425864,0.0056641041509929,0.3866872127907759,0.3058580470779313,0.3109131854099069,0.245927128721317,1.3100858992407478
-0.0147,0.0673,-0.1381,17,57.5733585058,0.1017,22.93288336586,0.0613,64160940185240064,7.2221,0.1056,18.971,0.123,-42.773,0.08,1.055,17.563309,0.002994,19.70834,0.043144,16.257071,0.005069,3.451269,,,1.502,925.889,25.218,256.581,1.0,0.1917705778387116,0.0008469165453179,0.0,0.0,0.0,,1.3112341540253065
-0.0082,0.1599,-0.1803,17,57.98900797238,0.0145,23.33922129851,0.0084,65680499614460800,7.5029,0.0149,20.844,0.019,-46.485,0.011,1.073,12.713165,0.002959,13.387769,0.005017,11.922517,0.003534,1.465252,5.61,1.09,1.262,1006.332,260.382,500.639,1.0,0.7240079831108892,0.0006587644720001,0.0,0.0,0.0,,1.3132507433080143
0.2438,0.3554,0.0459,16,55.07859767518,0.0613,23.90637216703,0.0468,68170721650939264,7.5588,0.076,20.969,0.081,-46.638,0.056,0.891,16.658615,0.002969,18.351191,0.012367,15.403993,0.004749,2.947198,,,1.489,981.285,90.114,282.536,1.0,0.2817452569552964,0.0012777975769402,0.0,0.0,0.0,,1.3133430687501932
0.0651,0.0623,-0.2127,17,58.1802306008,0.0699,24.46611078052,0.0443,66648001127514368,7.3801,0.0738,18.086,0.098,-44.691,0.059,1.069,16.820299,0.002943,18.59796,0.026204,15.554891,0.004166,3.043069,,,1.491,1048.977,41.671,350.97,1.0,0.2616310375520076,0.0010691272566846,0.0,0.0,0.0,,1.3166869385429594
0.2452,-0.0243,-0.1369,16,55.35827479061,0.0585,23.25980604541,0.0457,65101606741121792,7.4055,0.065,21.431,0.076,-45.769,0.057,0.97,16.835623,0.003084,18.681997,0.021582,15.543577,0.004061,3.13842,,,1.516,783.605,50.734,367.879,1.0,0.2594431375454629,0.0009840978801661,0.0,0.0,0.0,,1.3174665973816444
0.2644,0.1377,-0.0114,15,55.65402563416,0.1083,25.23250873853,0.0783,69898294936767488,7.3862,0.1253,19.838,0.14,-44.484,0.1,1.057,17.410069,0.003226,19.32461,0.039216,16.106991,0.005135,3.217619,,,1.522,646.775,27.756,251.879,1.0,0.2063712372712476,0.0020363286361392,0.0,0.0,0.0,,1.319119471174901
-0.0069,0.2364,-0.1228,17,57.96320232012,0.0328,23.29460660474,0.0194,65674383581036800,7.409,0.0346,18.719,0.042,-46.029,0.025,0.986,15.41097,0.002884,16.859787,0.006733,14.228603,0.003296,2.631184,,,1.442,1275.669,177.183,618.816,1.0,0.4406237370987527,0.002357294188802,0.0,0.0402577042045226,0.0,,1.3200485237119695
0.1359,-0.1288,-0.1566,13,55.74682843323,0.0444,22.90070615627,0.0364,65030344643851776,7.7712,0.0497,20.034,0.06,-44.55,0.045,3.242,11.829097,0.003099,12.339624,0.005607,11.159572,0.004548,1.180053,6.6,1.8,1.233,765.578,223.223,302.314,1.0,0.8374424125520703,0.0006514227392013,0.0,0.0136499151843173,0.0,,1.3205708977716075
0.1113,0.1791,-0.5499,13,57.9186150567,0.0426,24.98296292857,0.0255,66863058730966528,7.2252,0.0512,18.227,0.053,-46.381,0.036,1.632,10.70626,0.002886,11.07512,0.004107,10.166348,0.003646,0.908772,3.4,0.9,1.208,1262.61,360.225,462.473,1.0,1.0297951431130064,0.0007760988706309,0.0,0.0157879513182666,0.0,,1.3290134397420361
0.1454,0.0416,-0.1256,16,56.18321118056,0.0142,25.4990904085,0.0101,69917635172718720,7.2217,0.0156,20.325,0.017,-43.832,0.013,1.023,11.862408,0.003046,12.373336,0.005533,11.193335,0.004486,1.180001,6.84,1.87,1.233,836.362,227.246,309.124,1.0,0.8327711139335375,0.000636163440194,0.0,0.0,0.0,,1.3311447653355044
0.0099,-0.0459,-0.1761,14,56.89678892562,0.0248,25.5437587917,0.0157,69954713627862528,6.8098,0.0263,18.625,0.036,-42.81,0.02,1.246,13.986233,0.002945,14.966399,0.00499,13.003712,0.003715,1.962687,,,1.334,1044.097,262.453,442.643,1.0,0.5765095921295867,0.0004968397903968,0.0,0.0,0.0,,1.331786740632594
0.0836,-0.1053,0.2031,14,55.06642960258,0.1827,24.37523674429,0.1434,68238543478364032,6.8217,0.2014,19.706,0.255,-45.361,0.203,0.989,18.210098,0.003749,20.418461,0.144063,16.838749,0.012873,3.579712,,,1.583,427.173,7.538,86.395,1.0,0.150451598282803,0.0050166775068377,0.0,0.010303902307901,0.0,,1.3330922399610436
0.2997,-0.0277,0.0296,16,55.10875057437,0.0702,24.53681598797,0.0568,68334617603435648,7.0823,0.0795,19.972,0.094,-43.825,0.077,1.029,16.925804,0.002981,18.581059,0.042617,15.648413,0.004947,2.932646,,,1.523,954.484,25.531,265.743,1.0,0.2555332886417614,0.0019581898517459,0.0,0.0,0.0,,1.3333177332161228
0.0488,0.1193,-0.0974,16,57.33466730526,0.0488,25.42830173269,0.0269,66950435545271680,7.0213,0.0485,18.908,0.062,-43.697,0.035,1.018,16.213099,0.002972,17.842764,0.010379,14.978201,0.00396,2.864563,,,1.474,975.358,108.608,386.409,1.0,0.3376455695651353,0.0006734930333341,0.0,0.0,0.0,,1.3365143896460707
-0.0009,0.1368,0.026,16,55.86311858121,0.0187,25.38738773414,0.0139,69904101732529408,7.2096,0.0206,20.239,0.025,-44.004,0.018,1.07,11.151539,0.003295,11.597602,0.005833,10.534244,0.004864,1.063358,,,1.224,600.931,211.947,272.488,1.0,0.945792690140883,0.0029810662542995,0.1929181828232153,0.2324282538721533,0.2039751256636152,0.245750524064283,1.339272782331758
0.0038,0.1992,-0.2035,15,56.97574688018,0.0715,22.65694149169,0.0515,64129294866302336,7.3845,0.0805,21.157,0.099,-46.783,0.066,1.045,16.871901,0.003021,18.646664,0.043835,15.605882,0.004827,3.040782,,,1.492,876.625,24.819,275.651,1.0,0.2562709979213315,0.0012862642074283,0.0,0.0,0.0,,1.3393175190289925
0.1314,0.1948,-0.066,15,55.90555622606,0.0289,25.4087861856,0.0225,69904410970171392,7.6916,0.0344,21.298,0.037,-47.283,0.027,0.986,15.347046,0.002977,16.773926,0.00849,14.175384,0.00375,2.598542,,,1.433,962.921,135.413,433.283,1.0,0.4492303405848678,0.0010584568381232,0.0,0.0211843776902712,0.0,,1.3398524045849254
0.4986,-0.1269,-0.136,14,55.43225882288,0.2229,23.13314273397,0.1823,65052639818118400,7.2734,0.2449,19.898,0.299,-44.533,0.243,1.031,18.776737,0.003923,21.002762,0.129504,17.361822,0.016569,3.64094,,,1.643,388.755,8.386,66.478,1.0,0.1136345132305858,0.0133530706635047,0.0,0.0,0.0,,1.3400133394504128
0.2173,0.1594,-0.0293,16,55.67856772337,0.0189,25.28089738949,0.0132,69898810332838400,7.0382,0.0213,19.564,0.025,-43.228,0.017,1.117,13.756668,0.002865,14.635596,0.004585,12.831278,0.00349,1.804318,,,1.31,1383.932,298.468,517.926,1.0,0.5970110858594245,0.0006308007558004,0.0,0.0,0.0,,1.3400634058195118
0.079,0.1539,-0.0497,16,55.89680277272,0.0348,25.40846050448,0.0265,69904617128601984,7.6565,0.0395,20.198,0.044,-47.368,0.034,1.061,15.61384,0.002976,17.089005,0.007521,14.424485,0.003884,2.664519,,,1.445,964.544,155.457,401.859,1.0,0.4163257211721704,0.0006324926953531,0.0,0.0,0.0,,1.342836831072222
0.1271,0.1887,0.1777,16,55.0296890111,0.1135,24.2174501072,0.0837,68232191222851456,7.3905,0.123,21.005,0.147,-46.724,0.107,0.794,17.717175,0.003449,19.590139,0.064486,16.356083,0.007056,3.234056,,,1.604,523.542,16.852,167.529,1.0,0.1879168508077975,0.0024645110120585,0.0,0.0,0.0,,1.3431001540826872
0.0287,0.1907,0.0216,15,55.21027734304,0.0163,23.41823955761,0.0109,65119164567417856,7.5963,0.0174,21.697,0.02,-45.498,0.013,1.072,10.658403,0.002852,11.022289,0.003662,10.129077,0.003408,0.893212,4.86,0.28,1.204,1474.21,457.837,554.892,1.0,1.03926566076472,0.0008828327849559,0.0,0.0,0.0,,1.3432613609177473
0.0293,0.1952,-0.0727,16,57.84963620047,0.0334,25.09780493761,0.0188,66867800374681344,7.3388,0.0334,19.06,0.042,-44.905,0.024,1.013,15.381897,0.002795,16.772404,0.004937,14.222671,0.003051,2.549733,,,1.426,2319.482,266.596,879.827,1.0,0.4463382901004841,0.0005732203235712,0.0,0.0,0.0,,1.3497591471359967
0.031,0.0936,-0.0981,16,56.28772677586,0.0621,25.54681374936,0.0433,69918979499309952,7.5417,0.0666,19.884,0.088,-45.446,0.06,0.969,16.726799,0.002997,18.471159,0.019901,15.462037,0.004485,3.009122,,,1.495,921.011,55.102,309.168,1.0,0.2727308047942526,0.0011447183759563,0.0,0.0,0.0,,1.3515118937964823
0.2,-0.0935,-0.1906,15,55.38534473979,0.0219,23.16151981666,0.0186,65052953351603456,7.5379,0.0258,21.489,0.029,-45.996,0.022,1.806,12.413892,0.00291,13.024586,0.00449,11.663943,0.003785,1.360642,5.7,2.52,1.253,1158.445,308.59,424.625,1.0,0.7581043737670526,0.0006933128411165,0.0,0.0,0.0,,1.351815870399932
0.3315,0.0943,0.1395,15,55.10089179725,0.0297,24.58430557649,0.0244,68348155340347776,7.3485,0.0337,20.816,0.041,-44.237,0.034,1.047,15.177081,0.002946,16.503788,0.006368,14.042981,0.003609,2.460807,,,1.41,1042.473,189.666,474.29,1.0,0.4697557734615941,0.0005473410440283,0.0,0.0,0.0,,1.3522718327026093
0.4483,0.1765,-0.0993,15,55.16690520655,0.039,24.73568048752,0.0285,68356367317952256,7.6009,0.0447,21.054,0.053,-47.19,0.038,1.092,15.603813,0.00293,17.066156,0.009245,14.419466,0.003703,2.64669,,,1.442,1088.287,123.191,445.877,1.0,0.4178501746516161,0.0004807311897526,0.0,0.0,0.0,,1.3526224400050821
0.2353,0.1178,-0.1109,16,55.13134552102,0.0235,23.55044873326,0.0169,65125452399528320,7.5361,0.0276,22.035,0.03,-46.284,0.021,1.048,14.410244,0.002827,15.531999,0.003947,13.354491,0.003181,2.177507,,,1.371,1710.961,388.945,710.912,1.0,0.5413848542428286,0.0004805543043537,0.0,0.0,0.0,,1.3535538589584308
0.5166,0.0764,-0.1104,15,55.16567231202,0.0878,24.73558287941,0.0671,68356367317952128,7.7137,0.1018,20.522,0.118,-46.588,0.093,1.042,17.243416,0.003055,19.092524,0.038584,15.919441,0.008583,3.173082,,,1.557,822.301,28.214,133.766,1.0,0.2224097544629864,0.0015902580838553,0.0,0.0,0.0,,1.3544383499314705
0.0705,0.1005,-0.0828,16,56.28627464077,0.0635,22.6416312479,0.0457,64797523056344064,7.5262,0.067,22.014,0.08,-46.661,0.056,1.193,16.453379,0.003112,18.196117,0.020062,15.190277,0.004409,3.00584,,,1.493,750.106,54.649,318.008,1.0,0.3045249074301576,0.0016032256929501,0.0,0.0,0.0,,1.3569382661190919
0.2234,0.1141,-0.0642,16,56.0213404509,0.0125,25.48363034153,0.009,69906571336964608,7.4442,0.0142,20.773,0.015,-45.664,0.011,0.988,12.185305,0.002921,12.743325,0.00425,11.477435,0.003774,1.26589,6.38,1.15,1.242,1118.222,338.741,427.254,1.0,0.7881881341268145,0.0006661143295215,0.0,0.0,0.0,,1.3598835102356042
0.1028,0.2466,-0.2019,16,57.83246207984,0.115,23.0676452955,0.066,64157023175179776,7.4189,0.131,19.233,0.133,-43.414,0.087,1.078,17.615984,0.003309,19.594332,0.046728,16.28302,0.006104,3.311312,,,1.554,592.68,23.277,199.978,1.0,0.1915973582875506,0.0018064896266144,0.0,0.0,0.0,,1.36217064502893
0.0182,-0.0065,0.1648,15,55.73566057861,0.1367,22.85483397428,0.1081,65029550073165184,7.4723,0.1491,19.869,0.195,-43.853,0.147,0.957,18.133823,0.003367,20.180763,0.077156,16.760004,0.008331,3.420759,,,1.602,561.175,14.081,138.317,1.0,0.1571192059438586,0.0054645936783851,0.0,0.0165366060386697,0.0,,1.3644558347194036
0.1604,0.2035,-0.1151,16,57.02388607491,0.0612,22.63577808525,0.0442,64128294135554688,7.3205,0.0701,19.482,0.078,-45.446,0.054,1.075,16.372732,0.00351,18.100941,0.018073,15.113349,0.006057,2.987592,,,1.49,499.452,60.804,201.946,1.0,0.3141555181557147,0.0028991301215703,0.0,0.0273375030454562,0.0,,1.3667856327865746
0.0845,0.2685,-0.0702,15,55.97455348593,0.0278,25.47487895307,0.0197,69906472554465792,7.3138,0.0325,19.002,0.035,-45.791,0.024,1.115,15.019618,0.002902,16.341759,0.005719,13.884453,0.003489,2.457306,,,1.412,1193.697,217.482,518.356,1.0,0.4863566923573273,0.00062498565085,0.0,0.0090907620328592,0.0,,1.3669657685596588
0.2237,0.1648,-0.06,16,55.16450502269,0.2085,23.44286661596,0.1438,65119469509073152,7.5991,0.2284,21.118,0.246,-44.362,0.169,1.034,18.585159,0.003544,20.470793,0.237364,17.201927,0.012611,3.268866,,,1.633,487.071,4.574,88.285,1.0,0.1210779551084633,0.0146539733799017,0.0,0.0100594212694143,0.0,,1.3698997625649998
-0.0382,-0.3396,0.1244,13,55.45410782174,0.154,23.05638602589,0.12,65042645428743680,7.5943,0.1803,20.472,0.241,-45.696,0.154,1.229,17.786415,0.00347,19.672274,0.076851,16.176714,0.009045,3.49556,,,1.982,514.798,14.137,126.198,1.0,0.1883815940635057,0.0018605367430944,0.0,0.0,0.0,,1.370303308962149
0.1531,0.0337,-0.1964,17,57.69189073172,0.0125,22.93047700918,0.0081,64148738180119680,7.346,0.013,19.432,0.016,-44.963,0.011,1.01,12.54847,0.003264,13.226937,0.007187,11.749722,0.005286,1.477215,-2.6,12.99,1.267,620.681,163.934,241.841,1.0,0.7362612619730884,0.002777026153411,0.3295945365039858,0.1420963825616419,0.4476597554796154,0.1930046137761886,1.3720908031066539
0.0014,-0.2295,-0.0557,15,55.82929512558,0.0683,22.78609278823,0.0513,64840541448791424,7.6146,0.0754,20.644,0.097,-46.401,0.066,1.058,16.816063,0.003293,18.597298,0.046034,15.524349,0.005898,3.072948,,,1.524,602.149,23.629,208.926,1.0,0.2627435940348523,0.0009611569955655,0.0,0.0,0.0,,1.3741211203465271
0.1787,0.0445,0.0658,16,56.10669430951,0.1668,22.66873873291,0.129,64822017259193600,7.331,0.179,19.387,0.213,-43.841,0.16,1.007,18.58,0.003704,20.721899,0.166525,17.161203,0.011132,3.560696,,,1.656,438.536,6.521,100.749,1.0,0.1250679203721899,0.0112629135778122,0.0,0.0071735076988934,0.0,,1.375821967284281
0.2121,0.1473,-0.4327,15,57.50276089924,0.0502,25.39859852117,0.0362,66937859881182848,7.0336,0.0604,18.296,0.066,-44.854,0.049,2.889,12.781891,0.002956,13.624446,0.00522,11.871041,0.0037,1.753405,4.53,3.09,1.308,1013.72,246.107,446.75,1.0,0.6693274089819168,0.0164358810120913,0.567589078086786,0.0221408777681504,0.8479991562725927,0.0390877213754269,1.381559027150549
0.16,0.0868,-0.3142,14,58.047315363,0.0724,24.93000934343,0.0366,66697547870378368,7.725,0.0709,21.714,0.095,-47.755,0.051,1.0,16.585989,0.002897,16.453089,0.004954,16.856543,0.009289,-0.403454,,,1.148,1215.172,265.234,122.544,1.0,0.3229765513896487,0.0066251346481672,0.0,0.0,0.0,,1.3821308878770473
0.0705,0.3,-0.0683,15,55.97003028972,0.0522,25.49162663918,0.038,69906713072633856,7.2832,0.0627,20.384,0.066,-45.444,0.045,1.023,16.485218,0.002934,18.160709,0.012562,15.242576,0.004028,2.918134,,,1.477,1078.176,88.643,373.704,1.0,0.3016579486058435,0.0011709666980516,0.0,0.0,0.0,,1.3840989671343702
-0.1055,-0.3091,0.0577,14,55.3599023648,0.0646,23.13393922945,0.0465,65047043476608128,7.2282,0.0716,20.522,0.093,-43.974,0.058,0.984,16.736732,0.003177,18.59807,0.027388,15.452512,0.004545,3.145558,,,1.504,686.737,39.851,302.634,1.0,0.2689992729752054,0.0026656584415284,0.0,0.0150492516528455,0.0,,1.3853348500625184
0.0109,0.3097,-0.1862,16,57.84233121849,0.0185,25.16592888053,0.0095,66903293984399872,7.2519,0.0185,19.599,0.022,-45.434,0.012,1.117,13.613075,0.002859,14.502443,0.0042,12.683687,0.003389,1.818756,,,1.31,1422.208,345.865,564.199,1.0,0.6093262344604221,0.0005558461191934,0.0,0.0,0.0,,1.3868935329567242
0.5424,-0.0529,-0.156,15,54.98011655879,0.1201,24.21489595031,0.0922,68232603539842944,7.8465,0.1338,21.617,0.177,-47.12,0.136,0.977,17.686621,0.003145,19.820995,0.064005,16.355438,0.008598,3.465557,,,1.536,716.352,16.979,133.495,1.0,0.1842192034483473,0.0012403637567087,0.0,0.0,0.0,,1.3884201109098424
0.1116,0.2634,-0.0106,15,55.39058289252,0.0526,25.11331046765,0.0347,68395399980532864,7.3452,0.0545,19.963,0.077,-44.171,0.049,1.089,15.965155,0.00311,17.573677,0.012832,14.735998,0.004021,2.837679,,,1.471,752.228,86.684,374.972,1.0,0.3681293779484964,0.0033198876541168,0.0,0.0431064377701837,0.0,,1.3884595922071068
-0.2625,-0.2267,0.0953,15,55.76757280535,0.1538,22.80076954349,0.111,64841503521468544,7.6917,0.1547,21.912,0.24,-43.992,0.156,8.486,14.297123,0.003255,15.503931,0.010297,13.207622,0.005406,2.296309,,,1.387,626.345,109.54,234.499,1.0,0.5338538632890902,0.0039566691715908,0.3310620881508053,0.0334016763653672,0.6201361663117346,0.0627356667247199,1.3898031588599422
0.4635,-0.2723,-0.7021,14,57.57373154237,0.0229,25.37936374386,0.0141,66960262430594816,7.2726,0.0313,19.348,0.029,-45.86,0.023,1.073,9.52466,0.002762,9.781733,0.002813,9.102612,0.002807,0.679121,4.69,1.13,1.193,5785.674,3025.274,3540.749,1.0,1.291992475630947,0.0008273986307129,0.0,0.0,0.0,,1.3925050527478788
-0.0498,-0.0809,-0.0029,15,55.60962925403,0.0156,22.89445831917,0.0115,65027905102436608,7.4357,0.0167,20.931,0.022,-44.496,0.016,0.985,13.702901,0.00296,14.601405,0.004851,12.766047,0.004178,1.835358,,,1.315,1004.206,273.6,349.199,1.0,0.6012732305145921,0.0005097491689285,0.0,0.0,0.0,,1.3962221371240198
-0.0174,0.149,0.0596,14,55.40530763317,0.0767,25.14226701997,0.0514,68395606138958592,7.5745,0.0805,20.633,0.123,-46.289,0.074,1.02,16.753799,0.00302,18.569962,0.022692,15.48779,0.005925,3.082171,,,1.487,877.416,48.212,207.704,1.0,0.2680984831762781,0.0007326546212443,0.0,0.0,0.0,,1.3965771043387643
0.0215,-0.0562,-0.0587,15,55.87212431405,0.0199,22.73461112565,0.0155,64837242912474624,7.5666,0.0222,20.074,0.028,-45.964,0.02,1.098,8.88526,0.002775,9.04409,0.010049,8.44839,0.016776,0.5957,,,1.256,3286.939,112.461,65.633,1.0,1.4538880901813598,0.013491801646157,0.8937295065874548,0.0690227769267843,0.6147168496826808,0.0478161043873828,1.3970737174378751
-0.2058,-0.1741,0.0449,13,55.87166965704,0.0211,22.73438824922,0.0148,64837139834697984,7.5902,0.0207,21.902,0.027,-45.303,0.019,1.033,9.766249,0.003606,9.681552,0.080789,8.904118,0.113677,0.777434,,,1.715,466.836,13.447,9.554,1.0,1.241200816310123,0.0180738355865404,0.90800025686434,0.0521566583849227,0.7315498386181125,0.0433503321245,1.397897644815258
0.2162,-0.1265,0.0165,15,55.44449969061,0.0845,23.0219983555,0.0685,65042439271761280,7.4328,0.0944,21.821,0.12,-45.572,0.088,0.941,17.29081,0.00318,19.234756,0.041246,15.988699,0.006232,3.246058,,,1.518,684.151,26.384,194.824,1.0,0.2152299417971221,0.0013768666384254,0.0,0.0,0.0,,1.3980184531107094
0.3695,-0.1046,-0.284,15,58.00692191346,0.0691,25.02462381507,0.048,66886011036187392,7.622,0.0736,18.579,0.094,-46.953,0.066,1.101,16.50337,0.002914,18.203884,0.013727,15.257768,0.003853,2.946116,,,1.477,1146.053,80.779,408.603,1.0,0.2986361023191462,0.0008371270245467,0.0,0.0,0.0,,1.4100027991729067
0.3377,-0.1477,-0.3128,15,58.01500229554,0.0769,25.02030871801,0.0516,66885942316710784,7.3994,0.0846,19.587,0.106,-46.493,0.072,1.006,16.95706,0.003001,18.764578,0.024195,15.676529,0.003813,3.088049,,,1.506,913.078,45.175,417.849,1.0,0.2472414923986667,0.0010742598777623,0.0,0.0,0.0,,1.4100393034777656
0.1271,0.2124,-0.0217,16,56.10458705679,0.1013,25.56760995826,0.0746,69930764889482752,7.3737,0.117,20.874,0.13,-46.764,0.091,1.123,17.323833,0.003461,19.412359,0.055311,15.954043,0.005293,3.458316,,,1.592,518.438,19.655,241.409,1.0,0.2120584540792466,0.0034674278401156,0.0,0.0,0.0,,1.4130403296397296
-0.1212,0.123,-0.1194,16,58.34887161451,0.0214,24.06483661401,0.0135,66570554277316992,7.3014,0.0222,19.433,0.027,-45.3,0.017,1.18,11.173697,0.002915,11.588181,0.004112,10.590354,0.003613,0.997828,6.12,1.06,1.215,1139.614,359.531,473.1,1.0,0.9443899939787234,0.0007991497648856,0.0,0.0,0.0,,1.4157553725828689
0.1409,0.2084,0.0887,15,56.88781044276,0.0606,25.63831243312,0.0406,69968113925681408,7.2125,0.0634,18.803,0.076,-44.159,0.052,1.014,16.606457,0.003068,18.404358,0.019736,15.329647,0.004265,3.074711,,,1.503,805.248,55.571,336.647,1.0,0.2847856657788202,0.0020061890208073,0.0,0.0072211787366617,0.0,,1.4159081248338763
0.2545,0.3385,0.0825,16,54.94318764853,0.0348,23.98123193567,0.0255,68175806892217216,7.3249,0.041,20.56,0.046,-44.365,0.031,1.058,15.53727,0.003075,16.989435,0.01635,14.347767,0.004663,2.641668,,,1.449,795.801,67.394,290.627,1.0,0.4264121485103645,0.0006687170593133,0.0,0.0075802700757458,0.0,,1.4172191390842617
0.3389,-0.2775,-0.2406,15,55.49448945798,0.0397,22.95034269755,0.0343,65040686925109760,7.5399,0.0462,21.191,0.058,-45.751,0.044,1.141,15.615843,0.00292,17.099405,0.006934,14.424569,0.00388,2.674836,,,1.446,1121.499,171.04,402.753,1.0,0.4158216994267585,0.0007605236631305,0.0,0.0077359381764761,0.0,,1.4179425425580405
0.2529,-0.1562,-0.4692,13,58.22291567604,0.019,24.71553110368,0.0124,66655560269868544,7.3849,0.0199,18.176,0.027,-45.041,0.017,1.017,9.341612,0.002768,9.580916,0.002889,8.942785,0.002864,0.638131,7.15,1.01,1.19,4161.25,1445.889,1680.152,1.0,1.3405750667571912,0.0008653997695401,0.0,0.0,0.0,,1.4248529848042069
0.4274,-0.0254,-0.4442,16,57.56154678863,0.0785,25.42482323105,0.0567,66960743466922624,7.4945,0.0931,19.42,0.103,-45.378,0.08,1.018,16.939152,0.002992,18.816092,0.023245,15.652843,0.004281,3.163248,,,1.505,930.392,47.048,334.341,1.0,0.2473866265673762,0.0006913912778959,0.0,0.0,0.0,,1.425551771956409
0.2138,0.2344,-0.0666,15,54.95000439198,0.0452,23.84894508168,0.0307,68147391388599808,7.7948,0.0513,21.781,0.053,-47.448,0.037,1.055,15.734668,0.003021,17.45591,0.018304,14.482784,0.003991,2.973125,,,1.482,876.089,60.017,380.391,1.0,0.3188119887229814,0.0106564227303497,0.2805224536919567,0.0131618565222298,0.8798993250398283,0.0506890651932014,1.4261078049110827
0.0607,0.1472,-0.0956,16,56.12540453064,0.0198,25.59621076222,0.0139,69932276717968512,7.1574,0.021,20.053,0.026,-43.577,0.018,1.075,14.340455,0.003099,15.43668,0.006991,13.298849,0.004531,2.137831,,,1.363,765.305,169.388,304.102,1.0,0.5474944328282625,0.0004864145515659,0.0,0.0,0.0,,1.4272593173450205
0.0153,0.0006,0.1273,15,55.21602761544,0.0454,23.23053552842,0.0336,65098514364769408,7.3388,0.0493,20.826,0.065,-45.027,0.044,0.966,16.232439,0.003833,17.897514,0.020668,14.988882,0.007049,2.908632,,,1.48,407.4,53.019,167.722,1.0,0.3345416448393521,0.0008332660942716,0.0,0.0,0.0,,1.4295152449831847
0.369,0.2236,-0.0679,15,54.96121741847,0.1271,23.76440270472,0.0919,68145707761492608,7.155,0.1525,20.354,0.159,-43.554,0.116,1.082,17.778164,0.00308,19.760536,0.059614,16.452433,0.00989,3.308104,,,1.544,788.237,18.233,114.433,1.0,0.1808879288983168,0.0024188017094689,0.0,0.0,0.0,,1.4303615966971372
0.2532,0.2664,-0.0695,16,54.9280606659,0.0501,23.9075504225,0.0377,68174191984522368,7.3305,0.0605,20.455,0.065,-45.016,0.046,0.979,16.293001,0.003013,17.999969,0.013152,15.043575,0.004731,2.956394,,,1.481,889.669,84.476,284.158,1.0,0.3250647440119836,0.0021586916910853,0.0,0.0213204403320258,0.0,,1.4351796469438343
0.1791,0.2649,-0.0542,15,54.95217494014,0.0836,23.7675955813,0.0622,68145776480904064,7.6868,0.0995,20.926,0.101,-46.906,0.073,0.994,17.255363,0.003071,19.178942,0.05556,15.95155,0.005668,3.227392,,,1.522,801.009,19.566,220.041,1.0,0.2187668277643301,0.0013585513618969,0.0,0.0,0.0,,1.4370852710442996
0.1465,0.1025,-0.1362,17,58.35055879614,0.0599,23.79940041424,0.0352,65720734868130816,7.363,0.0639,20.125,0.068,-44.915,0.045,1.089,16.478794,0.003173,18.200987,0.016098,15.218929,0.004632,2.982058,,,1.492,690.351,68.484,293.644,1.0,0.3020479620950894,0.0006940407717321,0.0,0.0,0.0,,1.4427923416735018
0.3284,-0.095,-0.4106,15,56.84367439642,0.1074,22.51956046416,0.0936,64032503481665280,7.4616,0.1407,20.574,0.149,-45.52,0.123,1.072,17.588257,0.00321,19.643534,0.073808,16.253145,0.011091,3.390388,,,1.549,658.909,14.721,101.145,1.0,0.1917615998739082,0.0013548090763794,0.0,0.0,0.0,,1.4448376810571888
0.1,0.0015,0.0791,16,55.10957950827,0.0691,23.35793606988,0.0515,65112739296356608,7.1577,0.0749,21.185,0.088,-44.558,0.066,1.194,16.70023,0.003041,18.5285,0.030617,15.426275,0.004612,3.102224,,,1.495,843.835,35.61,295.646,1.0,0.274206545052256,0.0013407553625757,0.0,0.0,0.0,,1.446030555310919
0.0055,0.2997,0.0856,14,55.37801294396,0.1291,25.19773344724,0.085,68584034944338560,7.1023,0.1373,20.271,0.18,-44.668,0.115,1.103,17.426853,0.00365,19.23724,0.109932,16.020414,0.011879,3.216825,,,1.674,453.615,9.88,94.031,1.0,0.210910134302207,0.0022187586135032,0.0,0.0,0.0,,1.4479467524480496
0.3789,0.0019,-0.0083,15,56.36073294822,0.0485,22.52540925226,0.0393,64768763955442944,7.3805,0.0532,19.916,0.062,-44.254,0.051,1.077,16.099396,0.003518,17.661139,0.017344,14.873864,0.006197,2.787274,,,1.474,496.506,63.427,196.203,1.0,0.354055581307571,0.0008446847936689,0.0,0.0,0.0,,1.4488676160255785
0.2529,0.0328,-0.1788,16,58.29021865632,0.1715,23.56311313951,0.1138,65697267166874240,7.8288,0.1841,19.813,0.221,-47.12,0.153,1.01,18.340422,0.003189,20.523376,0.125914,16.957226,0.007672,3.566151,,,1.602,676.483,8.625,151.911,1.0,0.1423737367373265,0.0073785904099083,0.0,0.0132207300524064,0.0,,1.4489030696301837
0.3276,0.3004,-0.021,15,54.89785384273,0.0305,24.11823606928,0.0204,68225834671270528,7.2683,0.0329,22.681,0.041,-45.692,0.027,1.258,14.685989,0.002805,15.902973,0.003931,13.590218,0.003098,2.312756,,,1.391,2066.423,392.046,806.176,1.0,0.5169752948334415,0.0005689461013304,0.0,0.0170996445119122,0.0,,1.4526185510488239
0.3687,-0.0338,-0.4223,16,58.01103965973,0.0766,25.10400177716,0.0546,66887660303617408,7.4604,0.091,18.402,0.098,-45.285,0.076,1.025,16.868773,0.002985,18.824398,0.041927,15.608827,0.011088,3.215571,,,1.463,944.998,25.953,101.176,1.0,0.2499790344876268,0.0038939971270985,0.0,0.0230634184362617,0.0,,1.4549659010496114
0.3365,0.1183,0.0032,15,55.51484749881,0.1582,25.32146033584,0.1132,70087612798384384,7.5834,0.1788,18.989,0.209,-47.14,0.156,0.845,18.060589,0.003407,20.514338,0.090529,16.632174,0.008367,3.882164,,,1.645,541.856,11.999,137.652,1.0,0.1575618631702645,0.0074408069129123,0.0,0.0218373154706534,0.0,,1.4567493704942835
0.0689,0.1989,-0.0723,17,57.29700152038,0.027,22.60925800573,0.0177,64114245300877184,7.4927,0.029,21.057,0.037,-47.31,0.023,1.122,7.70596,0.002778,7.780141,0.002993,7.545788,0.002868,0.234354,,,1.165,3086.677,1001.814,1636.099,1.0,1.930504977152645,0.0197467725051439,1.1164971213847643,0.066723367967603,0.5783445961540677,0.0350652707169119,1.459707952262692
-0.2461,0.2756,-0.0877,15,57.90186041195,0.2318,25.22783113222,0.1292,66905561723623808,7.6018,0.217,16.894,0.295,-44.14,0.172,3.153,16.739059,0.003275,17.864019,0.02193,14.81238,0.006394,3.05164,,,2.74,613.321,49.914,188.709,1.0,0.3216479569298778,0.0022225689893591,0.0,0.0,0.0,,1.4618753946881728
0.2901,0.0487,-0.3024,16,57.6489355092,0.0231,25.42630877065,0.0132,66957994687842176,7.3297,0.0245,18.295,0.026,-44.339,0.018,1.385,11.730169,0.003258,12.249611,0.006636,11.03897,0.00541,1.210641,4.55,19.12,1.245,624.277,180.341,234.249,1.0,0.8498918097122861,0.0031057598411271,0.2506883051504007,0.20393581354813,0.2949649617582104,0.2399574496071633,1.4641899145251274
-0.0187,-0.0059,0.0306,15,55.62266700134,0.0197,22.79038336607,0.0134,65023232178029440,7.2577,0.0204,20.444,0.027,-43.616,0.017,1.031,14.220257,0.002892,15.296538,0.005272,13.1896,0.003441,2.106938,,,1.357,1238.125,242.735,539.188,1.0,0.5558500567545755,0.0004274124510368,0.0,0.0,0.0,,1.4652606166970215
-0.0585,-0.0619,0.1678,14,55.5197834852,0.0184,22.85835816894,0.0128,65027595864800000,7.4853,0.0189,20.957,0.024,-44.688,0.017,1.17,9.057103,0.002764,9.293049,0.00284,8.661972,0.002808,0.631077,4.13,0.41,1.189,4854.712,2059.619,3483.759,1.0,1.4076114306140457,0.0099643226629846,0.6562324041762827,0.2573497750699375,0.4662028098834156,0.1828570675408343,1.4669703108564016
0.072,-0.0211,0.1409,14,55.49566132294,0.0296,25.32879416147,0.0197,68587161680620288,7.3793,0.0316,20.103,0.04,-44.177,0.027,2.026,13.344251,0.002964,14.372921,0.004885,12.326188,0.004243,2.046733,,,1.356,994.196,270.754,339.69,1.0,0.5882439771550072,0.0115586098865047,0.5360597341492925,0.0215691316746289,0.9112880963812,0.0408056390388791,1.4679081105931133
0.3362,0.2057,-0.001,16,54.88473033038,0.0494,24.26686402914,0.036,68236795427794816,7.2339,0.0572,19.774,0.063,-45.55,0.046,0.968,16.123356,0.003095,17.788473,0.015095,14.88306,0.004259,2.905413,,,1.476,770.372,73.188,337.4,1.0,0.3457354089135291,0.0044266445897747,0.0,0.0471549517411754,0.0,,1.4680507437358734
0.0935,0.217,-0.0645,16,56.04490060537,0.054,25.62714909235,0.0384,69934334006064768,7.3719,0.0618,19.599,0.067,-46.149,0.045,1.038,16.46216,0.002897,18.23241,0.008869,15.191135,0.003474,3.041275,,,1.499,1214.621,128.971,524.51,1.0,0.3000511027560313,0.0046794828567364,0.0,0.0423745485190638,0.0,,1.4772107177661153
0.1444,0.1536,0.0963,14,56.84292958111,0.1989,25.72068541952,0.1338,69977597213945984,7.0507,0.2121,20.0,0.252,-44.777,0.163,0.987,18.60169,0.003716,20.704824,0.104056,17.173481,0.011255,3.531343,,,1.673,435.393,10.438,99.58,1.0,0.1237820597601001,0.0116831869099904,0.0,0.0071879890965451,0.0,,1.4859192613760515
-0.2104,0.2986,0.0046,14,56.667843836,0.0471,25.73135614782,0.0301,70019378655328768,7.3417,0.0483,20.283,0.064,-44.52,0.038,1.055,15.82318,0.002953,17.355955,0.013935,14.620584,0.003476,2.735372,,,1.451,1020.915,79.523,523.71,1.0,0.3890221619135862,0.0007109655314898,0.0,0.0,0.0,,1.486824777912845
0.2026,0.0999,-0.0557,15,56.89244548481,0.0571,25.71816482563,0.0389,69974504837007232,7.7242,0.0612,20.199,0.073,-46.512,0.049,1.026,16.268084,0.003207,17.919313,0.012609,15.032873,0.004245,2.88644,,,1.472,661.639,88.3,339.418,1.0,0.3298294468243223,0.0006697748698979,0.0,0.0,0.0,,1.4873980973504384
0.0635,-0.0695,0.001,15,55.8644435088,0.1004,22.62794381668,0.0702,64818203322590208,7.7871,0.1058,21.289,0.133,-48.158,0.091,1.019,17.326468,0.003339,19.21476,0.051406,16.045765,0.007467,3.168995,,,1.497,575.911,21.152,156.754,1.0,0.213304865196045,0.0018855929286503,0.0,0.0,0.0,,1.4874340385715776
0.2029,0.1579,-0.0505,16,55.00785428462,0.0504,24.77371460602,0.0411,68354374452892160,7.6035,0.0599,21.632,0.066,-46.379,0.052,1.078,16.329308,0.00295,18.015522,0.01434,15.079587,0.004236,2.935935,,,1.484,1029.706,77.187,340.678,1.0,0.3217930847388061,0.0007200570448422,0.0,0.0,0.0,,1.487869676169083
0.1205,0.3686,0.0126,15,54.86597277252,0.0215,23.89479513532,0.0149,68150861722174848,7.4256,0.0257,21.165,0.026,-45.348,0.018,1.1,11.304962,0.002922,11.757917,0.004056,10.692468,0.003513,1.06545,5.0,1.2,1.218,1117.359,368.826,508.843,1.0,0.9208445439430472,0.0007314954811549,0.0,0.0179409892853735,0.0,,1.4896559810248744
0.1234,0.0134,0.1477,16,55.51430776994,0.074,25.37740668553,0.0569,70088819686490496,7.2588,0.0827,20.092,0.103,-43.88,0.074,1.462,16.582438,0.00321,18.440619,0.022678,15.272038,0.00683,3.168581,,,1.538,659.348,48.243,174.154,1.0,0.2704849999835534,0.0065947614669618,0.1206051542868728,0.0392441938028065,0.4458848154027253,0.1454949561764673,1.4921587788652546
0.3934,0.1635,-0.0165,16,55.89233307152,0.0432,25.59039452761,0.0333,69911282917833216,7.5838,0.0512,20.454,0.052,-46.137,0.04,0.958,15.779932,0.002954,17.34687,0.013676,14.565957,0.003783,2.780913,,,1.459,1020.076,81.098,425.074,1.0,0.3909025137186409,0.0045596706070371,0.0,0.0569193119539613,0.0,,1.4934222140540203
0.3055,0.0678,-0.0977,16,55.65988578713,0.1126,25.47884835306,0.0896,70091259227969920,7.2788,0.1317,20.46,0.143,-44.292,0.12,1.022,17.84341,0.0031,19.954927,0.076035,16.524481,0.005954,3.430447,,,1.522,764.23,14.289,206.423,1.0,0.1738187796713207,0.0019901992942746,0.0,0.0,0.0,,1.4935851559119329
0.0803,-0.0627,-0.0579,16,55.00086921867,0.0316,23.43477564838,0.0245,65117206062341760,7.4765,0.0343,21.347,0.044,-45.299,0.034,1.402,14.743395,0.003019,16.149273,0.006629,13.574709,0.003488,2.574564,,,1.434,879.68,180.564,518.844,1.0,0.4623652910289315,0.0113084117569716,0.3865237253579539,0.0228414379147604,0.8359704607103996,0.0534651619163455,1.4966052071357507
0.2411,-0.07,-0.3068,16,58.42074750844,0.0304,24.41920320713,0.0206,66597767189992832,7.2984,0.0327,17.975,0.042,-43.579,0.028,1.08,15.093363,0.00288,16.374218,0.005038,13.973975,0.003447,2.400243,,,1.403,1293.351,258.813,536.483,1.0,0.4798674421966544,0.000650358336196,0.0,0.0,0.0,,1.5041656693413599
0.2838,0.1633,-0.2405,15,57.53514890396,0.0514,25.54865892623,0.0305,66974453002505088,7.7971,0.057,20.026,0.063,-47.333,0.043,1.014,16.260448,0.003059,17.91959,0.016483,15.00533,0.003963,2.91426,,,1.495,817.527,66.834,385.696,1.0,0.3317288015735459,0.0008994106308948,0.0,0.0,0.0,,1.5062393733522494
0.0034,-0.036,0.0923,14,55.44629077538,0.02,22.85682951098,0.0144,65026839950559744,7.4594,0.0217,21.039,0.027,-45.911,0.019,1.128,13.883523,0.002875,14.821616,0.004232,12.925335,0.003492,1.896281,,,1.323,1320.809,341.274,517.16,1.0,0.5855112350330769,0.0005810996808657,0.0,0.0,0.0,,1.5112417724966307
0.1119,0.0734,-0.0855,16,56.01189022138,0.015,25.65614920129,0.0101,69935162935991168,7.3402,0.0165,19.773,0.018,-46.019,0.012,1.197,12.610382,0.003109,13.278322,0.006068,11.815076,0.004833,1.463246,2.86,11.1,1.268,753.973,201.494,275.158,1.0,0.734500933308093,0.0011694530262764,0.0,0.1045819055267975,0.0,,1.512873564833982
-0.001,0.1117,-0.2974,16,58.24652162702,0.0179,24.90134245519,0.01,66694455493470464,7.3397,0.0179,20.669,0.022,-45.248,0.013,0.983,13.737393,0.003077,14.644784,0.006235,12.791295,0.004386,1.853489,,,1.321,792.529,194.708,320.85,1.0,0.5981919105709498,0.0005877506193633,0.0,0.0,0.0,,1.516593971582622
0.0825,0.197,-0.2079,16,57.8077996561,0.0405,25.38630230644,0.0232,66911231083913600,7.5506,0.0435,19.439,0.045,-46.521,0.03,1.041,15.793973,0.003112,17.35099,0.009628,14.573525,0.005468,2.777465,,,1.468,750.566,117.819,230.888,1.0,0.3908303686333135,0.0034094583901469,0.0,0.0463552270499627,0.0,,1.5179671981953307
0.1929,0.2893,-0.1805,15,55.78162924002,0.0459,25.57459869044,0.0348,70098612211973248,7.4588,0.0576,20.444,0.061,-45.949,0.046,0.926,16.097664,0.003091,17.752319,0.023082,14.855719,0.00398,2.896601,,,1.479,775.263,47.385,382.517,1.0,0.349672962293188,0.0039929110526672,0.0,0.046979783638928,0.0,,1.5208634729348345
0.2963,-0.0868,-0.2776,17,57.84931304842,0.0155,22.84127295815,0.0096,64103009666497024,7.4752,0.0165,19.642,0.019,-44.989,0.013,0.992,13.666987,0.003011,14.567012,0.005735,12.727442,0.004198,1.83957,,,1.317,894.036,216.693,346.123,1.0,0.6044518659012322,0.0005121679908643,0.0,0.0,0.0,,1.5227601145432421
0.0249,0.1503,-0.2077,16,57.60500935966,0.1094,22.67535436465,0.0643,64117784354039040,7.0356,0.115,17.906,0.152,-43.825,0.085,1.002,17.399178,0.003107,19.292608,0.063574,16.087564,0.006385,3.205044,,,1.536,755.615,17.095,189.051,1.0,0.2082929015375393,0.0019744309845976,0.0,0.0,0.0,,1.5230000088299145
0.2327,0.0519,-0.2629,17,57.19040905458,0.0373,25.70026259762,0.0236,69962719446879232,7.4733,0.0415,18.322,0.042,-45.478,0.031,1.066,15.570668,0.002826,17.087811,0.007794,14.370494,0.003261,2.717317,,,1.451,1727.62,149.199,643.607,1.0,0.4124514217125624,0.007625761570918,0.0,0.0832384000375175,0.0,,1.5274972617075289
0.2073,0.1265,-0.2964,16,58.23308551039,0.2146,24.96147169318,0.1407,66695688147432832,7.4519,0.2356,19.221,0.263,-46.559,0.189,0.978,18.782063,0.003466,20.964321,0.135028,17.39587,0.013133,3.568451,,,1.606,516.234,8.043,84.602,1.0,0.1111099535744432,0.0138798161746647,0.0,0.0,0.0,,1.5284857189330183
-0.0107,0.3517,-0.0893,15,55.2469853216,0.1634,25.19856192052,0.1125,68581694185489920,7.3606,0.1785,21.125,0.222,-45.97,0.139,0.981,17.939394,0.003568,20.051432,0.069847,16.572969,0.008269,3.478462,,,1.585,479.026,15.557,139.478,1.0,0.168371849785958,0.0029971236644294,0.0,0.0077368777523328,0.0,,1.5298171315757265
0.2073,0.084,-0.0877,16,55.68259731256,0.0333,25.53492479218,0.0248,70097581419826944,7.3357,0.038,20.133,0.042,-45.387,0.034,1.047,15.527512,0.002978,16.979176,0.00856,14.344953,0.00553,2.634223,,,1.441,960.425,134.158,227.403,1.0,0.4273796628169503,0.0005983291715993,0.0,0.0,0.0,,1.5339080402494383
0.2188,0.1403,-0.2466,17,58.44830839897,0.0626,23.74174181738,0.0388,65717814290369920,7.7811,0.0722,19.262,0.07,-47.788,0.051,1.181,16.219612,0.002874,17.903921,0.019795,14.962777,0.003189,2.941144,,,1.493,1330.054,55.403,703.093,1.0,0.3339622301188179,0.003974579856095,0.0,0.042649580162596,0.0,,1.5358298083759725
-0.0071,-0.0088,0.0139,13,56.17434992232,0.0176,22.46434600241,0.0134,64770241424108032,7.5857,0.019,22.077,0.022,-45.372,0.015,1.149,10.590919,0.002874,10.962697,0.004011,10.047034,0.003447,0.915663,5.6,0.74,1.21,1326.531,376.836,536.566,1.0,1.0525599122561675,0.0011222603413482,0.0,0.141004438889669,0.0,,1.5364179547579782
0.3115,0.1618,-0.058,16,55.93374708447,0.1048,25.66362571552,0.0787,70123003329050880,7.7279,0.126,20.667,0.134,-45.993,0.097,0.953,17.220388,0.003051,19.022488,0.02462,15.906257,0.005058,3.116231,,,1.55,828.274,44.385,257.345,1.0,0.225148773408362,0.0017807433417035,0.0,0.0,0.0,,1.54091855120363
0.2489,0.0152,-0.0231,16,54.92139561721,0.0718,23.4730015443,0.0583,68120418994061312,7.3208,0.0794,20.794,0.102,-44.544,0.082,0.967,17.177141,0.003199,19.123713,0.034301,15.875628,0.006026,3.248084,,,1.517,668.129,31.759,203.279,1.0,0.2242442950597132,0.000894689873439,0.0,0.0,0.0,,1.5410194141894031
0.3384,0.2655,-0.0696,15,54.79117662156,0.2468,23.98111610983,0.1823,68199270297901952,7.6659,0.2943,20.36,0.305,-43.878,0.229,1.002,18.634268,0.00422,20.484312,0.188227,17.229973,0.017009,3.254339,,,1.666,339.733,5.769,64.712,1.0,0.1175966632110813,0.0147380193921303,0.0,0.0071879890965451,0.0,,1.5417136259457864
0.2218,0.1008,-0.2412,17,57.960866818,0.0394,22.89551471851,0.0258,64104933811828480,7.372,0.0442,18.241,0.05,-44.873,0.035,1.041,15.906264,0.002852,17.473669,0.010847,14.68459,0.003226,2.789079,,,1.468,1472.041,103.581,670.294,1.0,0.3780223005496472,0.000969918808248,0.0,0.0077357351425081,0.0,,1.550783618659801
0.093,-0.0265,0.0287,13,56.10635909696,0.229,22.46369887841,0.1822,64765254965634176,6.9506,0.243,19.366,0.301,-43.443,0.222,0.947,18.812912,0.004237,20.84318,0.176334,17.391182,0.013493,3.451998,,,1.671,337.271,6.158,82.246,1.0,0.1105774520558079,0.0139456195119517,0.0,0.0,0.0,,1.551830154841248
0.1268,0.1801,-0.2594,16,57.59190695451,0.0556,22.62549947942,0.0319,64117062799542016,7.2106,0.0592,18.443,0.075,-42.444,0.043,1.015,16.211679,0.002886,17.865971,0.013984,14.972922,0.003591,2.893048,,,1.475,1262.336,79.234,480.334,1.0,0.3373439955234014,0.0007222867196485,0.0,0.0,0.0,,1.5559264360408067
-0.1674,0.1258,-0.2081,15,58.35353809174,0.0474,23.4039574236,0.0276,65690498298435840,7.5888,0.0491,20.973,0.072,-46.791,0.038,3.086,14.073176,0.002828,15.29284,0.003781,12.967694,0.003042,2.325146,,,1.401,1706.32,425.549,896.716,1.0,0.5291197268514395,0.009329276514907,0.4641560545986026,0.023924586201589,0.8772231142478711,0.0477880415840997,1.5582727846893878
0.1765,0.0496,-0.372,16,57.30272250751,0.042,25.70187044643,0.0245,69983369649631872,7.3744,0.0472,18.7,0.047,-45.535,0.033,1.093,15.634993,0.002866,17.308414,0.010311,14.390305,0.003599,2.91811,,,1.48,1379.648,109.385,477.653,1.0,0.3386025440093657,0.0119402302265651,0.2852580120481142,0.0163752687353372,0.8424567892207686,0.0567571134160932,1.558822568699409
0.0207,0.2484,-0.1175,16,57.40917152308,0.0281,22.5332856248,0.0173,64109915973846528,7.335,0.0288,18.218,0.036,-44.569,0.022,1.007,7.00436,0.002771,7.007024,0.002844,6.964559,0.003082,0.042465,,,1.16,3634.736,1977.402,829.658,1.0,2.5121404567319074,0.0010991834739271,0.0,0.0613143276577725,0.0,,1.5593973356535962
-0.1598,0.132,0.0213,16,56.13788197136,0.0587,25.75251974021,0.0411,69942515919994368,7.201,0.0623,19.716,0.085,-44.837,0.055,1.141,16.459324,0.002901,18.192596,0.018335,15.194916,0.004138,2.997681,,,1.496,1195.664,59.913,355.24,1.0,0.3042975268247666,0.0008617679056493,0.0,0.0,0.0,,1.560134721264884
0.0845,0.0758,0.0247,15,54.80623332661,0.0174,24.46632471871,0.0121,68254245878512384,7.1509,0.0184,19.811,0.022,-44.515,0.015,1.108,10.22619,0.002979,10.540687,0.003837,9.739897,0.003277,0.80079,5.44,0.67,1.202,958.61,412.126,632.046,1.0,1.127092865089827,0.0008881384005455,0.0,0.0213284973332181,0.0,,1.5629361158700132
0.1318,0.1356,-0.3901,16,57.47057390621,0.0158,25.64724643144,0.0092,66980362877378432,7.2796,0.0173,18.623,0.019,-45.938,0.012,1.014,9.434445,0.002759,9.706347,0.002812,8.994207,0.002798,0.71214,5.48,1.02,1.196,7491.873,3134.395,5287.54,1.0,1.3025247872551673,0.008870477265289,0.618085958986227,0.248844508222528,0.4745291337516348,0.1910751404265885,1.565016168657435
0.1107,0.1276,-0.1568,16,56.93624264299,0.0653,22.39796276377,0.0482,64027143362491008,7.6042,0.0739,21.057,0.087,-46.673,0.063,1.014,16.656425,0.003051,18.509056,0.021278,15.368991,0.004354,3.140065,,,1.509,828.954,51.471,324.889,1.0,0.2737738327187989,0.0056754912145049,0.0,0.0497424770349583,0.0,,1.5676767134359713
0.1018,-0.0222,-0.2004,15,57.70410557715,0.0321,22.66984055724,0.0187,64094037476647040,7.4373,0.0335,18.298,0.044,-44.929,0.026,1.236,14.973825,0.002849,16.259136,0.006486,13.789281,0.005545,2.469855,,,1.475,1501.695,185.414,226.58,1.0,0.4932739449636907,0.002357246584106,0.0,0.0561921174019368,0.0,,1.5709612433069842
0.135,0.0923,0.0968,16,54.87176771377,0.0147,23.49917280959,0.0118,68120728231661824,7.4694,0.0163,21.953,0.02,-45.245,0.016,1.075,13.659394,0.003252,14.554316,0.007581,12.721828,0.004915,1.832487,,,1.316,628.468,154.042,268.345,1.0,0.6052520657703937,0.0005521145170619,0.0,0.0090173149537987,0.0,,1.5721611587140467
0.1274,0.1137,0.0228,16,56.6692252171,0.1289,22.36752692016,0.1011,64024081049308800,7.4463,0.1471,19.236,0.165,-44.282,0.119,1.039,17.795628,0.003214,19.902216,0.074389,16.432386,0.006655,3.46983,,,1.582,656.144,14.606,179.692,1.0,0.1782645360515826,0.001689883527668,0.0,0.0,0.0,,1.5734527932353866
0.1962,0.4196,0.1205,15,55.12993085336,0.0495,25.14789552457,0.0352,68580530251050496,7.2708,0.0571,20.727,0.068,-45.339,0.042,1.271,15.709093,0.002966,17.479498,0.009251,14.430606,0.004475,3.048892,,,1.508,989.622,123.102,310.288,1.0,0.317124124943882,0.0088427654057206,0.2868576758985884,0.0104252877268556,0.9045596135246744,0.0414358350260983,1.574577285122598
0.2648,0.0751,-0.1488,16,56.87006885995,0.0644,22.37642310569,0.0522,64021920682268416,6.94,0.0748,20.495,0.079,-48.931,0.066,4.636,13.977068,0.003397,14.968372,0.008229,12.885087,0.007436,2.083285,,,1.442,546.673,140.247,157.524,1.0,0.5726093438407333,0.0036508025140381,0.2617051225630264,0.1081992385792841,0.457039560003788,0.1889806804222276,1.5751878071211085
-0.2609,-0.1985,0.2488,14,55.05317309326,0.0444,23.15977661573,0.0311,65096899456994304,7.0003,0.0456,19.53,0.062,-42.01,0.043,0.973,15.868685,0.0029,17.412394,0.009239,14.653085,0.004037,2.759309,,,1.465,1201.121,123.267,372.2,1.0,0.3835398077309657,0.0006289963524471,0.0,0.0,0.0,,1.5763838309831688
0.2879,-0.0327,-0.1047,14,57.71451144364,0.1988,22.66593002356,0.1315,64094041774819328,7.3497,0.215,18.173,0.27,-45.336,0.175,1.057,18.457737,0.003395,20.674685,0.114462,17.054459,0.010633,3.620226,,,1.627,547.593,9.488,105.823,1.0,0.1346192757700686,0.0090829772549092,0.0,0.0175037676296731,0.0,,1.5767395224288856
-0.2761,-0.2633,0.3076,14,55.04043570168,0.0623,23.17554600043,0.0438,65108714911246720,7.4798,0.0635,19.684,0.085,-44.7,0.06,0.965,16.459938,0.003016,18.090578,0.021175,15.217663,0.003516,2.872915,,,1.483,885.671,51.725,507.415,1.0,0.3067850741509504,0.0013996278958658,0.0,0.0,0.0,,1.5789178020518935
0.1211,-0.1141,0.0059,15,54.91129565076,0.0626,23.38883701888,0.0495,68117635855255168,7.4277,0.0685,20.478,0.091,-44.508,0.066,1.049,16.598715,0.002966,18.337,0.025104,15.340514,0.003636,2.996486,,,1.487,988.945,43.519,465.605,1.0,0.286598851832274,0.0006855046490166,0.0,0.0,0.0,,1.5800138233451257
0.33,0.0906,-0.0039,15,56.83519780827,0.0796,22.36556336238,0.0597,64021714523841280,7.3789,0.0877,19.472,0.097,-46.254,0.078,1.079,17.039761,0.003005,18.958811,0.029079,15.7275,0.004034,3.231311,,,1.533,905.78,37.51,372.58,1.0,0.238350914049213,0.0008090995758598,0.0,0.0,0.0,,1.5831183778833402
-0.2956,-0.2352,0.2527,13,55.35292270474,0.0956,25.38482971529,0.0622,68591456647799552,7.1572,0.1028,19.447,0.142,-43.168,0.091,1.051,17.099754,0.003081,18.912289,0.03383,15.839739,0.004352,3.07255,,,1.48,787.127,32.203,325.052,1.0,0.2339697596313664,0.001690082987305,0.0,0.0,0.0,,1.5833122530743968
0.111,-0.0765,0.0122,13,56.12297208475,0.1673,22.42339843757,0.1325,64764189813713408,7.7415,0.1792,20.06,0.211,-46.415,0.157,0.932,18.326971,0.003504,20.278984,0.127012,16.936306,0.006979,3.342678,,,1.635,501.656,8.55,169.73,1.0,0.1459329982656383,0.0094276168905264,0.0,0.0207187127151546,0.0,,1.583838401131023
0.0768,0.1139,-0.1431,15,56.64521560009,0.1514,25.843658463,0.1086,70024154658949120,7.4135,0.1644,16.961,0.192,-45.527,0.141,6.652,8.645617,0.00277,8.819336,0.002877,8.328406,0.002841,0.49093,7.22,1.99,1.182,3812.5,1552.251,2038.011,1.0,1.5483855242078242,0.0077417825378108,0.5267023475954765,0.3395758788333335,0.3401622782962563,0.219316239283125,1.5894330953281846
0.3275,0.1309,-0.0011,16,55.95431715608,0.0152,25.72941113716,0.0108,70125000491024128,7.5524,0.0169,21.271,0.019,-47.765,0.014,0.976,11.733715,0.002931,12.225448,0.004658,11.079909,0.003942,1.145538,4.83,2.5,1.23,1087.393,291.089,389.894,1.0,0.8522948564093729,0.0006245844632393,0.0,0.0125450504713101,0.0,,1.5902468167118022
0.0121,0.1588,0.2468,14,55.0994165241,0.0617,23.06903934814,0.0474,64720179284934016,7.4556,0.0682,20.741,0.082,-44.933,0.062,0.996,16.604225,0.002941,18.300289,0.016018,15.349272,0.004589,2.951017,,,1.489,1056.687,68.835,297.978,1.0,0.2872679230323875,0.0011306434818715,0.0,0.0,0.0,,1.5903701654728841
0.1326,0.2569,-0.1583,16,58.5016612957,0.2029,24.58037396104,0.1143,66623605713181184,7.7019,0.2078,18.512,0.263,-45.629,0.151,1.08,18.457989,0.003561,20.603466,0.113795,17.031855,0.009268,3.571611,,,1.666,481.172,9.544,122.851,1.0,0.1352489384967312,0.0091617399818094,0.0,0.0143849789051927,0.0,,1.6016003726044852
0.3464,0.0422,-0.2269,14,56.6347277216,0.1811,25.85702419931,0.1386,70024356520465664,7.4406,0.1953,21.483,0.232,-46.605,0.186,1.267,17.476831,0.003671,18.828676,0.026768,15.515961,0.004576,3.312716,,,2.771,447.605,40.784,299.355,1.0,0.2348302273398187,0.0022685966454025,0.0,0.0,0.0,,1.6018647716213854
0.1973,0.1376,-0.252,16,58.17593010462,0.1309,25.17824275474,0.0846,66894772769437952,7.5322,0.1492,18.539,0.152,-45.572,0.115,1.051,17.874992,0.00302,19.896244,0.067997,16.550871,0.004926,3.345373,,,1.538,878.771,15.981,267.46,1.0,0.1738780570219049,0.0024362987119197,0.0,0.0,0.0,,1.6029595452904775
-0.0176,0.0398,-0.1426,16,55.22706117997,0.0746,22.90695497133,0.0551,64667535869958784,7.2488,0.0816,19.801,0.097,-44.309,0.07,0.966,17.043381,0.003108,18.909876,0.028787,15.755333,0.004879,3.154543,,,1.509,754.898,37.894,271.281,1.0,0.2380184896657415,0.0011573448406569,0.0,0.0,0.0,,1.6052714399503492
0.0403,0.2391,-0.1419,17,57.44606846305,0.0977,25.71007632857,0.0597,66981599827956864,7.5699,0.1048,18.09,0.124,-45.371,0.077,2.292,16.263796,0.003448,18.155348,0.017432,14.910811,0.003602,3.244536,,,1.591,523.981,63.099,476.678,1.0,0.2568836330082553,0.0092069963294013,0.2267007290018685,0.0106077403689435,0.8825035925686364,0.0520157855540722,1.610175902787975
0.1068,0.0259,-0.0389,15,56.46956248113,0.0279,25.86153169423,0.0191,70035351636365824,7.2684,0.0294,20.433,0.037,-43.71,0.025,1.485,14.520498,0.002845,15.650686,0.008861,13.344301,0.01906,2.306385,,,1.5,1530.536,129.1,57.583,1.0,0.5305846404861303,0.0043782426898478,0.1367296636519897,0.1206585415224418,0.2576962339631917,0.2274167159468688,1.6107917339010343
0.4489,0.4438,0.4207,12,56.46907669485,0.1094,25.86156946439,0.0878,70035355933666304,7.1249,0.1341,18.967,0.166,-46.221,0.141,1.106,15.656354,0.003604,,,,,,,,,467.485,,,1.0,2.130171016914796,1.49876799109203,0.8812907498600012,1.1868713227726395,0.4137183084653957,0.6286277428740963,1.611990402083161
0.0222,-0.166,0.0497,15,54.92166516558,0.0142,23.29068704861,0.0109,65113559634339200,7.2765,0.0157,21.292,0.02,-43.709,0.014,0.847,9.810571,0.00278,10.083867,0.002988,9.372724,0.002889,0.711143,4.57,4.98,1.194,2963.16,1016.697,1450.039,1.0,1.2218336823444138,0.000915899317659,0.0,0.0,0.0,,1.6120600541200014
0.2297,-0.0577,-0.1993,18,58.59003991694,0.015,24.07548827886,0.0093,65819965792011904,7.4228,0.0159,19.328,0.02,-45.652,0.013,0.992,9.597126,0.002773,9.863168,0.00295,9.166551,0.002864,0.696617,4.91,2.1,1.193,3432.4,1134.747,1679.716,1.0,1.2738204478275212,0.0007456535075466,0.0,0.0,0.0,,1.6174216858620531
0.4579,-0.188,-0.5186,15,58.1308067638,0.0384,25.25193444539,0.0299,66899239535574400,7.3944,0.0495,19.838,0.052,-45.545,0.045,1.092,15.598198,0.002901,17.058237,0.0072,14.41126,0.003482,2.646977,,,1.445,1195.026,163.57,521.037,1.0,0.4186924740585981,0.0005538219415335,0.0,0.0,0.0,,1.6179585693602734
0.1913,-0.0873,-0.2764,17,57.91274273727,0.0158,22.75007466973,0.0099,64095656682494720,7.3207,0.017,19.604,0.021,-45.597,0.014,1.272,11.850179,0.002783,12.352765,0.003,11.187994,0.002879,1.164771,6.01,0.46,1.231,2791.686,984.795,1525.672,1.0,0.8346512340427193,0.0006443128824444,0.0,0.0,0.0,,1.6183820721646334
0.0655,0.3439,0.0055,16,55.00773179679,0.1463,25.07196331698,0.1044,68556508497159936,7.3128,0.1741,20.463,0.183,-46.087,0.119,1.525,17.349161,0.004479,19.442793,0.047624,15.945213,0.004631,3.49758,,,1.639,307.45,22.837,293.787,1.0,0.2095783813484834,0.0054889794563232,0.0,0.0180590440052906,0.0,,1.6205237230790195
0.1885,0.1151,-0.2537,18,58.51141173897,0.101,23.58347205367,0.0629,65699569269925888,7.474,0.1099,18.72,0.125,-46.105,0.085,1.095,17.171106,0.002971,19.03689,0.024819,15.835271,0.004917,3.201619,,,1.571,976.797,44.025,268.209,1.0,0.2279503698207009,0.0013062231103919,0.0,0.0,0.0,,1.6240728197231202
0.3317,-0.0225,-0.4358,16,57.73598403343,0.0558,25.58491725369,0.0405,66969535261875072,7.4971,0.0664,18.704,0.074,-46.632,0.058,1.76,15.461911,0.002877,17.070673,0.006903,14.220058,0.003218,2.850615,,,1.486,1311.138,171.962,677.195,1.0,0.3641431997899447,0.0125972805095535,0.3055544352713645,0.0187008950914721,0.8391051527191035,0.058992087479965,1.6274919241130725
0.2223,0.0712,0.068,16,56.63057727286,0.0585,22.30531041999,0.0471,63999999169130112,7.4852,0.0645,19.544,0.077,-46.413,0.059,1.084,16.615885,0.002942,18.532379,0.026858,15.299266,0.004397,3.233113,,,1.539,1054.229,40.645,319.485,1.0,0.2583510134318921,0.0067551241855655,0.1426151622294306,0.0140431696727013,0.5520209126914365,0.0562406369217184,1.6299109878939977
0.1574,-0.088,-0.1602,15,57.7755968963,0.083,22.63337634739,0.0501,64092907903452800,7.5506,0.0873,20.883,0.109,-45.905,0.066,0.977,17.126387,0.002921,18.967655,0.030017,15.823666,0.005108,3.14399,,,1.53,1120.373,36.328,253.769,1.0,0.2318878475344135,0.0015660782148733,0.0,0.0,0.0,,1.6306364438135008
0.1323,0.2286,-0.099,15,55.61385651221,0.0409,22.57339225938,0.0276,64456262134709376,7.2359,0.0421,19.0,0.056,-43.15,0.036,1.048,15.731763,0.00294,17.404444,0.008789,14.486548,0.004022,2.917895,,,1.481,1058.56,130.271,374.812,1.0,0.3480481433440219,0.0129259490393934,0.2412445246862773,0.0214799655358726,0.6931355023716463,0.0668689053438017,1.6335717968108687
0.1084,0.0519,-0.1948,16,58.60004820565,0.18,23.86617985601,0.1136,65801205374896128,7.8044,0.1979,18.983,0.219,-47.249,0.149,1.073,18.089643,0.003223,20.067326,0.112257,16.740437,0.007763,3.326889,,,1.576,649.147,9.675,149.88,1.0,0.1608181829309993,0.0052174190889518,0.0,0.0145736530519784,0.0,,1.636980661206623
0.0061,0.0783,0.2028,15,54.73703549837,0.0194,24.5696163501,0.0143,68444878003882240,7.1965,0.0211,20.161,0.023,-43.464,0.017,1.326,10.378874,0.002933,10.706098,0.004477,9.886065,0.003811,0.820033,4.76,0.69,1.199,1079.302,310.07,418.336,1.0,1.094662559906714,0.0009180156334666,0.0,0.0,0.0,,1.6399888802474578
-0.0614,0.087,-0.0661,17,58.60525412079,0.0175,24.35988384413,0.0101,66581961710329984,7.3779,0.0174,18.21,0.023,-45.541,0.013,1.153,10.85027,0.003177,11.244666,0.006409,10.27921,0.005104,0.965456,8.41,5.5,1.217,686.087,188.18,254.018,1.0,1.0023899541442594,0.0007885005848336,0.0,0.0406212600021549,0.0,,1.6402337577392787
0.0341,0.1259,0.0429,16,54.77812109736,0.0309,24.70265856456,0.0225,68540535515653504,7.7418,0.0338,21.689,0.038,-47.26,0.028,1.006,7.10341,0.002795,7.105184,0.003011,7.06649,0.002876,0.038694,,,1.16,2299.649,959.926,1560.486,1.0,2.4311526325943715,0.0010660751338874,0.0,0.0,0.0,,1.6409340219282196
0.2187,0.1698,-0.1788,18,58.61721631632,0.1516,23.94319560254,0.103,65814979333012352,7.3878,0.1732,19.161,0.204,-45.281,0.14,1.1,18.008188,0.003365,20.096142,0.056459,16.651821,0.00916,3.444321,,,1.574,562.163,19.254,124.445,1.0,0.1640369486919081,0.003670451304666,0.0,0.0104790580283121,0.0,,1.6461615109738272
-0.0462,0.0245,0.1266,15,54.93055020913,0.103,23.20691287032,0.0693,64734709159049600,7.2883,0.1059,20.621,0.133,-42.996,0.091,1.076,17.339174,0.003076,19.159653,0.034764,16.061714,0.005503,3.097939,,,1.501,794.078,31.333,228.925,1.0,0.2140343436968295,0.0023234116008786,0.0,0.0,0.0,,1.6468000124636488
0.1003,0.1505,-0.0054,16,56.84109229961,0.0222,25.8977392657,0.0143,70028170451469312,7.2193,0.0244,20.302,0.024,-45.19,0.016,1.069,14.385638,0.002884,15.504047,0.005601,13.333762,0.003902,2.170285,,,1.368,1272.945,223.548,398.042,1.0,0.5433543107755708,0.0004600416331364,0.0,0.0,0.0,,1.6471854232109975
0.1824,0.0115,-0.3783,17,57.34233213175,0.0601,25.79368982438,0.0382,69985499953396480,6.9916,0.0691,19.413,0.073,-43.075,0.051,1.148,16.536205,0.002929,18.257589,0.017147,15.274624,0.004253,2.982965,,,1.494,1091.726,64.173,338.199,1.0,0.2945194269664618,0.000746554761034,0.0,0.0,0.0,,1.64841677236095
-0.0191,0.2473,-0.215,16,58.35214695355,0.0687,25.03513354258,0.0437,66702048996405632,7.5206,0.076,19.22,0.085,-46.075,0.056,1.063,16.630585,0.002889,18.513653,0.021791,15.309422,0.003513,3.20423,,,1.549,1251.653,50.239,508.711,1.0,0.2627239243555366,0.0072693049070332,0.1270956439341258,0.0326218385621538,0.4837612114918435,0.124887122081115,1.6513238799373395
0.0333,0.1226,-0.1416,18,58.61864199674,0.016,24.32093019302,0.0091,66581549393480704,7.4639,0.0159,18.822,0.02,-46.757,0.012,1.021,13.582582,0.002854,14.450566,0.003883,12.664517,0.003318,1.786049,,,1.307,1461.672,402.055,604.617,1.0,0.6125291825938464,0.0005400278910024,0.0,0.0,0.0,,1.652501305036608
0.1874,0.0474,-0.3651,17,57.77650195987,0.017,25.59449243314,0.0101,66969676998824576,7.3438,0.0188,20.128,0.02,-45.27,0.014,0.895,9.013485,0.002761,9.241158,0.002807,8.625974,0.0028,0.615185,,,1.19,6235.515,3566.902,4610.184,1.0,1.422980526790019,0.0090802404872503,0.6150705695682412,0.2843994635763613,0.4322410307017529,0.1998808412201697,1.6526507550311371
0.34,0.0798,-0.0598,16,55.902869543,0.044,25.78335142208,0.0309,70129050643128832,7.8405,0.0481,21.21,0.056,-47.426,0.039,0.978,15.788612,0.002987,17.339298,0.010169,14.571174,0.005058,2.768125,,,1.466,941.474,111.031,257.342,1.0,0.3923534468955014,0.0022809774002707,0.0,0.0337437122765531,0.0,,1.6532892861568789
0.3402,-0.0252,-0.4924,15,57.67176413323,0.098,25.65830715786,0.0793,66982458821495424,7.6034,0.1223,20.203,0.137,-47.391,0.115,1.017,17.514721,0.002903,19.417814,0.047056,16.193716,0.004357,3.224098,,,1.547,1186.003,23.114,324.44,1.0,0.199640086543003,0.0020626473213183,0.0,0.0,0.0,,1.6534317126995286
0.1177,-0.092,-0.3456,17,58.61658885429,0.0138,23.83517474603,0.0084,65800930496992512,7.6352,0.015,19.623,0.018,-47.439,0.012,1.091,12.519773,0.003121,13.333003,0.006609,11.633076,0.004737,1.699927,17.77,10.45,1.295,741.057,181.232,283.59,1.0,0.6802165462139241,0.0147409978758371,0.6243101149905743,0.0225965062658978,0.9178108331317076,0.0387188448332195,1.6554772197036371
-0.0076,0.0801,0.1759,15,54.69069200481,0.102,24.46757118116,0.0728,68254765570883712,7.3955,0.109,20.487,0.128,-46.142,0.09,1.096,17.323521,0.003121,19.239063,0.032823,16.020863,0.005086,3.218201,,,1.521,741.097,33.198,255.337,1.0,0.2131990633470987,0.0016379454051564,0.0,0.0,0.0,,1.6585740406569862
0.0782,0.0153,-0.1145,15,56.46921136036,0.0512,25.91649075167,0.0352,70037795475083008,7.0855,0.0538,19.507,0.068,-44.042,0.047,1.223,15.976979,0.00306,17.807529,0.019051,14.691559,0.004357,3.115971,,,1.51,816.106,57.612,324.49,1.0,0.2864226073938556,0.0103180559036558,0.2528314089475538,0.0125875246407318,0.8827215534697265,0.0542453041646561,1.6613441236303994
0.157,0.0821,-0.348,17,57.38677013765,0.0601,25.79621120736,0.0366,69985637392346496,7.421,0.0674,19.71,0.076,-46.362,0.05,1.079,16.544926,0.002939,18.221704,0.016329,15.296162,0.004146,2.925543,,,1.484,1060.847,67.484,354.038,1.0,0.294526757929538,0.0011353561121889,0.0,0.0,0.0,,1.6618119397910556
0.2805,0.1762,0.0013,15,55.77098887381,0.0672,25.74292846925,0.0484,70127955428529536,7.5777,0.0775,20.487,0.084,-47.004,0.067,1.077,16.52787,0.003006,18.299717,0.016839,15.255199,0.004071,3.044518,,,1.501,902.523,65.381,366.244,1.0,0.2944834198804081,0.0018353085113629,0.0,0.0,0.0,,1.6625124504905613
-0.2226,0.2155,-0.0594,15,56.17999120209,0.0242,25.87532244635,0.0135,69945814454871680,7.6113,0.0214,19.766,0.032,-45.895,0.018,1.051,11.437774,0.002833,11.892746,0.00328,10.796518,0.002991,1.096228,1.66,0.56,1.237,1645.398,629.767,1006.682,1.0,0.8993672721374537,0.0007581506854067,0.0,0.0232017060204117,0.0,,1.6637385502961892
0.2086,-0.0439,-0.4153,17,57.33572618441,0.016,25.81781951369,0.0093,69988489250631680,7.7914,0.0178,19.653,0.019,-47.63,0.013,1.185,13.315139,0.002822,14.14078,0.003876,12.421041,0.003259,1.71974,11.43,7.11,1.298,1781.333,403.499,645.006,1.0,0.6503164818048947,0.0006062045346906,0.0,0.0168285941242074,0.0,,1.667094553649551
0.334,-0.1365,-0.4179,16,58.18906123797,0.015,25.27965990337,0.0102,66897933865345920,7.2675,0.0175,19.495,0.019,-45.065,0.014,0.995,13.247913,0.002988,14.024435,0.005197,12.384273,0.004097,1.640162,,,1.287,939.809,247.638,361.832,1.0,0.6624052348932586,0.0005797548875921,0.0,0.0,0.0,,1.6713046227215067
0.2416,-0.0768,-0.3925,16,58.29240738958,0.033,23.05279082596,0.0252,65605354866829184,7.3925,0.0388,19.737,0.044,-46.536,0.033,1.063,15.395707,0.002848,16.808872,0.00873,14.223,0.003603,2.585873,,,1.437,1507.358,131.26,476.351,1.0,0.444281869853294,0.000562567167451,0.0,0.0,0.0,,1.671970584288306
0.1457,0.036,-0.2356,18,58.5937315266,0.0555,23.63651277019,0.0361,65701527774387840,7.4559,0.0608,18.369,0.066,-45.98,0.046,1.037,16.473394,0.002898,18.187019,0.013313,15.216422,0.003925,2.970597,,,1.489,1209.567,83.41,393.386,1.0,0.3027544145342088,0.000772487111011,0.0,0.0,0.0,,1.6742887444671988
0.1118,0.1681,-0.2776,16,57.72446938728,0.0147,22.54786534592,0.0079,64066107307543296,7.2811,0.0149,17.873,0.021,-45.123,0.011,1.041,12.36464,0.003142,12.959124,0.006107,11.627783,0.004754,1.331341,3.36,1.08,1.249,718.653,199.868,282.118,1.0,0.7646645937383225,0.0007700944808951,0.0,0.02076366534633,0.0,,1.675953415640017
0.1429,0.2189,-0.1784,17,57.39781407381,0.0824,22.39046720119,0.0552,64059407158605568,7.4491,0.0932,19.471,0.106,-45.002,0.071,0.941,17.058741,0.00296,18.854296,0.032261,15.798702,0.006615,3.055593,,,1.482,1003.861,33.781,181.035,1.0,0.2382085390410908,0.0016461791718087,0.0,0.0,0.0,,1.6767696158907408
-0.1747,0.0934,-0.2877,16,58.48872630466,0.0219,23.34510508446,0.0127,65641913628380288,7.4605,0.0224,20.242,0.033,-44.27,0.018,1.425,13.549343,0.002844,14.446805,0.004137,12.603915,0.003401,1.84289,,,1.323,1538.003,355.485,558.339,1.0,0.6147105419217646,0.0009741404267893,0.0,0.0617746146576311,0.0,,1.6775751038006548
0.1322,0.0413,-0.0082,16,56.01878964028,0.0174,25.85610373779,0.0124,70132658415356672,7.3244,0.0191,19.257,0.025,-43.267,0.017,1.179,12.512795,0.003333,13.162354,0.007545,11.725962,0.005389,1.436392,-8.28,4.76,1.268,579.144,154.871,235.513,1.0,0.7437947377705321,0.0022569405157254,0.1413814478590196,0.1755762177915961,0.1900812693066365,0.2360553698295669,1.6812800606612381
-0.0688,0.2364,-0.2186,15,55.18006539676,0.0786,22.8314781598,0.0511,64665203703566848,7.4325,0.0799,20.699,0.097,-44.364,0.064,0.952,16.899952,0.002944,18.733952,0.027141,15.620255,0.00455,3.113697,,,1.502,1046.355,40.217,302.072,1.0,0.2517604853362855,0.0009260619753417,0.0,0.0,0.0,,1.68317177401659
0.0499,0.1373,-0.3255,17,58.25684895576,0.057,22.97990043814,0.0407,65603946117575936,7.4723,0.0662,18.679,0.076,-45.228,0.052,1.047,16.564484,0.003002,18.348476,0.014922,15.292192,0.003923,3.056285,,,1.499,910.836,74.069,393.636,1.0,0.289649458689485,0.0015864911712328,0.0,0.0,0.0,,1.6870447552023635
-0.0262,0.1873,-0.1135,17,58.03320620435,0.1019,25.46503133102,0.0639,66915560410893440,7.0056,0.1085,17.667,0.125,-42.955,0.082,1.073,17.438322,0.003019,19.418928,0.036992,16.125551,0.004302,3.293377,,,1.527,880.614,29.435,331.593,1.0,0.2028682545435132,0.0014818116817932,0.0,0.0,0.0,,1.6937561273148598
0.3093,-0.0123,-0.0776,16,56.84689444036,0.0171,22.24435427602,0.0127,64006905476619776,7.1663,0.019,19.565,0.022,-44.075,0.016,1.008,13.896054,0.003056,14.827557,0.006149,12.940072,0.004183,1.887485,,,1.323,821.208,198.158,348.421,1.0,0.5847301323022966,0.0005419709688638,0.0,0.0,0.0,,1.6939910611592934
0.1227,0.0674,0.0464,16,54.95722061121,0.0722,23.05715449298,0.0495,64720625961541120,7.4295,0.0772,21.088,0.089,-44.748,0.062,1.029,16.829,0.002976,18.634464,0.025825,15.547223,0.00395,3.087241,,,1.508,966.086,42.289,388.32,1.0,0.2605009836958729,0.0008585755117233,0.0,0.0,0.0,,1.6940659659153463
0.0852,0.2574,0.0141,15,55.74906772614,0.0159,22.42406753171,0.0104,64438841747360768,7.4957,0.0166,21.407,0.021,-44.39,0.013,1.098,13.361495,0.002848,14.181111,0.004022,12.475371,0.003355,1.70574,10.99,3.57,1.293,1502.984,374.877,582.552,1.0,0.6421892150322371,0.0006411544245504,0.0,0.0,0.0,,1.695071458727827
-0.0849,0.0832,-0.2669,16,58.50472216315,0.166,23.32791427472,0.0974,65641634452663296,7.0138,0.1718,18.083,0.231,-42.808,0.131,1.019,18.158997,0.003193,20.425034,0.086416,16.81365,0.009478,3.611383,,,1.543,673.214,12.571,119.862,1.0,0.1522456588884853,0.0049473520405719,0.0,0.0106280854612368,0.0,,1.698439052648562
0.3721,0.0496,-0.2677,15,58.22613014091,0.0594,25.29521751523,0.0431,66898002584817280,7.2997,0.0668,18.551,0.078,-45.022,0.059,0.973,16.320951,0.002851,17.987934,0.011389,15.07618,0.003092,2.911754,,,1.481,1483.546,98.329,814.466,1.0,0.3231519712530466,0.0007093554208961,0.0,0.0,0.0,,1.6995117877860961
0.1407,0.2745,0.125,16,55.52034957514,0.0337,25.6630848768,0.0262,70114039734416128,7.2358,0.0406,19.612,0.044,-44.443,0.032,1.709,14.559706,0.002867,15.952679,0.00517,13.390611,0.003337,2.562068,,,1.437,1368.088,249.438,593.312,1.0,0.469077652762051,0.0093184459826687,0.4339202069352956,0.0150478877653213,0.9250498385081036,0.0369703525069565,1.7008879227461182
0.3542,0.0529,0.0088,16,54.6425989695,0.078,23.71853047856,0.0645,68142374866825216,7.5351,0.0871,21.013,0.111,-46.687,0.087,0.978,17.183352,0.002976,19.15658,0.052505,15.890286,0.005828,3.266294,,,1.503,964.761,20.708,212.188,1.0,0.2232340044325709,0.0008067563577657,0.0,0.0,0.0,,1.7018109168027387
0.1649,0.1732,-0.028,16,54.81982690743,0.1092,24.96055005254,0.0775,68559738312482048,7.3701,0.1215,20.228,0.13,-42.695,0.098,0.983,17.464352,0.0032,19.536726,0.040243,16.09025,0.004222,3.446476,,,1.6,667.454,27.045,342.665,1.0,0.201421000987417,0.0008974056181441,0.0,0.0,0.0,,1.7038130842546344
0.1222,0.1851,-0.204,16,57.65595238915,0.0595,22.46874764683,0.0326,64064011363520512,7.1786,0.0608,19.9,0.08,-44.345,0.044,1.024,16.323393,0.003097,17.992958,0.014094,15.068516,0.004961,2.924442,,,1.493,767.832,78.589,264.691,1.0,0.3233427975703445,0.000707114198877,0.0,0.0,0.0,,1.7062996274860214
0.3685,0.0271,0.0353,16,54.64378947103,0.0785,23.6727137681,0.0629,68141408498321280,7.2784,0.0872,20.455,0.105,-45.041,0.083,1.033,17.13838,0.003032,18.925375,0.023149,15.847212,0.004536,3.078163,,,1.522,858.411,47.246,303.583,1.0,0.2323324906926454,0.0017586636312701,0.0,0.0,0.0,,1.706690861886738
0.1497,0.2127,-0.007,16,54.96326524435,0.0182,25.19466160217,0.0127,68593346433465856,7.0296,0.02,19.753,0.021,-43.073,0.015,0.916,8.754338,0.002865,8.924881,0.003894,8.43793,0.003299,0.486951,,,1.183,1380.149,399.686,616.534,1.0,1.5195541707721958,0.0009197530288747,0.0,0.0,0.0,,1.7104008789474854
-0.0643,-0.0158,0.1509,15,55.26734730073,0.1295,25.50698102635,0.1015,68605058807852928,7.0928,0.1427,19.962,0.171,-45.812,0.131,0.95,17.936289,0.003395,19.922916,0.082383,16.570292,0.007061,3.352625,,,1.598,547.496,13.187,167.401,1.0,0.1711738912338937,0.0035973666072209,0.0,0.0077368777523328,0.0,,1.7133719830584022
0.0615,0.246,-0.1177,17,58.60440498088,0.4192,24.71195832759,0.2604,66628995894842624,7.6499,0.4565,20.335,0.525,-46.117,0.337,4.292,17.293779,0.007325,19.135326,0.032888,15.70226,0.005035,3.433066,,,1.956,159.985,33.133,259.062,1.0,0.2260673540488596,0.0014957977241573,0.0,0.0,0.0,,1.7160012359640378
0.2075,-0.0835,-0.119,14,56.70921754524,0.1238,22.2116334838,0.0943,63995562466405760,7.1236,0.139,20.74,0.161,-44.141,0.112,0.995,17.807226,0.003107,19.9296,0.057862,16.440338,0.010406,3.489262,,,1.585,756.654,18.786,108.308,1.0,0.1771873448192514,0.0017189340998317,0.0,0.0,0.0,,1.71684895410649
0.0881,0.2718,0.0186,15,55.06220014487,0.0303,25.32173126795,0.0198,68595751615127296,7.4802,0.0326,21.093,0.041,-46.227,0.025,1.136,15.024521,0.002898,16.341234,0.005348,13.893018,0.004121,2.448216,,,1.409,1209.47,237.981,357.984,1.0,0.4858994889775725,0.0005389733120309,0.0,0.0,0.0,,1.7193321282154495
0.2216,0.0228,-0.299,17,57.2868834233,0.0296,25.89671500101,0.0183,69990241597280640,7.3447,0.0332,18.814,0.035,-46.166,0.025,1.093,15.00792,0.002824,16.355785,0.005449,13.861417,0.003407,2.494369,,,1.42,1750.563,231.985,555.079,1.0,0.4842575060309062,0.0040311770229055,0.0,0.0855890277217813,0.0,,1.7217608287795982
0.111,0.2044,0.0831,16,55.40077339536,0.0182,25.61913253966,0.0132,70108473456817280,7.2934,0.0206,17.453,0.021,-43.164,0.016,1.22,9.931939,0.00279,10.236442,0.002906,9.456241,0.002869,0.780201,3.18,1.97,1.2,2469.196,1336.83,1625.94,1.0,1.193117576880112,0.0013449189253658,0.0,0.1600196108277396,0.0,,1.7230278078782746
-0.0385,0.2699,-0.0684,15,55.33339566545,0.0453,22.63145153683,0.0285,64644484781444864,7.0659,0.0475,18.667,0.056,-42.99,0.035,1.017,15.709704,0.002868,17.217796,0.007072,14.517974,0.003612,2.699822,,,1.442,1362.923,167.088,473.204,1.0,0.4037439032441977,0.0005977898947755,0.0,0.0,0.0,,1.7240001431992236
0.0327,0.3249,-0.1187,16,58.55428664833,0.0414,23.34726970628,0.0201,65643184938861312,7.6469,0.039,19.433,0.054,-46.789,0.027,1.048,15.459801,0.002871,16.896822,0.007272,14.279595,0.003332,2.617227,,,1.441,1344.762,161.689,595.916,1.0,0.4359131740728669,0.0007100817955001,0.0,0.0072917092366412,0.0,,1.7299462615436376
0.1416,0.2089,-0.2358,16,57.35654014148,0.1245,22.31220918715,0.0856,64057895330132224,7.1866,0.1459,19.557,0.156,-44.428,0.113,0.945,17.574408,0.003195,19.468412,0.059869,16.22509,0.007199,3.243322,,,1.585,671.57,18.155,163.613,1.0,0.1961844552107173,0.0018909151288151,0.0,0.0,0.0,,1.7305128175534117
0.0257,0.0673,-0.0636,17,58.66312909035,0.1576,24.59833239983,0.0935,66624357329718400,7.561,0.1643,19.711,0.201,-45.139,0.121,1.141,18.086258,0.003273,20.226496,0.086632,16.697895,0.006381,3.528601,,,1.613,614.388,12.539,189.197,1.0,0.1587123501814526,0.0045185998229169,0.0,0.0123933750678903,0.0,,1.7321996688976085
0.3764,-0.0166,-0.3251,12,56.12937625817,0.0437,22.2540330547,0.0324,64757425241820800,6.9393,0.0496,18.885,0.057,-42.643,0.041,0.923,15.495378,0.003021,16.950798,0.006541,14.315059,0.004415,2.635739,,,1.438,876.61,183.508,317.311,1.0,0.4308306012791721,0.0009120162973367,0.0,0.0157096029877541,0.0,,1.7324090523931988
0.2438,-0.0728,-0.0578,16,56.93617517455,0.1464,22.21209302624,0.1053,64007244778181248,7.3051,0.1624,19.745,0.183,-44.906,0.142,0.989,18.159636,0.003503,20.166971,0.076362,16.809385,0.009088,3.357586,,,1.574,501.802,14.228,125.533,1.0,0.1555800961945909,0.0069447588671036,0.0,0.0195619568370853,0.0,,1.7357548806460734
0.0291,0.0605,-0.1819,15,56.54213467685,0.1,26.0023723962,0.0679,70044456967585280,7.1335,0.1026,19.887,0.116,-45.073,0.091,0.96,17.3328,0.00328,19.229149,0.038717,16.040962,0.006903,3.188187,,,1.51,610.276,28.116,171.95,1.0,0.2128489734956838,0.001805515337148,0.0,0.0,0.0,,1.7361247348858106
0.0636,0.358,-0.0442,15,55.73439850137,0.1742,22.37724568519,0.1114,64438184617001472,7.1506,0.2,20.677,0.238,-45.901,0.136,1.097,17.854961,0.003419,20.165861,0.08029,16.441496,0.00563,3.724365,,,1.634,536.566,13.531,222.021,1.0,0.173241872126416,0.0055341580633861,0.0,0.015532911210758,0.0,,1.738779021848911
0.2281,0.1318,-0.4032,14,55.60019693948,0.021,22.4209414146,0.0168,64449729487990912,7.3589,0.0266,19.753,0.028,-44.405,0.02,1.429,10.207125,0.003193,10.54199,0.005396,9.700717,0.004911,0.841273,6.59,1.27,1.204,673.054,235.055,268.648,1.0,1.1302459902045243,0.0016122747465663,0.0,0.1960622630433959,0.0,,1.7558925819269335
-0.0027,0.3617,-0.0691,15,55.45675204081,0.1319,22.49340284922,0.0878,64453887017111808,7.4219,0.1449,21.208,0.175,-46.047,0.111,1.031,17.759661,0.003123,19.819273,0.049338,16.439646,0.008114,3.379627,,,1.529,738.948,22.041,142.504,1.0,0.1802979713974702,0.002105822523773,0.0,0.0,0.0,,1.7632841826666021
0.264,0.262,0.0994,14,56.24330503902,0.1805,22.19155481522,0.1236,64745841713292160,7.1632,0.1972,19.045,0.259,-44.412,0.165,0.946,18.149908,0.003785,20.245428,0.067814,16.778297,0.008055,3.467131,,,1.594,418.354,16.024,143.696,1.0,0.155804333716273,0.0049723572492289,0.0,0.0147012409930946,0.0,,1.7651788134774071
-0.0158,0.1344,0.0725,14,55.04607417748,0.0821,25.39058935919,0.0512,68600321460320768,7.5952,0.0825,20.392,0.114,-45.911,0.066,1.012,16.925434,0.002987,18.727976,0.02689,15.65381,0.005309,3.074166,,,1.496,942.254,40.596,240.385,1.0,0.249890915768515,0.0011950352714393,0.0,0.0,0.0,,1.7677964929980996
-0.2298,-0.1407,0.1772,14,55.13584097677,0.0935,25.47778442648,0.0632,68606918530067072,7.486,0.0967,20.165,0.131,-46.174,0.089,0.896,17.212824,0.003182,19.092867,0.039075,15.919743,0.006383,3.173124,,,1.513,682.473,27.857,189.118,1.0,0.2229729875051756,0.0014239204398341,0.0,0.0,0.0,,1.7683139586601235
0.2159,0.0786,-0.0371,15,56.58103788138,0.0201,26.04307325184,0.0136,70044628765739776,7.5238,0.022,20.324,0.023,-45.982,0.018,1.007,14.088978,0.00295,15.089968,0.005551,13.097936,0.003718,1.992032,,,1.337,1031.113,226.246,441.788,1.0,0.5678206221716616,0.0005165288182005,0.0,0.0,0.0,,1.770057499716684
0.0846,0.4074,0.0142,15,55.47596879895,0.0362,25.7296061154,0.0267,70118197262752768,7.4704,0.0451,21.901,0.048,-46.345,0.031,1.026,15.557904,0.002854,17.011028,0.007993,14.379108,0.003483,2.63192,,,1.437,1463.061,144.958,520.859,1.0,0.4234946419415444,0.0005427867010708,0.0,0.0,0.0,,1.771531024188853
0.1016,0.1063,-0.2759,17,58.71911266638,0.0158,24.57605411469,0.009,66612473157921024,7.223,0.0169,18.672,0.019,-43.914,0.012,1.053,12.603814,0.002848,13.40438,0.003834,11.729854,0.003233,1.674526,7.37,10.58,1.288,1503.969,412.915,664.487,1.0,0.6933949174487346,0.0158594655977865,0.5785064126874514,0.0265952054984641,0.8343101429355698,0.0428398515931302,1.7717085519873323
0.0378,0.2898,-0.1487,15,55.35561554445,0.0327,22.54872626099,0.0224,64642801154268672,7.3546,0.0353,21.13,0.044,-44.501,0.03,1.022,15.303823,0.002963,16.697529,0.008514,14.142603,0.004782,2.554926,,,1.427,995.804,134.985,279.576,1.0,0.4548739682266486,0.0005513850635768,0.0,0.0076494205199359,0.0,,1.775988338962008
0.1994,0.1429,-0.1092,16,56.4299653202,0.0518,26.04058588588,0.0356,70042743277270016,7.338,0.0565,20.261,0.065,-44.031,0.046,1.196,16.206894,0.003025,17.871216,0.011713,14.96501,0.004247,2.906206,,,1.478,869.485,95.443,339.106,1.0,0.3374295700875159,0.0013841864241115,0.0,0.0103167534575514,0.0,,1.7771794190638643
0.1932,-0.0089,-0.2426,18,58.78745716584,0.0406,24.08390113067,0.0235,65823676643738368,7.3781,0.0427,18.338,0.054,-45.317,0.032,1.117,15.64664,0.002938,17.161125,0.00863,14.443658,0.00403,2.717467,,,1.454,1064.978,132.952,373.454,1.0,0.4105335534974619,0.0025450008334105,0.0,0.0396871043554609,0.0,,1.780124754062401
0.0589,0.1053,-0.2724,17,57.4942860685,0.0785,25.89603421422,0.0518,69992371901046400,7.5997,0.0864,21.594,0.107,-46.679,0.07,1.01,17.203047,0.002895,19.075125,0.040573,15.901605,0.004822,3.17352,,,1.525,1223.943,26.823,276.08,1.0,0.2240829272231312,0.0014852289162744,0.0,0.0,0.0,,1.7814069414065024
0.2308,0.1457,-0.1286,16,54.51024535831,0.0517,23.90965649072,0.0393,68195598101454336,7.5602,0.0606,21.554,0.066,-44.709,0.049,1.064,16.495232,0.002888,18.144897,0.016849,15.260658,0.003908,2.884239,,,1.471,1256.114,65.342,396.814,1.0,0.3012478131888081,0.0014260761656904,0.0,0.0,0.0,,1.7817488921618638
-0.0627,0.0873,-0.3317,16,58.31550471152,0.0356,22.87048661723,0.0237,65589137070475264,7.7852,0.0391,19.499,0.049,-47.305,0.032,1.088,15.532084,0.00283,17.030619,0.00696,14.332067,0.003257,2.698551,,,1.454,1685.774,170.264,646.332,1.0,0.4200102748201289,0.0066351627524959,0.0,0.0806943881890638,0.0,,1.783874515462507
0.1402,0.3985,0.0474,15,54.5085892583,0.0569,24.33739433339,0.0381,68433814167849728,7.2593,0.061,20.702,0.078,-43.686,0.049,1.056,16.179638,0.003374,17.808455,0.031783,14.933311,0.006996,2.875144,,,1.488,557.618,34.293,169.246,1.0,0.3425952654278601,0.0007026513565671,0.0,0.0,0.0,,1.7871320792980645
0.2273,0.36,-0.0356,15,55.51651081923,0.0805,22.42671390761,0.0588,64450283540250240,7.057,0.0952,19.351,0.117,-43.951,0.075,5.559,11.358484,0.003338,11.901775,0.006156,10.661607,0.004651,1.240169,7.28,1.18,1.239,576.148,197.853,291.73,1.0,0.8624255367299309,0.017535876849215,0.696146925635786,0.0411077528028795,0.8071965589926459,0.0504119213972649,1.7871754603939414
0.0424,0.2378,-0.2557,15,55.77717985382,0.159,22.29688550469,0.1084,64433924008996224,7.3722,0.1912,21.336,0.215,-45.524,0.134,0.871,18.169027,0.003562,20.263266,0.087794,16.782202,0.0092,3.481064,,,1.615,481.06,12.373,123.847,1.0,0.1548113549140556,0.0056099325760191,0.0,0.0148932199380463,0.0,,1.79016953795635
0.0097,0.3794,-0.0626,15,55.43784879484,0.1251,22.46704884659,0.0807,64453685154291968,7.534,0.1366,20.485,0.162,-45.338,0.101,0.931,17.733089,0.003293,19.736811,0.055478,16.390238,0.008182,3.346573,,,1.564,602.314,19.595,141.163,1.0,0.1839639165656543,0.0020434748693508,0.0,0.0,0.0,,1.7920409812569418
0.039,0.1764,-0.0959,16,58.02330445629,0.03,22.58185206953,0.0169,64078167575681152,7.5683,0.0299,18.648,0.037,-45.63,0.022,1.085,15.099433,0.002803,16.45612,0.006386,13.948632,0.003014,2.507487,,,1.423,2119.852,189.024,952.798,1.0,0.4767540991769142,0.0015310716850224,0.0,0.0418850878332424,0.0,,1.7973202997412854
-0.0176,0.1081,-0.3818,16,58.26896651993,0.0134,22.80115258652,0.0087,65588484235454592,7.3369,0.0149,19.037,0.017,-45.561,0.012,1.044,13.100869,0.002853,13.850247,0.004552,12.250756,0.003401,1.599491,5.23,1.56,1.285,1465.561,301.862,558.076,1.0,0.6813506264713741,0.0006303886829866,0.0,0.0,0.0,,1.797983477269781
0.3445,-0.1434,-0.3725,16,58.24497934067,0.1011,25.43848141012,0.0763,67278158729741696,7.6191,0.1167,18.052,0.14,-46.658,0.104,1.0,17.481783,0.002948,19.241093,0.060187,16.183466,0.005216,3.057627,,,1.535,1036.045,18.059,246.369,1.0,0.2053801943938419,0.002632586009468,0.0,0.0,0.0,,1.798981165949797
-0.0957,0.0494,0.0604,15,54.5544133323,0.0742,24.63785640304,0.0514,68448142178730752,7.3859,0.0756,21.091,0.097,-45.712,0.067,1.034,16.846962,0.003052,18.647589,0.016286,15.560642,0.004792,3.086946,,,1.514,827.373,67.667,278.717,1.0,0.2587298928367376,0.0010589814113841,0.0,0.0,0.0,,1.8008666037611327
0.0427,0.162,-0.3426,16,57.76638978664,0.0188,22.40454497105,0.0099,64050645425295872,7.4798,0.0188,19.342,0.026,-45.996,0.014,1.041,13.859603,0.002959,14.819051,0.004732,12.886795,0.003776,1.932256,,,1.331,1005.452,284.089,426.694,1.0,0.5871290084527907,0.0006426743114846,0.0,0.0,0.0,,1.803382897346272
-0.1636,-0.0115,0.1588,14,55.09613630788,0.0968,25.49640316824,0.0638,68607090328759040,7.6812,0.0981,21.04,0.132,-45.875,0.087,2.497,15.619633,0.003245,17.314476,0.013263,14.347107,0.004225,2.967369,,,1.511,633.354,83.739,342.184,1.0,0.3317865383997651,0.0095921745071006,0.2993708056123114,0.0121448219080884,0.9022994334134304,0.0449484219605687,1.8036374393427477
-0.3161,0.0003,0.1977,12,56.11018086632,0.0654,26.04146616631,0.0384,70138881823528832,7.6417,0.0676,19.731,0.101,-48.056,0.06,1.047,14.918668,0.003007,15.971828,0.040668,13.430862,0.040901,2.540966,,,1.932,900.876,26.761,26.607,1.0,0.4983114005321318,0.0056040970327152,0.2757681360302878,0.0414659945104216,0.553405231619833,0.0834454334323371,1.8193043132825109
0.2036,0.1754,-0.0611,16,55.50707154581,0.0594,22.3906045988,0.0404,64449321467581056,7.5744,0.0646,21.504,0.075,-46.909,0.053,1.022,16.414602,0.003052,18.123177,0.017522,15.152911,0.00438,2.970265,,,1.496,827.235,62.764,321.592,1.0,0.3107188499184675,0.0008725298113686,0.0,0.0,0.0,,1.822853271745935
-0.5573,0.2675,-0.2913,12,57.47955819208,0.1184,22.24395883052,0.0728,64053566003097984,7.4568,0.1039,21.218,0.221,-42.767,0.101,2.104,6.040353,0.002823,6.03371,0.002912,6.010229,0.003069,0.02348,,,1.162,1761.536,1302.84,849.13,1.0,3.188706197120593,0.1186068502759067,1.802957597235794,0.2774674412931681,0.5654197927873905,0.0895211965920842,1.8253226029068221
0.1471,0.1652,0.0026,16,56.33901866388,0.1365,26.090268845,0.0981,70230652389756928,7.4203,0.1476,20.16,0.177,-46.413,0.121,0.884,18.211119,0.003385,20.404118,0.084807,16.82049,0.00827,3.583628,,,1.611,552.14,12.809,139.467,1.0,0.1506109464210364,0.0055302670022154,0.0,0.0125974664648008,0.0,,1.830861238809999
0.1168,0.0951,-0.137,17,57.39710417795,0.0688,25.99281163336,0.0477,69996976105980800,7.5999,0.0734,20.635,0.094,-46.822,0.062,1.081,16.722004,0.002873,18.528404,0.015983,15.437561,0.003891,3.090843,,,1.511,1333.379,68.988,400.331,1.0,0.2726072746535865,0.0011223008666726,0.0,0.0,0.0,,1.8338247787607855
0.1323,0.3456,-0.0411,14,56.16535812471,0.0337,22.11312706231,0.0236,64743646986745600,6.9233,0.0389,19.479,0.047,-42.898,0.029,1.666,10.885116,0.002784,11.295315,0.003089,10.300288,0.002983,0.995027,19.1,8.23,1.218,2702.699,818.767,1027.701,1.0,0.9943557090924308,0.002230347443276,0.1558495714150563,0.2164630343523153,0.1567342249759932,0.2176920337853493,1.848267502452553
0.0342,0.1914,-0.124,16,58.65574608992,0.0634,23.22556459211,0.0377,65626623544976768,7.1892,0.0662,19.006,0.095,-43.622,0.05,1.025,16.585747,0.003446,18.35791,0.022295,15.306788,0.006514,3.051122,,,1.509,524.749,49.084,184.465,1.0,0.2883549118447806,0.0010606291586816,0.0,0.0,0.0,,1.851196009770367
0.2159,0.1665,-0.1251,12,56.41308608611,0.1038,22.07294179044,0.077,63989691247627776,7.6461,0.1112,20.301,0.137,-45.655,0.099,1.01,17.306427,0.00314,19.285311,0.03065,15.999539,0.007245,3.285771,,,1.52,721.347,35.572,162.389,1.0,0.213221054727899,0.0010962431336589,0.0,0.0,0.0,,1.8556103385145404
0.1064,-0.0172,-0.1494,16,56.53968722098,0.0209,26.13864853415,0.0146,70049477786093056,7.5199,0.0224,20.09,0.024,-45.75,0.018,1.175,11.516263,0.002819,12.07956,0.003093,10.807908,0.002922,1.271652,2.55,3.01,1.24,1828.279,813.057,1250.843,1.0,0.8471531567763526,0.0125728012345287,0.6517999440957548,0.0364828374814223,0.7694003603504592,0.0445533773243533,1.859664147705513
0.0645,0.2752,0.1198,15,55.73631518443,0.0981,25.98049446551,0.0767,70146853284493312,7.2692,0.1077,21.229,0.136,-45.771,0.089,1.119,16.597889,0.003524,17.751413,0.017037,14.697469,0.013466,3.053945,,,2.674,494.048,64.599,82.417,1.0,0.3369163146345571,0.0018059881142763,0.0,0.0,0.0,,1.8694583112924492
0.2098,0.0595,-0.2214,18,58.89344311764,0.0832,23.97441728525,0.0572,65807218329068544,7.1474,0.0903,18.507,0.11,-43.287,0.074,0.998,17.257784,0.002965,19.148548,0.027057,15.968283,0.004057,3.180265,,,1.508,990.9,40.343,368.648,1.0,0.2190036441226855,0.0016368897777648,0.0,0.0,0.0,,1.8707648116667037
0.1504,-0.0875,-0.1856,17,57.4013900211,0.1321,26.03772788873,0.0875,70010303387697024,7.4611,0.1416,20.386,0.177,-44.998,0.117,1.05,17.751265,0.003111,19.92374,0.071911,16.391684,0.006111,3.532057,,,1.571,751.903,15.11,199.68,1.0,0.1801299246626832,0.0010100636456009,0.0,0.0,0.0,,1.8723638044424162
0.1309,0.1827,-0.3967,16,57.45189885868,0.0466,22.17997112386,0.0285,63959351598814336,7.027,0.0563,18.394,0.056,-42.296,0.038,1.042,15.772934,0.003064,17.267515,0.00945,14.575137,0.004031,2.692378,,,1.452,810.488,120.252,373.152,1.0,0.396458964721109,0.0006481948183403,0.0,0.0,0.0,,1.8734445326515876
0.1687,0.2399,0.1271,15,55.51973531138,0.0158,25.88567302608,0.0114,70121805035254144,7.4708,0.0182,21.058,0.018,-46.897,0.014,1.182,12.406143,0.002974,13.022924,0.004613,11.657304,0.004011,1.365621,3.17,2.19,1.25,969.535,295.588,376.864,1.0,0.7586604903866865,0.0006972678044457,0.0,0.0186486194009586,0.0,,1.8737422754358926
0.037,0.1147,-0.2396,18,58.87094939326,0.0143,23.77224230863,0.0087,65750627840192256,7.2949,0.0153,17.759,0.018,-44.952,0.011,1.121,13.494305,0.00308,14.329623,0.005813,12.594611,0.004414,1.735012,7.03,3.97,1.3,788.83,212.907,317.448,1.0,0.6220783371991717,0.0005796820977615,0.0,0.0,0.0,,1.8738155026134196
0.1261,0.2019,-0.2803,15,55.5442635448,0.113,22.30138706213,0.0834,64430939007563520,7.6438,0.1394,21.56,0.141,-49.045,0.104,1.015,17.520615,0.003297,19.547853,0.043941,16.192869,0.006837,3.354984,,,1.542,599.891,24.759,173.945,1.0,0.1964263144322628,0.0012962110110299,0.0,0.0,0.0,,1.8754943171295444
0.1591,0.245,-0.1168,16,55.87980208301,0.0164,22.15817461375,0.0125,64380636350910464,7.4443,0.0188,19.659,0.022,-45.711,0.015,1.039,10.233227,0.002786,10.593171,0.002965,9.701839,0.002891,0.891332,6.73,0.65,1.207,2618.809,1083.01,1436.712,1.0,1.1079112649896563,0.009874905253625,0.643333775316752,0.1324086915080129,0.580672654612604,0.1196240147211649,1.8766341729337261
0.0368,0.1781,-0.2146,17,57.3995914171,0.0701,22.15123494503,0.0433,63958801843006208,7.3248,0.0747,19.813,0.093,-42.301,0.059,5.911,13.141851,0.002889,14.084387,0.003762,12.15845,0.003236,1.925937,-3.37,6.49,1.346,1249.621,430.25,662.734,1.0,0.6124894767095309,0.0126794153526356,0.5464427661428743,0.0214598768635513,0.8921667831397228,0.039606943376673,1.8799848621048387
0.1573,0.0453,0.006,16,57.07348073665,0.0504,22.06680874975,0.0371,63953819680971008,7.6491,0.0547,20.284,0.065,-45.302,0.047,0.969,16.483202,0.003051,18.196905,0.015298,15.235043,0.003928,2.961863,,,1.478,828.598,72.183,392.652,1.0,0.3009037574831073,0.0007819682135736,0.0,0.0,0.0,,1.8817351939722722
-0.0216,0.1521,-0.0593,15,55.85925726123,0.0398,26.04171814485,0.0256,70150357977789056,7.5869,0.0413,21.045,0.055,-46.577,0.033,0.941,15.682308,0.003205,17.204485,0.016263,14.481427,0.005206,2.723058,,,1.451,663.436,67.764,246.997,1.0,0.4060085514147294,0.0023067956373401,0.0,0.0367151494345442,0.0,,1.8825698889270424
0.1955,0.1146,-0.0173,16,55.2928749217,0.044,25.76541903414,0.0313,70160287942261376,7.851,0.0485,21.564,0.052,-47.15,0.039,1.049,16.040766,0.003138,17.695215,0.01063,14.802626,0.004519,2.89259,,,1.475,723.315,105.848,305.383,1.0,0.3525410328548839,0.0067730112768258,0.0,0.0680260880071745,0.0,,1.8835108324853203
0.0827,0.234,-0.0612,16,54.70292014366,0.0221,25.18857655093,0.0161,68618978798306432,7.3256,0.0245,18.916,0.029,-45.444,0.022,1.613,13.392295,0.003164,14.380012,0.007347,12.401081,0.004444,1.97893,,,1.341,698.461,159.74,313.95,1.0,0.6030118055331338,0.0070425329730068,0.4867557959755286,0.0242073945032496,0.807207738736025,0.0412362334707046,1.8856285779228847
0.1643,0.26,-0.2138,15,55.02925859013,0.0851,22.64639061215,0.0649,64653383953596032,7.4524,0.1047,20.847,0.103,-45.53,0.075,0.995,17.147539,0.003084,18.992771,0.034009,15.851673,0.004951,3.141098,,,1.521,784.137,32.033,265.483,1.0,0.2297232721202004,0.0016044355411898,0.0,0.0,0.0,,1.8864004735484274
-0.1271,0.029,-0.0001,13,55.94626178164,0.0523,26.07635238903,0.0327,70152144684310144,7.1799,0.0534,20.134,0.08,-44.875,0.047,1.11,15.8355,0.003132,17.398407,0.015754,14.617805,0.00494,2.780602,,,1.464,729.059,70.024,266.336,1.0,0.3863371094403261,0.0019608806797451,0.0,0.0289270618082696,0.0,,1.8901444625765964
0.0976,-0.0004,-0.1004,16,56.22103743981,0.0142,26.14179686806,0.0098,70234882933734400,7.8493,0.0151,21.609,0.019,-48.86,0.013,0.95,12.130169,0.003036,12.696342,0.005172,11.417966,0.004133,1.278377,4.8,0.8,1.242,851.886,249.297,356.072,1.0,0.7949060714380658,0.0006489590381511,0.0,0.0148772144990529,0.0,,1.8926723507890928
0.2056,0.0374,0.0019,15,55.17747786165,0.0139,25.70526832583,0.0103,70158977974956672,7.4116,0.0152,20.785,0.018,-45.871,0.015,1.146,12.313311,0.003159,12.895205,0.006602,11.586379,0.004804,1.308825,3.12,1.26,1.247,702.674,181.443,277.667,1.0,0.7714130531413368,0.0005918110897861,0.0,0.0,0.0,,1.8971257698883217
0.0883,0.274,-0.0322,16,54.72052587344,0.0157,25.23624701096,0.0114,68620868583787904,7.8208,0.0176,22.107,0.02,-47.334,0.015,1.09,13.497553,0.00302,14.36562,0.005265,12.579953,0.004104,1.785666,8.18,3.02,1.306,878.797,243.197,360.806,1.0,0.6205407780101523,0.0005353623214898,0.0,0.0,0.0,,1.8980569385942507
0.109,0.0904,-0.021,16,57.19423481631,0.1076,22.07002214,0.0823,63951826816390144,7.2264,0.119,19.025,0.131,-44.795,0.097,7.896,11.799927,0.003272,12.324125,0.005623,11.075508,0.004264,1.248617,4.36,2.48,1.268,615.397,222.421,336.666,1.0,0.837060645133544,0.0039940338555386,0.3864708415551132,0.1768976619195529,0.4616999303478853,0.2113434363250413,1.9008594655902897
0.4195,-0.0753,-0.1943,16,57.27164299822,0.2518,22.08115223027,0.21,63957526236677632,6.8586,0.2751,17.743,0.303,-43.156,0.253,1.008,18.975307,0.003989,20.984608,0.138252,17.549097,0.018555,3.435511,,,1.68,376.45,7.855,59.189,1.0,0.1150502016540113,0.007135088631215,0.0,0.0,0.0,,1.9051556444329827
-0.2105,-0.2628,0.2152,14,54.37951976868,0.1156,23.768517685,0.0899,68192093408157568,7.1316,0.1216,20.393,0.181,-42.644,0.127,1.068,17.612053,0.003092,19.473457,0.052969,16.311069,0.005331,3.162388,,,1.526,773.646,20.526,239.018,1.0,0.1942800646843272,0.0022074967211855,0.0,0.0,0.0,,1.9073512127098011
0.2162,0.4749,0.065,14,56.24560047392,0.0181,22.03225771367,0.0132,64739248940235392,7.1684,0.0221,18.832,0.029,-43.711,0.018,1.053,9.362043,0.002766,9.612339,0.002812,8.948181,0.002808,0.664158,5.32,0.19,1.192,4386.854,3082.327,3456.228,1.0,1.3349659535305831,0.0008140374630703,0.0,0.1035072975318222,0.0,,1.9078898154742585
0.2212,0.1578,0.0694,16,55.49621763546,0.0142,25.92071760337,0.0101,70169251536714624,7.3072,0.0163,20.578,0.016,-45.137,0.013,1.088,12.449474,0.002852,13.063317,0.003954,11.700975,0.003375,1.362342,5.98,1.7,1.251,1475.173,387.499,571.71,1.0,0.753312143635393,0.0007363725762518,0.0,0.0188822389769578,0.0,,1.9095876225399566
0.145,0.0414,-0.4345,16,57.59554260677,0.017,22.18813114836,0.0105,64040818540162304,7.3275,0.0197,17.154,0.021,-46.267,0.015,1.113,13.716136,0.002864,14.653642,0.004358,12.751032,0.003524,1.90261,,,1.33,1392.352,324.291,504.303,1.0,0.599464603061981,0.0005923059648349,0.0,0.0203109114828722,0.0,,1.9103865156440203
0.2144,0.213,0.0865,15,54.48519642739,0.0464,23.38223216603,0.0334,67756789882795008,7.5873,0.0508,21.586,0.059,-46.147,0.044,1.118,15.859415,0.002913,17.421396,0.008308,14.645842,0.003606,2.775555,,,1.459,1146.937,138.736,475.39,1.0,0.3836217501291604,0.0013065450056991,0.0,0.0181380049515087,0.0,,1.9107747006710554
0.1795,0.099,-0.1465,16,58.14369484777,0.0295,22.50195524648,0.0178,64073597730589952,7.026,0.0296,19.211,0.037,-42.477,0.023,1.059,14.958157,0.002884,16.236689,0.004582,13.840935,0.003332,2.395754,,,1.401,1273.342,298.768,595.925,1.0,0.4939675817993826,0.0004326975808268,0.0,0.0,0.0,,1.9180600832869377
-0.0162,0.0199,-0.1993,17,58.54794646311,0.0601,25.31173412692,0.0368,67085641114472320,7.493,0.0637,19.457,0.082,-45.612,0.049,0.981,16.777615,0.002906,18.584688,0.019332,15.498139,0.003896,3.086549,,,1.505,1175.625,56.757,399.34,1.0,0.2661176893996742,0.0007085949366442,0.0,0.0,0.0,,1.9235525746244522
0.0865,0.2197,-0.0147,15,55.82948712891,0.062,26.07874713293,0.0403,70153484713977472,7.3847,0.0665,20.089,0.089,-45.586,0.051,1.101,16.255726,0.003188,17.938046,0.015856,15.013962,0.005182,2.924084,,,1.475,676.994,69.561,248.657,1.0,0.3308013425840335,0.0012901603958674,0.0,0.008487604632138,0.0,,1.9242274812811955
-0.0054,-0.0984,0.0641,15,55.05016853184,0.0258,25.64206884429,0.02,68660244843997312,7.2455,0.0273,18.348,0.036,-47.552,0.027,1.99,11.862063,0.00327,12.40069,0.007145,11.161109,0.005266,1.239581,1.09,1.04,1.244,616.255,165.069,243.091,1.0,0.8312287068713418,0.0022176470968008,0.1517757345561105,0.1922937716590578,0.1825920270816663,0.2313372918984116,1.9244450413057728
-0.0311,0.2447,-0.1127,15,54.59755350922,0.0248,23.10784617892,0.0159,67732257029618048,7.4606,0.0252,21.571,0.031,-45.486,0.02,1.168,14.31126,0.003294,15.404963,0.0085,13.273613,0.005118,2.13135,,,1.359,601.16,135.229,253.054,1.0,0.5496059701323207,0.0004559644132459,0.0,0.0,0.0,,1.9274444484519875
-0.0065,0.3054,-0.0406,15,56.28173354926,0.0419,21.99577085594,0.0263,63988351216124288,7.5073,0.0435,19.549,0.056,-48.574,0.032,2.153,11.129899,0.002883,11.432515,0.003455,10.34136,0.004002,1.091155,6.82,0.79,1.419,1279.437,532.737,378.513,1.0,0.9522097816410444,0.0086975934745865,0.6034847350902942,0.0548418298239321,0.6337728793861419,0.0578844732049565,1.9351012554122773
0.2068,0.3875,-0.1385,15,54.93671006565,0.0645,22.65410301773,0.052,64656201452146304,7.6564,0.085,20.751,0.087,-46.505,0.061,0.968,16.780579,0.003008,18.581429,0.024001,15.497756,0.004059,3.083673,,,1.51,900.408,45.545,368.309,1.0,0.2660514221624497,0.0007709294350362,0.0,0.0,0.0,,1.9367883386555285
0.1324,0.0628,-0.1322,17,58.21556121209,0.0396,22.52560476915,0.0256,63892006512622848,7.4727,0.0418,18.998,0.054,-46.564,0.034,1.06,15.772704,0.002852,17.341928,0.009436,14.551169,0.003559,2.790759,,,1.468,1478.308,120.449,491.27,1.0,0.388836521246606,0.0069841565397257,0.0,0.0751201123301792,0.0,,1.9396261650675934
0.2229,0.0823,-0.0549,16,54.36004148465,0.0529,24.56684760806,0.0392,68452265347345664,7.7352,0.0571,21.867,0.071,-47.386,0.055,1.04,16.482616,0.003193,18.184139,0.015892,15.22404,0.006578,2.960099,,,1.493,673.13,69.396,182.257,1.0,0.301802444163873,0.0007490319079323,0.0,0.0,0.0,,1.941886536754227
-0.0644,-0.0166,0.1107,15,54.39250015328,0.1116,24.7040742583,0.0803,68458514523905408,7.2381,0.1142,20.079,0.15,-44.222,0.108,0.974,17.693371,0.003131,19.639059,0.041501,16.394808,0.006513,3.244251,,,1.513,729.648,26.221,184.477,1.0,0.1864323241408362,0.0022624168731473,0.0,0.0,0.0,,1.944133321813868
0.0997,0.0308,-0.119,16,56.93293309774,0.0648,26.22401171576,0.0483,70060610341280128,7.1684,0.0731,20.063,0.084,-44.783,0.063,0.982,16.817139,0.003173,18.587061,0.023578,15.541569,0.006689,3.045492,,,1.505,690.393,46.374,178.595,1.0,0.262366104793411,0.0010751236609405,0.0,0.0,0.0,,1.9486173437847627
0.0906,0.2478,-0.1897,15,55.41199497236,0.0569,22.27773027977,0.0415,64441143849872512,7.5528,0.0662,21.008,0.076,-44.603,0.055,0.923,16.556376,0.002903,18.28812,0.020963,15.294315,0.00428,2.993805,,,1.493,1188.7,52.258,334.58,1.0,0.2916062648403529,0.0006746883010202,0.0,0.0,0.0,,1.9501250764074307
-0.0032,-0.0381,0.1162,15,54.44803258771,0.0831,24.89598496191,0.0655,68468203969427200,7.0848,0.0887,19.985,0.114,-43.851,0.089,0.948,17.405783,0.003068,19.346193,0.04679,16.118494,0.005401,3.227699,,,1.499,805.003,23.246,234.782,1.0,0.2056617111234132,0.0018412424549249,0.0,0.0,0.0,,1.9566846428771247
0.0641,-0.1299,0.0063,15,55.02495437831,0.0695,25.67234006993,0.0538,68660554081641472,7.3964,0.0747,20.991,0.096,-45.582,0.074,1.058,16.92848,0.003026,18.734554,0.031421,15.657799,0.004532,3.076756,,,1.494,868.154,34.691,303.988,1.0,0.2495872087877584,0.0012186844094617,0.0,0.0,0.0,,1.9586568816614227
0.1458,0.0296,-0.2582,18,58.87881546681,0.0486,23.39733058627,0.0266,65635522717170944,7.4049,0.0521,18.061,0.057,-44.041,0.036,1.032,15.975678,0.002955,17.525719,0.008088,14.756134,0.003442,2.769585,,,1.468,1017.486,143.03,538.912,1.0,0.3698087908169444,0.0007001175469858,0.0,0.0,0.0,,1.9681571680121277
0.2631,0.1981,0.0575,16,55.229433551,0.0273,22.34951622282,0.0218,64445988572906752,7.3677,0.0315,20.14,0.039,-44.135,0.029,1.032,15.090019,0.002822,16.441984,0.006158,13.945504,0.003093,2.49648,,,1.417,1776.24,197.783,813.275,1.0,0.4777425292962513,0.0014795449104794,0.0,0.0389316241622922,0.0,,1.980371855970751
0.162,0.1135,-0.2042,18,58.9924085402,0.0582,24.5497697901,0.0359,65864427293364992,7.5556,0.0642,19.599,0.071,-47.052,0.047,1.461,15.775829,0.003167,16.957745,0.031193,14.445992,0.0087,2.511753,,,1.677,695.598,34.947,131.761,1.0,0.4151265639964698,0.0015153929523416,0.0,0.0,0.0,,1.9914234306958865
0.2292,-0.0496,-0.3736,18,58.99343210356,0.0149,24.5497332742,0.0082,65864427293364864,7.5196,0.0161,18.609,0.018,-46.926,0.011,1.001,12.307622,0.00319,12.902467,0.006836,11.57429,0.004921,1.328176,6.5,1.68,1.246,675.127,173.968,267.882,1.0,0.7717402945618953,0.0005818226488818,0.0,0.0,0.0,,1.9922467814000064
0.2435,-0.0346,-0.0949,16,56.87751552406,0.045,26.27891563464,0.0324,70072773688658432,7.448,0.0506,20.973,0.054,-46.211,0.04,1.102,15.803625,0.003148,17.322138,0.015906,14.594683,0.007145,2.727455,,,1.461,712.878,69.333,165.062,1.0,0.3922967428444838,0.0006330763880461,0.0,0.0,0.0,,1.9947449664514971
-0.0785,-0.1498,0.1342,15,54.37794600726,0.0806,24.84832840206,0.0619,68513356962056704,7.7008,0.085,22.352,0.118,-46.408,0.085,1.09,17.071465,0.003066,18.965057,0.031514,15.782825,0.004823,3.182233,,,1.506,806.746,34.588,275.973,1.0,0.2346758553174094,0.0010174437776743,0.0,0.0,0.0,,1.9957218020176002
0.328,0.2238,-0.0244,16,56.13965790259,0.0694,26.24796151678,0.0517,70248180152474368,7.5639,0.0761,19.901,0.094,-46.306,0.073,1.905,15.680851,0.003374,17.244375,0.01605,14.431259,0.004793,2.813116,,,1.502,557.509,68.693,278.575,1.0,0.3870496659655649,0.0077863516749075,0.1829050672476909,0.0246894621674261,0.4725622661148702,0.0644933817929662,2.0004248618222893
0.1656,0.0116,-0.1918,15,57.82486427848,0.098,26.02265611661,0.0582,67368353043627648,7.3752,0.1017,19.311,0.151,-43.888,0.082,1.149,17.077164,0.003061,19.022591,0.035184,15.740949,0.004715,3.281642,,,1.562,813.798,30.956,285.635,1.0,0.2352807661240113,0.0008800050300373,0.0,0.0,0.0,,2.003111038898836
0.1697,0.0702,-0.1785,18,58.98356165238,0.0139,23.56706328888,0.0082,65732447241199744,7.5019,0.015,19.138,0.017,-46.083,0.011,1.085,12.259071,0.003122,12.838505,0.005969,11.536366,0.004598,1.302139,4.71,1.56,1.244,739.588,205.744,297.074,1.0,0.7783163043101105,0.0006477631008932,0.0,0.0,0.0,,2.00462078191212
0.1958,0.0193,-0.0877,16,55.16807944161,0.0451,25.84659427533,0.0327,70165476262750976,7.3089,0.0495,20.866,0.053,-45.707,0.043,1.015,16.019033,0.003058,17.624359,0.009161,14.792358,0.004078,2.832001,,,1.468,818.737,124.43,365.131,1.0,0.3626819125089008,0.0010385999417015,0.0,0.0107047046823367,0.0,,2.0049638257853375
0.0135,0.2737,0.1206,15,55.72508427907,0.0739,26.13767341056,0.0478,70201725786644608,7.7134,0.0802,19.957,0.105,-46.849,0.061,0.979,16.80722,0.003008,18.606426,0.019601,15.538092,0.004963,3.068335,,,1.493,900.057,55.963,264.531,1.0,0.2623596705035476,0.0008514162253235,0.0,0.0,0.0,,2.0071163834481753
0.0438,0.3245,-0.226,18,58.73066334275,0.1145,22.99434671164,0.0746,65431185353051776,7.3479,0.1366,19.488,0.164,-44.632,0.095,1.02,17.581938,0.003091,19.602215,0.06438,16.254629,0.007791,3.347586,,,1.542,775.226,16.88,149.262,1.0,0.1927201913156823,0.0014987692278641,0.0,0.0,0.0,,2.0098511626574096
0.1856,0.1191,-0.1099,16,58.23743741144,0.031,22.43351088238,0.0194,63884584809145600,7.4775,0.0329,18.812,0.04,-45.971,0.026,1.052,15.189425,0.002833,16.559381,0.005132,14.036469,0.003113,2.522913,,,1.423,1643.199,252.095,786.608,1.0,0.4673982874349376,0.0006809061415858,0.0,0.0162210300274214,0.0,,2.0166752103773704
0.219,0.1007,-0.1205,16,56.28429366185,0.0225,26.29231185969,0.0154,70242785673539712,7.4014,0.0256,19.674,0.026,-45.707,0.019,1.081,11.22545,0.00308,11.647716,0.005068,10.638309,0.004084,1.009407,4.36,0.48,1.214,788.347,256.643,364.03,1.0,0.9350927272778214,0.0008028007009962,0.0,0.0311427349006479,0.0,,2.0191201311841644
0.0348,0.1486,-0.0315,16,58.1622013642,0.0507,25.84024414509,0.0294,67352066526730240,7.5676,0.0512,20.317,0.07,-45.716,0.039,1.045,16.171669,0.00302,17.833359,0.01486,14.916925,0.004324,2.916433,,,1.494,878.706,74.385,328.638,1.0,0.3415917053182348,0.0027095034935334,0.0,0.0312222576174369,0.0,,2.0217117709745613
0.094,0.0368,-0.2054,18,58.74187604266,0.0395,25.24127596268,0.0252,67069835634816896,7.586,0.0424,19.535,0.055,-47.54,0.033,1.062,15.76675,0.002886,17.291077,0.011726,14.562909,0.003477,2.728168,,,1.454,1265.91,95.334,523.161,1.0,0.3964550552132793,0.0007901775050664,0.0,0.0073909820279198,0.0,,2.0241625836770507
0.2165,0.0037,-0.2023,18,59.07754410451,0.0249,23.96421430173,0.0155,65783029073414144,7.4947,0.026,18.991,0.035,-46.594,0.021,1.074,14.732029,0.00285,15.968925,0.004586,13.63122,0.003343,2.337706,,,1.392,1491.671,298.316,589.679,1.0,0.5128869410601509,0.0005051442195364,0.0,0.0075502072051247,0.0,,2.026100051793531
0.2004,-0.0137,-0.2063,16,57.82865372341,0.0797,26.05227743024,0.0509,67368834079847680,7.3506,0.0838,19.819,0.12,-47.047,0.072,1.982,15.1005,0.002882,16.437878,0.005838,13.942909,0.00355,2.494968,,,1.434,1284.016,211.718,494.621,1.0,0.4779383515400084,0.0007518685375171,0.0,0.0208639426111377,0.0,,2.0271015138648356
0.1625,0.0761,-0.1431,16,57.82803686461,0.0704,26.05415071937,0.0415,67368834079044224,7.3256,0.0725,18.955,0.102,-46.073,0.057,0.991,16.899532,0.002862,18.701546,0.027099,15.610303,0.003977,3.091243,,,1.518,1402.665,40.279,383.071,1.0,0.2531978660547528,0.0012064182913825,0.0,0.0,0.0,,2.029994784508136
0.0826,0.249,-0.1366,16,54.6009990326,0.0771,25.3302012544,0.0569,68624613795266432,7.1917,0.0905,19.259,0.099,-44.087,0.071,0.951,17.096783,0.003041,19.019308,0.032734,15.793688,0.004868,3.22562,,,1.521,843.929,33.289,272.188,1.0,0.2323069376733075,0.0008083768793656,0.0,0.0,0.0,,2.0312400876067476
0.1286,0.0017,-0.1588,16,57.850752651,0.0351,26.05300429203,0.0199,67368868438779392,7.6029,0.0358,18.735,0.049,-46.237,0.027,1.0,15.409541,0.002808,16.849098,0.008569,14.224479,0.00304,2.624619,,,1.446,2006.411,134.006,899.841,1.0,0.4416798249501295,0.0015253057381361,0.0,0.0288363898700345,0.0,,2.0387456796297254
0.1782,0.2786,0.1007,16,56.49510380195,0.1304,26.3336918445,0.0995,70241033326866944,7.3261,0.1573,19.997,0.158,-44.526,0.12,1.307,17.55147,0.003754,19.659309,0.060335,16.167139,0.005303,3.49217,,,1.61,425.736,18.014,240.757,1.0,0.1950868906632763,0.00087811357675,0.0,0.0,0.0,,2.039398850298726
-0.0518,-0.1185,0.1573,14,54.34278163127,0.0664,24.90432863222,0.0537,68514559552895488,7.2038,0.0711,20.012,0.096,-43.751,0.072,1.077,16.784979,0.003131,18.50351,0.018577,15.53354,0.004137,2.96997,,,1.482,730.534,59.116,355.468,1.0,0.2671642594946794,0.0016261134115135,0.0,0.0,0.0,,2.0404736534559937
-0.0187,0.199,-0.0805,16,58.28042846027,0.1049,25.78915388449,0.0625,67304959325424768,7.492,0.1108,20.009,0.144,-46.615,0.082,1.049,17.576826,0.002963,19.634825,0.045657,16.255455,0.004376,3.37937,,,1.531,996.051,23.825,322.035,1.0,0.1921698045937802,0.0013673698696007,0.0,0.0,0.0,,2.0419309729306727
0.113,0.2844,0.0926,14,54.40459134187,0.0838,23.18260356156,0.0518,67736070960579072,6.9726,0.0931,19.38,0.103,-42.142,0.062,1.031,16.76218,0.003215,18.480066,0.020634,15.497606,0.005348,2.98246,,,1.498,655.638,53.107,237.956,1.0,0.2702168934277973,0.0014140037519996,0.0,0.0,0.0,,2.0485847223214324
0.0106,0.1948,-0.2905,16,59.10811041446,0.023,24.2807946072,0.0123,65844361206181376,7.2314,0.0233,18.271,0.029,-45.34,0.016,1.059,14.184004,0.002938,15.221865,0.005206,13.170077,0.003933,2.051787,,,1.35,1063.624,247.004,391.614,1.0,0.5595869747024851,0.0005441489302652,0.0,0.0,0.0,,2.051330277105397
0.1295,0.0194,-0.1823,16,57.56656469007,0.2124,26.19351071413,0.1214,70387057918968064,7.4393,0.2151,20.355,0.298,-45.794,0.163,0.986,18.578836,0.00345,20.74159,0.161192,17.164362,0.006861,3.577229,,,1.648,523.108,6.737,173.206,1.0,0.1257346477291086,0.0110341469623983,0.0,0.0071735076988934,0.0,,2.053212639533357
0.1575,0.1527,0.0241,16,55.04463153937,0.0767,25.82483063727,0.061,70175474946486784,7.1331,0.0873,18.866,0.097,-43.414,0.079,1.02,17.180622,0.002972,18.992939,0.031244,15.896719,0.005494,3.09622,,,1.51,973.692,34.89,229.432,1.0,0.2276562351648314,0.001696200554934,0.0,0.0,0.0,,2.0535690018571677
0.1713,-0.2013,-0.2805,14,57.98934328927,0.0282,25.99866577646,0.015,67369658709673344,7.374,0.03,19.174,0.04,-46.704,0.021,0.83,7.648581,0.002785,7.708904,0.002863,7.50619,0.002876,0.202714,,,1.166,2687.107,1690.718,1553.381,1.0,1.9842525724115143,0.0187711763741941,1.04872096711328,0.1098918044488066,0.5285219138402032,0.0556071982441376,2.053852273985376
0.2832,-0.0354,-0.1227,17,57.26243407904,0.1114,21.91285584411,0.0792,63937700667501184,7.8082,0.1228,20.125,0.142,-48.427,0.103,0.998,17.5306,0.003079,19.49168,0.065884,16.182955,0.006844,3.308725,,,1.575,789.956,16.494,173.727,1.0,0.1975198151020449,0.0016322388262868,0.0,0.0,0.0,,2.0555051905793595
0.0975,0.039,-0.1033,17,59.1204969959,0.0589,24.03155863772,0.0356,65830548591559936,7.3956,0.0611,20.14,0.084,-46.427,0.047,1.042,16.53809,0.00295,18.229343,0.015463,15.288203,0.004316,2.94114,,,1.484,1030.983,71.388,329.694,1.0,0.2947431494812471,0.0010091658461757,0.0,0.0,0.0,,2.055873871240981
0.1006,0.0769,-0.0595,15,54.26456777541,0.0278,24.74302293174,0.0206,68506347575444096,7.4434,0.0293,20.065,0.036,-45.398,0.026,1.02,15.023798,0.002874,16.376511,0.005822,13.877517,0.003438,2.498994,,,1.418,1325.847,212.483,540.364,1.0,0.4827083855285367,0.0041038775747258,0.0,0.0824660302206795,0.0,,2.0595085948971246
-0.0845,0.3359,-0.4171,16,57.84954902451,0.014,22.11318468184,0.0078,63849572235829248,7.3123,0.0154,18.721,0.02,-44.617,0.011,0.999,12.724305,0.003089,13.393359,0.005937,11.939822,0.004251,1.453537,5.28,1.61,1.259,777.881,207.2,338.583,1.0,0.7228080877213037,0.0006102788658516,0.0,0.0,0.0,,2.0680709547018465
0.2304,-0.0951,-0.2357,17,57.42386029705,0.1597,21.93853014179,0.1104,63940208928422656,7.7284,0.1751,18.496,0.21,-45.132,0.149,1.113,18.286802,0.003259,20.309404,0.106615,16.905266,0.009346,3.404139,,,1.615,623.635,10.187,121.718,1.0,0.1476270021080697,0.0077549794578396,0.0,0.0182402237679148,0.0,,2.0696459369600047
0.0168,0.1513,-0.3123,18,58.60168673715,0.0718,22.68889882046,0.047,65393698877913728,7.2692,0.0821,19.381,0.091,-45.078,0.062,0.93,17.043106,0.002934,18.948141,0.033269,15.750369,0.005108,3.197772,,,1.51,1077.818,32.751,253.73,1.0,0.2372845713747369,0.0009035662851239,0.0,0.0,0.0,,2.0777461309692407
0.2233,0.0424,-0.003,16,56.84147827795,0.057,26.37966852782,0.0413,70077270518065920,7.5864,0.0623,20.679,0.075,-46.725,0.054,1.049,16.477106,0.00309,18.169495,0.013064,15.22555,0.005227,2.943945,,,1.486,776.187,85.073,245.668,1.0,0.3025427054751922,0.0009076910096925,0.0,0.0,0.0,,2.083420492538213
0.1905,0.158,0.025,16,55.04973603282,0.1283,25.87550520376,0.1009,70176265220466048,7.0922,0.1465,19.668,0.159,-43.159,0.13,0.908,17.977596,0.003449,19.950176,0.084922,16.64254,0.007387,3.307636,,,1.557,523.168,12.792,158.733,1.0,0.1680307612637689,0.0037901614894215,0.0,0.0077368777523328,0.0,,2.0840368895384693
0.1692,0.0074,-0.1091,16,56.06412628855,0.0156,26.33102087358,0.0119,70252681278085376,7.2868,0.0185,20.039,0.019,-44.723,0.014,1.006,10.86981,0.002869,11.24702,0.003782,10.324409,0.003349,0.92261,4.74,4.36,1.208,1357.007,425.184,585.99,1.0,0.9985465028238844,0.0008655614953865,0.0,0.0,0.0,,2.086272790704183
-0.1198,0.3019,-0.0479,15,56.92075098789,0.1611,21.81791678756,0.1029,63923205154013312,7.7697,0.1653,20.973,0.218,-46.981,0.126,0.973,18.040569,0.003552,20.051762,0.099057,16.675261,0.005471,3.376501,,,1.594,484.431,10.965,230.723,1.0,0.1637985425522247,0.00390710205006,0.0,0.0104790580283121,0.0,,2.0876482513345653
-0.0356,0.1098,-0.0654,16,54.12635880697,0.0135,24.01198479605,0.0098,68398732874994944,7.062,0.0137,19.756,0.018,-43.168,0.013,1.109,11.978131,0.002894,12.501055,0.004013,11.303301,0.003504,1.197754,4.86,1.0,1.232,1228.14,376.364,512.398,1.0,0.8164722212187834,0.000660110446829,0.0,0.0,0.0,,2.0915210017517545
0.1633,0.0968,-0.1645,18,58.99524267627,0.0481,24.96095042597,0.0326,67011767677005568,7.7048,0.0522,19.723,0.062,-46.071,0.041,1.051,16.176241,0.002885,17.998787,0.011795,14.887779,0.003134,3.111008,,,1.514,1271.316,94.743,760.889,1.0,0.2856314253658248,0.012491028180881,0.2071159483574615,0.0172696872151917,0.7251161110588448,0.0682724400261057,2.1001561075470123
0.1359,0.1994,-0.2701,16,57.71749255723,0.1903,26.19435460101,0.1057,70376097161725952,7.2553,0.193,18.998,0.257,-45.633,0.143,1.043,18.272564,0.003262,20.50605,0.071082,16.887493,0.00621,3.618557,,,1.6,621.694,15.286,195.687,1.0,0.1470654672191025,0.0048626066938839,0.0,0.0074118862177838,0.0,,2.102583283971539
0.1233,0.0728,-0.2662,17,58.47225163173,0.1259,22.51027190018,0.0802,63889085934846208,7.6809,0.1409,20.754,0.15,-47.266,0.103,1.011,17.923689,0.003101,19.979448,0.060644,16.593544,0.006818,3.385904,,,1.542,763.642,17.923,174.542,1.0,0.1700624334429147,0.0033124278142189,0.0,0.0077368777523328,0.0,,2.103064014078045
0.1241,0.2374,-0.0204,16,54.66976712541,0.0337,22.6594096224,0.0262,64679840952155264,7.4138,0.039,20.157,0.045,-45.359,0.034,0.953,6.701936,0.002779,6.688857,0.002983,6.68878,0.00297,7.7e-05,,,1.16,2975.74,1030.157,1068.244,1.0,2.765892107991135,0.0010353795427163,0.0,0.0,0.0,,2.1037642744579133
-0.0405,0.2273,-0.2511,18,58.63124413084,0.2524,22.65029712415,0.146,65392801227714048,7.399,0.2788,19.106,0.304,-45.046,0.184,0.973,18.889145,0.003667,20.821081,0.142384,17.453619,0.013199,3.367462,,,1.702,448.745,7.627,84.159,1.0,0.1105452895298117,0.0127809688471792,0.0,0.0,0.0,,2.1190392343670856
0.0749,-0.0827,0.1171,13,54.80555062189,0.1244,25.73029674908,0.0909,68672717428941184,7.3708,0.1337,21.681,0.165,-47.088,0.115,3.32,15.680477,0.00345,17.385504,0.009353,14.393118,0.003999,2.992386,,,1.529,522.879,121.625,378.945,1.0,0.3237482313068643,0.0096999471072753,0.2930771246234702,0.0117973538198632,0.9052624733744954,0.0454259768127085,2.122529036609602
0.1957,0.0006,-0.1726,18,59.09798263642,0.0164,24.8322173969,0.0089,66997817623367296,7.2086,0.017,17.885,0.019,-43.842,0.012,0.993,13.447046,0.003256,14.266644,0.007444,12.555357,0.005128,1.711287,5.85,12.32,1.298,626.034,157.334,252.326,1.0,0.6295200707135709,0.0006758197051668,0.0,0.0,0.0,,2.138564472129627
0.0281,0.2077,-0.0902,15,55.49531840756,0.044,26.20575375009,0.0276,70200935512668800,7.0968,0.0438,19.524,0.06,-44.178,0.038,0.842,15.668273,0.003048,17.172287,0.008769,14.480289,0.003897,2.691998,,,1.439,833.745,130.608,399.055,1.0,0.4086014302303447,0.0006664117089139,0.0,0.0,0.0,,2.14075566434022
-0.0501,0.3756,-0.1281,14,56.8924433357,0.0137,21.74660630467,0.0081,63916431989200256,7.6641,0.0141,19.065,0.017,-46.162,0.01,0.889,11.985237,0.002845,12.519923,0.003859,11.301289,0.003254,1.218635,6.56,3.23,1.233,1531.897,407.284,648.567,1.0,0.8152203901832183,0.0006861295740037,0.0,0.0,0.0,,2.148300998022498
0.1094,0.1468,-0.0037,16,54.99110908657,0.0955,25.92476101462,0.075,70180216590377600,7.7198,0.1102,21.071,0.117,-47.354,0.096,0.998,17.592936,0.003542,19.655966,0.035969,16.268499,0.008606,3.387466,,,1.534,487.876,30.277,133.371,1.0,0.1911017992566892,0.0013506637795114,0.0,0.0,0.0,,2.1491203552433666
0.0279,0.1435,-0.1136,18,58.47018383729,0.0156,22.41833148615,0.01,63876402894075904,7.4838,0.0164,19.466,0.019,-45.263,0.013,1.195,11.673621,0.002903,12.242834,0.004217,10.948159,0.003547,1.294675,-17.93,11.05,1.25,1186.979,343.426,495.862,1.0,0.8332789880900896,0.0090612244274404,0.6004449602800034,0.0370865728308738,0.7205809445120517,0.0451912927862347,2.1599861990735323
0.3208,0.1902,0.0654,15,54.11411304753,0.0422,24.68795954835,0.0322,68505110624876032,7.6292,0.0473,21.944,0.054,-46.727,0.041,1.017,15.973413,0.002942,17.618519,0.009172,14.740653,0.003565,2.877866,,,1.47,1052.894,124.266,489.43,1.0,0.3576252466119567,0.0077210539097572,0.0,0.0697627716046874,0.0,,2.1626315310593474
0.3495,0.0277,-0.0893,16,55.34784133301,0.0632,22.03150990125,0.0513,64401389632616960,7.3529,0.0723,19.505,0.087,-44.143,0.066,0.983,16.889109,0.003124,18.864218,0.032186,15.563824,0.004568,3.300394,,,1.544,737.583,33.861,300.185,1.0,0.240255504213564,0.0062395536119731,0.0,0.0574893594333583,0.0,,2.1688292931228466
-0.0875,-0.1553,0.0611,14,54.04620601477,0.0883,23.80625813956,0.0675,67832346947351424,7.3684,0.0938,21.512,0.13,-44.745,0.084,0.994,17.240038,0.003345,19.187365,0.042431,15.938464,0.004745,3.2489,,,1.517,572.365,25.644,282.935,1.0,0.2192069266252083,0.0011526622338626,0.0,0.0,0.0,,2.174501125303943
0.1506,0.1363,-0.465,14,58.05557458367,0.0453,26.14343846138,0.028,67373094686549632,7.415,0.0532,18.75,0.06,-46.155,0.04,1.041,15.564647,0.002924,17.046179,0.008443,14.37185,0.003571,2.674329,,,1.448,1110.418,136.247,487.093,1.0,0.4216971505963719,0.0014809362267537,0.0,0.0289905532452283,0.0,,2.192700548285983
0.0856,-0.0198,-0.0708,16,55.68488918856,0.0683,21.853444784,0.0523,64346276612274816,7.6514,0.074,20.813,0.09,-46.607,0.067,1.059,16.967855,0.003117,18.813835,0.038934,15.678698,0.004925,3.135138,,,1.512,744.76,27.958,267.534,1.0,0.2453255681053947,0.000934473434808,0.0,0.0,0.0,,2.1941133904453847
0.244,0.3419,-0.1199,15,56.56707190516,0.1496,21.6859645911,0.0995,63589743893287936,7.6049,0.1886,20.554,0.199,-44.1,0.131,1.044,17.855639,0.003164,19.816528,0.067462,16.521221,0.006168,3.295307,,,1.558,698.519,16.108,197.39,1.0,0.1767527719889289,0.0026680198320858,0.0,0.0,0.0,,2.195939183792722
0.1109,0.323,-0.0011,17,59.04335596744,0.0331,23.0397957742,0.0191,65434518247043072,7.453,0.035,19.15,0.045,-44.762,0.024,1.043,15.266522,0.002826,16.607735,0.006576,14.125302,0.003317,2.482432,,,1.415,1730.788,182.336,605.175,1.0,0.4600778045861946,0.0006034002735495,0.0,0.0,0.0,,2.2210542410288316
-0.1108,-0.0338,-0.0933,17,58.98515881189,0.038,25.29982950142,0.0239,67074096242336384,7.2157,0.0398,18.359,0.058,-45.054,0.032,1.072,15.520327,0.002957,17.041536,0.007543,14.321079,0.003688,2.720457,,,1.449,1011.445,154.925,450.107,1.0,0.4099682433585526,0.0081666768631814,0.167768662301532,0.0584519859527882,0.409223555773816,0.1428097136715478,2.224329633602024
0.0477,0.1566,-0.1606,16,59.32027138426,0.0176,24.0089900989,0.009,65781345446197504,7.6177,0.0166,19.192,0.022,-46.887,0.011,1.065,12.35714,0.003176,12.962699,0.006093,11.609704,0.005036,1.352995,4.64,5.51,1.253,687.104,200.446,258.953,1.0,0.7653733519545399,0.0008090442917879,0.0,0.02076366534633,0.0,,2.2258088122373794
-0.0851,-0.0178,-0.0873,15,56.86843160832,0.0558,26.53476462462,0.0381,70274190474468864,7.4242,0.0569,20.171,0.084,-46.312,0.056,1.003,16.338064,0.003182,18.019451,0.0201,15.083654,0.004507,2.935797,,,1.491,682.273,54.544,306.742,1.0,0.3211250400926391,0.0007599877688119,0.0,0.0,0.0,,2.226183543841914
-0.9572,0.3587,-0.3331,10,56.98594071422,0.4601,26.53052028872,0.2429,70085933468406784,7.3486,0.1136,21.779,0.558,-44.786,0.313,0.948,16.010849,0.003657,,,,,,,,,451.425,,,1.0,2.130171016914796,1.49876799109203,0.8812907498600012,1.1868713227726395,0.4137183084653957,0.6286277428740963,2.232125120774683
-0.127,0.0449,0.0064,16,56.98619759614,0.1582,26.53078066941,0.1016,70085929172184704,6.8632,0.1647,18.766,0.216,-42.098,0.138,4.381,14.967357,0.003036,16.04788,0.022366,13.592311,0.021495,2.455569,,,1.762,851.627,48.926,50.943,1.0,0.505247561477792,0.0008053206217541,0.0,0.019110024973276,0.0,,2.2323867401275335
0.064,0.2133,0.0036,17,59.11726653105,0.0216,23.1500730285,0.0129,65437644983224320,7.3993,0.0221,18.515,0.026,-45.745,0.016,0.992,8.301424,0.00278,8.425534,0.002925,8.056978,0.002831,0.368556,,,1.174,2966.131,1235.277,2263.986,1.0,1.6767554777207414,0.0106207123855194,0.6182449665464017,0.3456348672242791,0.368715042092362,0.2061463673071639,2.235447531725288
0.2236,0.2131,-0.2574,15,59.11935956734,0.057,23.1508228605,0.0379,65437644983223936,7.3461,0.0594,18.389,0.075,-46.787,0.052,1.273,15.836971,0.003201,17.068968,0.037142,14.543722,0.011574,2.525246,,,1.618,666.629,29.315,96.657,1.0,0.4044373040603414,0.0013725713276267,0.0,0.0,0.0,,2.2367891775040007
0.1863,0.0754,-0.1081,17,59.10418014853,0.0216,23.09059401905,0.013,65435102362687616,7.4693,0.0226,19.734,0.028,-46.27,0.017,1.08,14.358019,0.002806,15.443427,0.003633,13.325564,0.003025,2.117863,,,1.356,2053.97,466.665,929.587,1.0,0.5463084460426729,0.0005530859487486,0.0,0.0,0.0,,2.242613870306514
0.1377,0.3035,-0.2463,15,54.16008003273,0.0965,23.14547753491,0.0751,67724697887107200,7.5433,0.125,20.143,0.128,-44.89,0.09,1.004,17.51643,0.00363,19.50931,0.062167,16.198092,0.005539,3.311218,,,1.533,459.525,17.482,226.905,1.0,0.1970577510518622,0.0015424021352714,0.0,0.0,0.0,,2.2449420506507267
-0.0601,0.2562,0.1456,15,54.59418238509,0.0154,22.49947920183,0.0101,64671903852618624,7.4214,0.0162,21.469,0.021,-44.808,0.013,0.87,9.941272,0.002823,10.23137,0.003332,9.487001,0.003212,0.744369,6.28,1.03,1.195,1766.91,596.287,682.005,1.0,1.1909399592087213,0.0009037860483473,0.0,0.0,0.0,,2.247299085764176
0.1922,-0.0171,-0.1731,16,56.59895767544,0.0651,26.57294021231,0.0498,70271854012150912,7.5797,0.0746,19.271,0.087,-46.891,0.062,0.996,16.846046,0.003242,18.656174,0.025134,15.556267,0.004877,3.099907,,,1.518,635.295,43.467,271.45,1.0,0.2588118046683599,0.0009636963722651,0.0,0.0,0.0,,2.253030457939735
0.0621,0.1347,-0.0492,15,55.04559055682,0.0676,26.11121030198,0.0515,70189837317110016,7.1748,0.0768,20.132,0.086,-43.723,0.066,1.02,16.743217,0.002974,18.519104,0.020941,15.480249,0.004484,3.038855,,,1.488,969.872,52.313,309.361,1.0,0.269837578794181,0.0009475691700041,0.0,0.0,0.0,,2.255797291349368
-0.0192,0.2291,-0.1137,15,57.17979485408,0.0594,26.53902530025,0.0343,70457671479120000,7.6617,0.0598,20.643,0.08,-46.269,0.045,1.017,16.297382,0.003488,17.962172,0.01927,15.044213,0.006044,2.917958,,,1.492,507.728,56.944,202.525,1.0,0.3267069078917862,0.0006993996409493,0.0,0.0,0.0,,2.265427143423678
0.123,0.2088,0.083,16,55.29810728691,0.1047,26.27180407732,0.0732,70215705904150272,7.1835,0.1131,19.351,0.145,-44.352,0.098,0.887,17.529934,0.003098,19.439268,0.04664,16.223965,0.006323,3.215303,,,1.526,766.371,23.321,191.35,1.0,0.1979540582500913,0.00198081324395,0.0,0.0,0.0,,2.26714049344139
0.0188,0.1729,-0.2391,16,59.38888478791,0.0194,24.05298646073,0.0103,65787289680918528,7.3222,0.0193,18.761,0.024,-45.313,0.013,1.072,11.822466,0.002821,12.310161,0.003231,11.174502,0.00308,1.135658,6.68,0.96,1.227,1794.067,666.214,832.605,1.0,0.8387261876297596,0.0007423688745094,0.0,0.0,0.0,,2.2816922235437147
-0.1481,0.1113,-0.2428,16,59.38781403426,0.0644,23.94626374388,0.0367,65779971056668032,7.8074,0.0658,19.651,0.091,-48.104,0.049,1.004,16.605007,0.0029,18.351845,0.016005,15.339501,0.003602,3.012343,,,1.495,1201.025,68.894,476.681,1.0,0.2860700110476899,0.0007206403441122,0.0,0.0,0.0,,2.283224546887225
0.301,0.0079,-0.0765,16,56.3080879751,0.0168,26.58821402349,0.0115,70286319462343808,7.1465,0.0188,19.297,0.02,-44.332,0.015,1.094,11.747271,0.00298,12.222333,0.004908,11.110926,0.00458,1.111407,3.54,1.62,1.225,956.979,268.894,298.902,1.0,0.8503853424551271,0.0007655785191648,0.0,0.0,0.0,,2.2855045558321248
0.2301,-0.1515,-0.2073,13,57.05197215631,0.0176,26.58360374255,0.0115,70461554129560448,7.626,0.0188,20.984,0.028,-46.565,0.016,1.029,13.178868,0.002976,13.949187,0.005237,12.313316,0.004683,1.635871,,,1.291,965.92,245.001,288.638,1.0,0.6713001926704113,0.0006142699556809,0.0,0.0104400199908128,0.0,,2.287376413209907
0.035,0.3396,-0.0048,13,54.9881836137,0.1387,26.11654322313,0.0839,70934649068656896,7.5577,0.1652,21.158,0.156,-48.506,0.105,1.057,17.638304,0.003672,19.712049,0.099635,16.286818,0.0082,3.425232,,,1.569,447.431,10.901,140.804,1.0,0.1886526011028999,0.0013399852235932,0.0,0.0,0.0,,2.287560596176019
-0.0062,-0.0024,-0.2475,16,59.40037575317,0.0222,23.93101020342,0.0121,65768151306811904,7.2204,0.0222,17.884,0.031,-44.066,0.016,1.089,14.006242,0.002967,14.995607,0.005192,13.01508,0.004113,1.980527,,,1.34,986.453,247.978,359.26,1.0,0.5748724274716523,0.0005558588833346,0.0,0.0,0.0,,2.2904572711718982
0.0354,-0.1359,-0.0142,15,54.93418011874,0.0407,22.12920112313,0.0319,64600813554014592,7.1553,0.0442,20.743,0.057,-42.957,0.042,1.107,15.546844,0.003076,16.992083,0.009348,14.372165,0.004,2.619918,,,1.433,794.135,121.694,378.887,1.0,0.4249886392573977,0.0005727302392923,0.0,0.0,0.0,,2.296925170697823
0.3546,0.3186,0.1866,15,55.90657673131,0.2073,26.53349856058,0.1681,70305865857368064,7.1427,0.2504,19.008,0.262,-42.12,0.213,1.055,18.74802,0.003748,20.592319,0.151478,17.363585,0.011582,3.228735,,,1.639,427.369,7.169,96.588,1.0,0.1098452810218285,0.0144544817882361,0.0,0.0,0.0,,2.297912544847214
0.1582,0.1984,-0.13,18,59.33059198394,0.0791,23.46032267502,0.0499,65544538129847936,7.1902,0.0882,18.178,0.095,-43.72,0.063,1.017,17.184761,0.002885,18.993847,0.03287,15.886567,0.004325,3.10728,,,1.529,1270.242,33.151,328.498,1.0,0.2277473056987114,0.0016859619075546,0.0,0.0,0.0,,2.311707257117981
0.0891,0.1019,-0.1861,18,59.41233223813,0.2328,24.46196958326,0.1368,66223585341377152,7.0437,0.2535,18.654,0.266,-44.743,0.176,1.063,18.778666,0.003517,20.88542,0.159964,17.337074,0.013352,3.548346,,,1.692,496.785,6.788,83.152,1.0,0.1143072507639563,0.0134441628429164,0.0,0.0,0.0,,2.318021778681845
0.0269,0.1869,0.0098,16,57.34390172016,0.064,21.63209814174,0.0412,63717665199974016,7.61,0.0677,20.408,0.084,-46.356,0.053,0.982,16.790188,0.00293,18.674965,0.024811,15.482706,0.004221,3.192259,,,1.531,1090.864,44.04,342.733,1.0,0.2609179479831205,0.004732438816948,0.0,0.0363087413718929,0.0,,2.321027754909912
-0.0795,0.1196,-0.0064,15,56.99008522853,0.0214,26.62905268563,0.0124,70462688000922880,7.6049,0.021,19.925,0.033,-47.517,0.017,0.856,11.462444,0.002847,11.919838,0.003531,10.843832,0.003198,1.076006,4.62,0.65,1.22,1514.807,501.854,694.454,1.0,0.8939817921925421,0.0008914278692897,0.0,0.0165870269745538,0.0,,2.3214505049356404
0.2821,0.1162,0.0076,16,56.2203635589,0.0562,21.57101441962,0.0461,63585036608738048,7.8394,0.0626,21.318,0.078,-47.128,0.061,1.042,16.548655,0.002949,18.458565,0.021386,15.239743,0.003774,3.218822,,,1.53,1033.757,51.205,427.267,1.0,0.2621764631417956,0.0078721461760681,0.1520558768514468,0.0144352249199057,0.5799753152105378,0.057747526901633,2.3248139783394675
0.297,0.1407,0.0098,15,55.02406174043,0.0211,26.19615276144,0.0162,70941383577307392,7.8681,0.0246,22.067,0.025,-48.863,0.021,1.234,11.022619,0.0028,11.434927,0.003359,10.440462,0.003048,0.994465,9.03,5.67,1.216,2168.796,580.568,884.49,1.0,0.9709120646251764,0.0007460140784075,0.0,0.026617202954946,0.0,,2.3288304845711707
-0.0213,0.0269,0.0436,15,59.27594370188,0.119,23.21676268945,0.0738,65531515789166976,6.9315,0.1282,17.355,0.141,-42.404,0.093,0.987,17.700287,0.003145,19.764999,0.059339,16.365238,0.008369,3.399761,,,1.548,716.306,18.317,137.603,1.0,0.1843996289903919,0.001891251286282,0.0,0.0,0.0,,2.3333480611428903
-0.1098,-0.1454,-0.0321,15,55.63799159071,0.0487,21.70449434675,0.0374,64331123967672448,7.5031,0.0532,20.539,0.07,-45.723,0.048,1.016,16.246473,0.003063,17.996973,0.021883,14.976652,0.004303,3.020321,,,1.5,810.845,50.023,331.509,1.0,0.3099330939063121,0.0085070219417177,0.1437023202020523,0.0332186076943406,0.4636559406769618,0.1079328440001447,2.3360183631115525
0.0669,0.2421,-0.2105,16,58.39805456753,0.0926,26.11879868754,0.0482,67381787700522240,7.2107,0.1038,17.587,0.102,-45.239,0.063,1.081,17.003773,0.002915,19.004307,0.030616,15.666292,0.003752,3.338015,,,1.558,1139.891,35.611,432.93,1.0,0.2324173688962764,0.006002714166108,0.0,0.0542194406770177,0.0,,2.3400192822987225
0.1173,0.0401,-0.0883,17,59.21803142163,0.1689,25.16793472755,0.1082,67044198973423744,7.7692,0.1772,19.103,0.254,-46.943,0.144,0.976,18.431801,0.003203,20.532038,0.113276,17.033119,0.012742,3.498919,,,1.631,665.115,9.588,87.327,1.0,0.1361979406042499,0.010043418288887,0.0,0.0148606254133861,0.0,,2.342324158695361
-0.1627,0.1686,0.1841,12,57.23779995025,0.1296,26.61486750887,0.0602,70459836143275392,7.6295,0.115,22.765,0.143,-45.311,0.077,2.082,14.615964,0.002903,15.565535,0.004654,13.142344,0.003766,2.423191,,,1.938,1189.004,291.452,429.332,1.0,0.5252761509255017,0.0047316260547437,0.3158239452619146,0.0390490334407576,0.6012531593247737,0.0745370383872498,2.3425875089410124
0.1199,0.2003,-0.2373,17,57.9663345193,0.0393,21.82256456655,0.0253,63826448131945984,7.5204,0.0429,20.386,0.052,-45.643,0.034,1.001,15.841362,0.002858,17.418045,0.009244,14.621999,0.003331,2.796046,,,1.464,1433.63,123.193,596.623,1.0,0.3839082731501237,0.0035950920348929,0.0,0.0473693898525101,0.0,,2.347396722904456
0.0764,0.2253,-0.212,17,57.96492519318,0.0539,21.82121116296,0.034,63826070174824192,7.5724,0.0582,20.684,0.071,-45.116,0.045,1.12,16.288523,0.003025,17.97776,0.015847,15.031416,0.004561,2.946344,,,1.493,869.15,69.602,300.972,1.0,0.3270047244214737,0.0014184591994386,0.0,0.0074194936189319,0.0,,2.347927178754798
0.1208,0.1812,-0.0929,16,57.08124849197,0.2532,26.64967318022,0.1419,70462928519077632,6.8638,0.2568,18.704,0.334,-43.85,0.189,1.152,18.75198,0.00348,20.674444,0.136473,17.329546,0.010671,3.344898,,,1.684,510.82,7.957,105.416,1.0,0.1109995142750654,0.0140643355728645,0.0,0.0,0.0,,2.350386968592568
-0.1436,0.1654,-0.1689,14,59.06569176923,0.2715,25.487180311,0.1306,67103405096845056,7.4558,0.2504,18.438,0.337,-45.629,0.17,0.93,18.634089,0.004184,,,,,,,,,344.834,,,1.0,2.130171016914796,1.49876799109203,0.8812907498600012,1.1868713227726395,0.4137183084653957,0.6286277428740963,2.3637688127502754
0.0794,0.171,-0.3726,16,59.06596886788,0.1069,25.48750428788,0.0643,67103405099117568,7.3916,0.1185,17.695,0.143,-43.362,0.088,1.216,17.058586,0.003166,18.857258,0.029875,15.652665,0.018904,3.204593,,,1.675,696.056,36.503,58.071,1.0,0.2419815855704082,0.0010953558646704,0.0,0.0,0.0,,2.3666475322488187
0.1507,0.1969,0.0221,15,55.90868834592,0.0174,26.61231386108,0.0118,70313016978627584,7.0782,0.0209,18.969,0.019,-43.744,0.014,1.033,13.390502,0.003108,14.186887,0.005521,12.515962,0.004711,1.670925,0.61,1.95,1.29,754.768,227.908,286.076,1.0,0.6384218959980292,0.0006445990219931,0.0,0.0,0.0,,2.3676347343558786
0.3062,0.196,-0.2218,14,58.05086694633,0.0379,26.36901020529,0.0211,70404894921335936,7.6028,0.0428,19.161,0.045,-45.612,0.03,1.094,15.24355,0.002941,16.83844,0.007927,14.014311,0.00409,2.824129,,,1.473,1056.381,146.326,363.057,1.0,0.3810504763537896,0.0089964386271933,0.3479236724022484,0.0120291084771429,0.9130645255491444,0.0382264738982039,2.367983308886772
0.1036,0.022,-0.0403,15,53.81787672859,0.0913,23.79924439729,0.0665,68014964661425280,7.4707,0.0985,21.213,0.116,-46.594,0.084,1.034,17.378237,0.003177,19.445175,0.042446,16.070404,0.006342,3.374771,,,1.512,686.048,25.634,190.637,1.0,0.2061263190163847,0.0011483755757411,0.0,0.0,0.0,,2.3692368168280256
0.1917,0.1711,0.0637,16,56.26761473216,0.0617,26.67893635265,0.0464,70334384440377472,7.3497,0.0681,20.27,0.08,-46.106,0.061,0.966,16.74325,0.002992,18.510948,0.021177,15.463856,0.005022,3.047092,,,1.51,930.842,51.72,260.041,1.0,0.2707791338012431,0.0008957164363882,0.0,0.0,0.0,,2.369960241964369
0.3609,-0.1118,-0.1504,13,53.78927918043,0.0221,24.23869890644,0.0205,68046133239891584,7.587,0.0245,21.915,0.033,-46.319,0.028,1.006,14.357129,0.002863,15.463994,0.004556,13.309529,0.003447,2.154465,,,1.366,1395.852,301.452,536.623,1.0,0.5460432397005411,0.0005270551679534,0.0,0.0,0.0,,2.371464306397873
-0.0246,0.2878,-0.0599,16,59.50825675474,0.084,23.89833703515,0.0483,65772789871345024,7.539,0.0901,18.995,0.113,-47.268,0.061,1.058,17.190685,0.002954,19.097763,0.034256,15.879832,0.004306,3.217931,,,1.533,1020.482,31.801,331.03,1.0,0.2242332900625447,0.0012339864305664,0.0,0.0,0.0,,2.3887224593008485
0.1103,0.2489,-0.1919,16,57.45072259099,0.1742,26.62974817689,0.101,70453303494018432,7.6746,0.1845,19.288,0.203,-46.373,0.128,1.083,18.28616,0.003328,20.350611,0.087449,16.895071,0.008041,3.45554,,,1.624,581.973,12.422,143.967,1.0,0.1474710814091906,0.0073473094501129,0.0,0.0182402237679148,0.0,,2.3945574661896956
0.1871,0.0328,0.1422,15,53.95706481918,0.0343,25.07989856329,0.0285,68530124514310912,7.3188,0.0383,21.319,0.044,-43.713,0.035,1.135,15.321436,0.002838,16.68231,0.007172,14.169616,0.003104,2.512694,,,1.423,1597.409,164.319,798.13,1.0,0.4539666799282379,0.000545587606283,0.0,0.0,0.0,,2.394584063456482
0.2554,0.194,-0.0811,14,53.79354808311,0.0735,24.53166364531,0.0489,68475904847290240,7.2238,0.0848,20.706,0.081,-42.988,0.064,1.013,16.667061,0.00292,18.404629,0.026119,15.402696,0.004228,3.001933,,,1.495,1124.354,41.808,341.796,1.0,0.2794180988453541,0.0009424113904968,0.0,0.0,0.0,,2.3982874980005975
0.1954,0.2179,-0.3439,16,57.66550070189,0.0727,26.57149439135,0.0463,70403589251055488,7.6701,0.0883,19.306,0.088,-47.132,0.064,0.967,16.956938,0.002866,,,,,,,,,1374.178,,,1.0,2.130171016914796,1.49876799109203,0.8812907498600012,1.1868713227726395,0.4137183084653957,0.6286277428740963,2.4002428445855606
0.1644,0.2168,-0.358,16,57.66551653057,0.0629,26.57215264766,0.039,70403589251055232,7.4752,0.0762,20.433,0.076,-46.531,0.054,1.044,16.577065,0.002937,18.146162,0.021844,15.191341,0.014405,2.954821,,,1.679,1067.672,50.115,76.829,1.0,0.3006177183112068,0.0013538787779786,0.0,0.0,0.0,,2.403427808527464
0.0586,0.2371,-0.0549,14,54.35069069015,0.0243,25.72212307885,0.0175,69400010010608768,7.5685,0.0256,21.761,0.033,-46.733,0.023,1.1,14.538095,0.002976,15.720887,0.005861,13.460749,0.003873,2.260139,,,1.379,965.999,210.658,404.116,1.0,0.5295438202301009,0.0006360833484407,0.0,0.013490545197191,0.0,,2.4039923563432475
-0.1683,-0.1347,0.1341,14,53.74721328209,0.0236,24.20445022554,0.0185,68045583484082048,7.7333,0.0255,21.452,0.039,-47.106,0.025,1.094,14.544645,0.002913,15.738517,0.005308,13.461346,0.0036,2.277171,,,1.383,1149.257,240.463,477.37,1.0,0.5285079032967399,0.0011275150094491,0.0,0.0425502292016918,0.0,,2.405168210341259
0.2016,0.1669,-0.0181,14,54.84346435803,0.074,26.19321979915,0.0494,70938810893886208,7.3499,0.0863,20.814,0.081,-46.978,0.067,1.029,16.576252,0.002923,18.257729,0.021204,15.333886,0.004134,2.923842,,,1.476,1112.545,51.655,355.984,1.0,0.290544232036185,0.0011601086297746,0.0,0.0,0.0,,2.4148768079916825
0.0303,0.1965,-0.2204,17,58.01832823927,0.0946,21.76070503327,0.0568,63824901943723392,7.4085,0.1012,18.177,0.126,-44.523,0.075,0.971,17.552294,0.003007,19.531612,0.032099,16.224325,0.004862,3.307287,,,1.547,901.311,33.954,272.639,1.0,0.1954615211666227,0.0015873086456627,0.0,0.0,0.0,,2.417702975106865
0.1074,0.2953,-0.3566,14,53.82823630612,0.1666,23.43898624598,0.1321,67793309988387456,7.3228,0.219,21.418,0.222,-45.143,0.168,1.014,18.356155,0.003379,20.617382,0.128052,16.992359,0.010062,3.625023,,,1.569,554.855,8.481,112.313,1.0,0.1403441992952938,0.0072515953622023,0.0,0.0106364537278628,0.0,,2.4180428391251305
0.0965,0.2406,-0.1967,17,58.26761880948,0.1415,21.8898080382,0.0892,63786625195137664,7.6949,0.1553,19.877,0.187,-47.958,0.118,1.066,17.904497,0.003076,19.982246,0.049289,16.527723,0.005972,3.454523,,,1.603,794.135,22.063,205.613,1.0,0.1717717435239479,0.0032495099723103,0.0,0.0077368777523328,0.0,,2.425548136529343
0.1517,-0.0594,-0.4373,16,59.58717248565,0.0374,24.08092060838,0.0235,65776736943479808,7.0581,0.0416,18.169,0.045,-43.158,0.031,1.035,7.197622,0.002781,7.197748,0.002845,7.163851,0.00284,0.033897,,,1.159,2857.868,1961.306,2040.337,1.0,2.356216078261993,0.0011175275445619,0.0,0.0,0.0,,2.445767419653722
0.3349,0.1795,0.019,15,54.02223934604,0.0549,25.35081711484,0.0459,69294010218010240,7.6355,0.0641,21.289,0.069,-46.61,0.059,0.938,16.418324,0.003106,18.085238,0.015317,15.159132,0.007501,2.926105,,,1.499,756.882,72.092,155.936,1.0,0.3111204097678328,0.0008468267318948,0.0,0.0,0.0,,2.4471563220424493
0.1391,0.1124,-0.3625,17,57.79406565213,0.0178,26.58748706099,0.0093,70426507196531456,7.0508,0.0188,18.034,0.021,-44.109,0.013,1.068,13.456802,0.002948,14.265801,0.005006,12.572135,0.003809,1.693666,4.47,3.18,1.295,1034.768,261.257,418.635,1.0,0.6285469952095568,0.0007600944712069,0.0,0.0,0.0,,2.4558097969088983
0.1699,0.1135,-0.075,17,57.9254692697,0.0228,21.66816142674,0.014,63730309584280960,7.1854,0.024,19.08,0.027,-43.606,0.018,1.598,11.271783,0.002837,11.710741,0.003275,10.658591,0.003012,1.05215,7.46,1.44,1.224,1606.067,633.056,957.387,1.0,0.9274218202656214,0.0008985407151514,0.0,0.0,0.0,,2.457155815602665
-0.1679,0.4183,-0.135,16,59.60482777443,0.0721,24.01612394193,0.0373,65775195052996608,7.5288,0.0762,19.665,0.093,-45.626,0.048,1.097,16.437164,0.002998,18.175772,0.018093,15.169003,0.004137,3.006768,,,1.5,917.937,60.735,355.474,1.0,0.3067692927084681,0.0020222346602129,0.0,0.0130290299842391,0.0,,2.462096130326787
0.2597,0.0349,-0.3073,17,57.77125635676,0.1328,26.61410783609,0.0833,70426782074435584,7.2547,0.1496,18.304,0.148,-43.63,0.112,1.092,17.665558,0.00297,19.591267,0.04089,16.332497,0.004948,3.25877,,,1.56,979.266,26.615,265.67,1.0,0.1897520229600296,0.0022052901225355,0.0,0.0,0.0,,2.466170049023361
0.0243,0.2012,-0.2151,15,53.74453624196,0.021,23.52995493153,0.015,67799189799869312,7.1289,0.0232,20.569,0.029,-43.264,0.02,1.153,8.786226,0.002768,8.964191,0.002819,8.465299,0.002831,0.498893,,,1.181,4042.634,2722.265,2254.005,1.0,1.5081186027496505,0.0007162661210224,0.0,0.0374454810126287,0.0,,2.4710254600679327
0.0588,0.0237,-0.0811,15,55.19923341453,0.1853,21.72258179642,0.13,64387439578878208,7.2794,0.1962,20.916,0.229,-45.342,0.163,1.051,18.169836,0.003574,20.107738,0.156543,16.783045,0.010309,3.324694,,,1.632,477.039,6.937,109.398,1.0,0.1569230441699734,0.0068324888132549,0.0,0.0181828837660929,0.0,,2.4752213823720686
0.3457,0.1382,0.1682,14,54.4223761736,0.1017,22.28847491567,0.0792,64574352259640192,7.4701,0.1163,20.243,0.132,-44.976,0.104,0.977,17.296213,0.003103,19.331161,0.043881,15.978157,0.005962,3.353004,,,1.529,760.975,24.793,206.056,1.0,0.2139037382109824,0.0007610901108575,0.0,0.0,0.0,,2.480200382094975
0.2571,0.2153,0.0725,15,53.98363478174,0.0294,25.36635664486,0.024,69294319455655808,7.411,0.0338,22.338,0.036,-45.527,0.03,1.054,15.154167,0.002905,16.507885,0.007087,14.005911,0.003949,2.501974,,,1.42,1181.353,166.659,388.505,1.0,0.4715640590766877,0.0004634789856926,0.0,0.0,0.0,,2.481834854244812
-0.2007,0.2511,-0.1112,15,57.20100053549,0.0606,21.41108489367,0.0414,63705433133130368,7.1881,0.0626,19.169,0.084,-43.504,0.053,1.017,16.604872,0.003109,18.351088,0.015435,15.345707,0.005158,3.005381,,,1.488,753.387,71.522,250.267,1.0,0.2857870088939302,0.0006943447972671,0.0,0.0,0.0,,2.4877467885515983
0.0252,0.0009,-0.3846,18,59.02430756115,0.015,22.43926478585,0.0089,65330099002345216,7.7701,0.0166,20.37,0.018,-47.364,0.012,0.991,12.854562,0.002884,13.591151,0.003873,12.013043,0.003476,1.578108,6.25,1.07,1.282,1275.535,404.27,523.556,1.0,0.706204771629475,0.002774809320695,0.1634252424466122,0.1705282454130857,0.2314133931289219,0.2414730985027142,2.4972342772119327
0.3057,0.1195,0.0201,16,56.53254973941,0.1738,21.34515875053,0.1332,63527827643105408,7.2691,0.1854,19.009,0.237,-45.064,0.176,0.955,18.731823,0.003747,20.768375,0.094859,17.319443,0.013054,3.448933,,,1.657,427.661,11.451,85.141,1.0,0.1145073503154667,0.013724185863538,0.0,0.0,0.0,,2.5048625752360425
0.0597,0.2377,-0.2901,16,59.39702269491,0.0409,22.98542158336,0.0226,65419434321982464,7.4853,0.0429,18.612,0.05,-45.579,0.029,1.08,15.45358,0.003037,16.929869,0.00753,14.259051,0.004485,2.670817,,,1.451,850.434,155.25,309.175,1.0,0.4298746354612116,0.0064466975758912,0.0,0.0828354380519292,0.0,,2.509590558766788
-0.0138,0.0691,0.1072,15,54.10151343002,0.0558,22.62359532437,0.0432,64597927335800064,7.1813,0.0617,21.298,0.083,-44.434,0.058,3.65,13.514972,0.002865,14.362784,0.003443,12.593035,0.003205,1.76975,3.88,1.69,1.316,1383.995,538.153,688.616,1.0,0.6193514334812085,0.0005810586020528,0.0,0.0,0.0,,2.5100182121894683
-0.0034,0.054,0.1147,15,54.10083921384,0.1221,22.62331331019,0.0954,64597927334523904,6.9769,0.1357,21.149,0.184,-44.064,0.13,1.105,16.522039,0.004331,17.912182,0.041532,15.036427,0.015225,2.875755,,,1.855,324.947,26.202,72.54,1.0,0.3196424894851329,0.0019510073034658,0.0,0.0,0.0,,2.5102052999491717
0.1605,0.2435,-0.2334,14,53.64827525954,0.1627,23.64528208335,0.1275,67988615037924096,7.5594,0.1863,20.43,0.231,-45.128,0.172,1.074,17.926485,0.003497,19.960243,0.060246,16.555113,0.006937,3.40513,,,1.6,504.337,18.041,170.964,1.0,0.1710331530502373,0.0033358348265167,0.0,0.0077368777523328,0.0,,2.524293615855571
0.0687,0.0736,-0.2584,15,55.60007912243,0.0173,21.47327752254,0.0129,64317998547641344,7.8774,0.0199,21.141,0.021,-47.936,0.015,1.095,9.712154,0.002769,9.986304,0.002859,9.27505,0.002815,0.711254,6.63,1.0,1.193,4011.105,1740.082,2923.938,1.0,1.2449118754162238,0.0007662756826804,0.0,0.0,0.0,,2.541606936548616
0.1983,0.1808,-0.1612,16,58.19032854954,0.0456,21.68868595206,0.0291,63773774653147904,7.2051,0.0511,17.875,0.059,-44.371,0.039,1.124,15.726802,0.002983,17.271751,0.008219,14.511881,0.003843,2.759871,,,1.464,950.749,140.448,410.877,1.0,0.3989870176050993,0.0038866764307254,0.0,0.0567458804372514,0.0,,2.5450176085846667
-0.136,0.2948,-0.2967,15,57.30516353501,0.1529,21.36675570098,0.0967,63692475216749312,7.2422,0.1671,19.927,0.219,-45.532,0.129,1.413,17.876696,0.00327,19.81909,0.085838,16.530403,0.009531,3.288687,,,1.576,616.431,12.655,119.135,1.0,0.1760861704579975,0.0028505687284113,0.0,0.0,0.0,,2.5459248723136882
0.1902,0.2723,0.0318,15,54.80510435416,0.0475,21.84305262973,0.0333,64313222543810560,7.2328,0.0534,19.988,0.056,-43.697,0.039,1.515,7.27141,0.002778,7.296544,0.002835,7.191399,0.003047,0.105145,,,1.162,3046.924,2173.698,886.68,1.0,2.2832895923562813,0.0189315801634626,0.6602852554831832,0.4445584033371211,0.2891815640440904,0.1947156039000641,2.5633417809089942
0.3005,0.2122,0.1404,13,59.73477833002,0.108,24.30881945455,0.0916,66167411464494848,7.4011,0.1216,19.818,0.141,-44.953,0.119,0.873,17.601048,0.003766,,,,,,,,,422.819,,,1.0,2.130171016914796,1.49876799109203,0.8812907498600012,1.1868713227726395,0.4137183084653957,0.6286277428740963,2.57322221039201
0.1064,0.0325,-0.1738,18,59.73520427824,0.0637,24.30879712455,0.042,66167205308371328,7.6147,0.0693,19.869,0.081,-46.53,0.052,1.468,16.356625,0.003044,17.987978,0.015649,15.00555,0.014657,2.982428,,,1.622,839.296,70.512,75.455,1.0,0.3245292030007378,0.0014377878160503,0.0,0.0106564903276841,0.0,,2.573573228189131
-0.0524,0.3652,-0.2724,15,59.429110157,0.0757,25.38507611014,0.0383,67054305033161344,7.5098,0.086,19.256,0.094,-45.628,0.052,1.127,16.526533,0.00314,18.253506,0.021549,15.259408,0.005817,2.994098,,,1.5,721.207,50.813,212.715,1.0,0.2959505966801596,0.0008345803253007,0.0,0.0,0.0,,2.5781421878234507
0.1907,0.1514,-0.2215,17,57.40940394343,0.0461,26.85143507931,0.0303,70493268167993984,7.3612,0.0513,19.599,0.056,-45.509,0.04,1.073,16.096619,0.002979,17.713236,0.012054,14.864273,0.004126,2.848963,,,1.473,957.68,92.591,357.233,1.0,0.3529223632551467,0.0007877767209736,0.0,0.0,0.0,,2.583564675726408
0.0229,0.0473,-0.0696,16,53.88216141528,0.0171,22.82338338603,0.0132,67618285777617664,7.5657,0.0186,21.394,0.023,-45.467,0.016,1.15,9.733864,0.002779,10.003591,0.002856,9.30285,0.00283,0.700741,5.72,0.45,1.192,2990.524,1787.172,2301.086,1.0,1.2395500232698435,0.0008906119111751,0.0,0.0,0.0,,2.5839762141664164
0.0023,-0.1896,0.0075,12,53.53056707846,0.0167,24.34424494913,0.0143,68097020012324352,7.4014,0.018,21.591,0.028,-45.058,0.019,1.052,9.433693,0.002766,9.692336,0.002879,9.011402,0.002846,0.680934,6.07,0.72,1.193,4566.15,1527.532,1941.972,1.0,1.31550554901215,0.0012165162853799,0.0,0.1372370490018367,0.0,,2.5913312817376606
-0.0798,-0.1223,-0.0996,17,59.73770918945,0.0245,23.7085348448,0.015,65576011650237440,7.7008,0.0259,18.616,0.036,-47.115,0.019,1.073,14.56671,0.003125,15.778492,0.007121,13.470258,0.004472,2.308234,,,1.393,736.46,165.708,310.638,1.0,0.5249944547741421,0.0028534355724274,0.0,0.0933565741221503,0.0,,2.598518091775274
0.0252,0.0618,0.0732,15,56.38338265128,0.0266,21.24648035239,0.0201,63502259702709888,7.7846,0.0291,20.653,0.036,-47.762,0.026,1.043,7.728319,0.00278,7.80467,0.002894,7.562601,0.002826,0.242069,,,1.166,2927.492,1416.677,2421.499,1.0,1.9141572667721871,0.0185506408840483,1.124332168851963,0.0577620289075532,0.5873771128262133,0.0307084360756504,2.602000615671624
0.2099,-0.1875,-0.0209,16,56.2980682008,0.1919,21.24133832522,0.1421,63502745034164736,7.3358,0.213,20.366,0.264,-46.219,0.19,0.915,18.754845,0.003782,20.974667,0.119377,17.343483,0.010914,3.631184,,,1.638,419.133,9.098,102.903,1.0,0.1146946401787934,0.0130028626357859,0.0,0.0,0.0,,2.6136020107280733
0.0313,0.0919,-0.0144,15,56.00277227758,0.0149,21.28187233892,0.0106,63547270960574336,7.4521,0.0158,20.148,0.019,-46.02,0.013,1.133,12.420944,0.003335,13.031142,0.007754,11.669099,0.007161,1.362043,10.58,3.03,1.255,577.617,150.08,164.64,1.0,0.7571692249093577,0.0006850205820917,0.0,0.0230152961268289,0.0,,2.6163413079717497
-0.0097,0.1426,-0.3164,17,58.64505953991,0.0256,21.88371044607,0.0144,63795455648004608,7.3063,0.0262,18.871,0.034,-44.55,0.019,1.045,14.622399,0.002809,15.831817,0.004069,13.535269,0.003033,2.296548,,,1.384,1981.236,366.674,912.913,1.0,0.5220230070064195,0.0004924701866491,0.0,0.0134757338048868,0.0,,2.6202334727333256
0.0334,0.0551,-0.0657,18,59.8038758747,0.072,24.28830738829,0.0413,66161020555461120,6.8513,0.0757,16.742,0.09,-42.136,0.051,1.011,16.859692,0.003059,18.638969,0.017189,15.584092,0.004789,3.054877,,,1.504,816.89,64.012,278.913,1.0,0.2576586012294463,0.0012432900966824,0.0,0.0,0.0,,2.6292865468625912
0.0969,0.3025,-0.2109,16,57.46592514179,0.0282,21.30713086081,0.0161,63693785181958912,7.2676,0.0308,19.915,0.038,-44.13,0.021,1.211,14.509014,0.002846,15.859336,0.005031,13.360371,0.003221,2.498965,,,1.422,1522.115,259.353,674.822,1.0,0.4822706098700531,0.0111928102965054,0.4282449426770391,0.0206189541482523,0.8879764470665732,0.0474617082031054,2.630161394502294
0.0576,-0.1278,-0.2377,17,59.73398455446,0.0425,23.46476086931,0.0274,65553471661907328,7.2036,0.0473,17.905,0.059,-44.778,0.035,1.631,14.985798,0.00282,16.492205,0.004488,13.786908,0.003176,2.705297,,,1.451,1802.719,308.906,715.457,1.0,0.4186681836369746,0.0107323238188833,0.3770228597538058,0.0156155015505815,0.9005290454091937,0.0438638842007227,2.6371358189855996
-0.0087,0.1166,-0.1271,17,59.04641371219,0.0192,22.22098311857,0.0133,65309100904545280,7.6448,0.0202,21.68,0.025,-46.554,0.017,1.091,11.319914,0.002797,11.763476,0.002982,10.694428,0.002951,1.069048,7.44,0.52,1.231,2257.797,1031.286,1131.603,1.0,0.9195587437650125,0.0008365717396319,0.0,0.0337201458156554,0.0,,2.637158785399563
0.204,0.2103,0.0479,16,55.45026051976,0.0345,26.78898039284,0.025,71078483230315520,7.1222,0.0399,19.994,0.041,-42.887,0.031,1.019,15.581441,0.002922,17.024462,0.007802,14.404604,0.003938,2.619858,,,1.436,1116.27,149.009,390.745,1.0,0.420919198009736,0.0005532405202049,0.0,0.0,0.0,,2.637625244633349
0.2327,0.2097,-0.0769,15,55.55263764669,0.0673,26.82903456556,0.0521,71079441007018880,7.141,0.0851,19.358,0.079,-43.628,0.06,1.146,16.544268,0.002918,18.441143,0.019141,15.227144,0.004518,3.213999,,,1.542,1128.807,57.337,305.578,1.0,0.265077707662257,0.0086296222370748,0.1488812877336416,0.0156686344449406,0.561651483433437,0.0618730166404685,2.6417830891621
0.1955,0.1146,-0.0941,17,58.10251694951,0.0301,21.50610914348,0.0176,63677326867342464,7.4729,0.0323,19.853,0.035,-44.942,0.023,1.07,15.199719,0.002878,16.626724,0.007332,14.028138,0.003334,2.598586,,,1.433,1306.132,160.14,594.845,1.0,0.4508743360167835,0.0074074563820135,0.1900371463570882,0.0687706271846043,0.4214858358006302,0.1526843659851802,2.6535496664241545
0.085,0.2694,0.0084,15,53.95961574333,0.0436,25.70558993857,0.0288,69409424578948608,7.4204,0.0497,21.815,0.053,-46.014,0.038,1.026,15.84586,0.003038,17.43449,0.012554,14.623628,0.004113,2.810863,,,1.465,847.801,88.707,359.303,1.0,0.3807795856439576,0.005768623848838,0.0,0.0659034834710642,0.0,,2.655809121903563
0.0529,0.0321,-0.3681,16,59.62918552418,0.0984,23.07005302935,0.0658,65467778474649856,7.5443,0.1098,17.93,0.127,-45.94,0.088,1.047,17.431618,0.003003,19.526354,0.034968,16.095354,0.004441,3.431,,,1.547,909.652,31.148,314.247,1.0,0.2024593102627395,0.0012205041731138,0.0,0.0,0.0,,2.659579059654799
0.1737,0.1454,-0.047,16,56.02056349332,0.0927,26.96946450922,0.0621,70356580830628864,7.5268,0.0992,20.589,0.133,-45.553,0.083,0.955,17.315113,0.003054,19.266893,0.025,16.001133,0.005168,3.26576,,,1.532,824.494,43.703,249.595,1.0,0.2132786547278648,0.0012631107448361,0.0,0.0,0.0,,2.6627124768414174
0.15,0.038,-0.1371,14,56.01050989862,0.0826,21.22094570696,0.0602,63546038305742720,6.9845,0.0937,19.85,0.107,-43.697,0.077,1.042,16.905661,0.003004,18.72578,0.020902,15.620247,0.004614,3.105534,,,1.511,906.93,52.413,295.41,1.0,0.2517615286270826,0.0010729410243677,0.0,0.0,0.0,,2.6693227795173855
0.1028,0.3633,0.161,14,53.50763487452,0.0195,24.88070575165,0.013,69250235911393408,7.189,0.0215,21.299,0.024,-44.656,0.016,1.266,10.720195,0.002972,11.085978,0.00471,10.186197,0.004045,0.89978,3.27,2.02,1.206,974.242,286.085,370.658,1.0,1.0269596816883946,0.0008908523548502,0.0,0.0,0.0,,2.6912113173686047
-0.0391,0.0041,-0.1939,17,59.8291753383,0.0647,23.52319566705,0.0404,65552681387907200,7.5362,0.0689,19.106,0.095,-46.421,0.053,1.037,16.760855,0.002896,18.542149,0.018775,15.477258,0.004707,3.064891,,,1.514,1217.018,58.479,286.365,1.0,0.2686638716495094,0.000858346027554,0.0,0.0,0.0,,2.7031627182220213
0.1062,0.0741,-0.3173,17,57.5268298328,0.0679,26.97174736066,0.0431,70495707709395584,7.5199,0.0756,19.552,0.082,-45.636,0.057,1.006,16.917927,0.003051,18.702915,0.020834,15.639234,0.004128,3.063682,,,1.507,829.049,52.588,356.828,1.0,0.251583443852011,0.001401211112759,0.0,0.0,0.0,,2.712289177026044
0.3807,0.1864,0.0383,16,53.93454089287,0.0393,22.45259124715,0.0311,64589062523316736,7.2074,0.0445,21.266,0.051,-43.372,0.039,1.052,15.706452,0.002837,17.19146,0.006565,14.519381,0.003124,2.672079,,,1.441,1604.999,182.702,772.423,1.0,0.4046964348986596,0.0005433112311607,0.0,0.0,0.0,,2.714314271718657
0.0354,0.225,-0.0964,16,55.91215268739,0.132,27.01689344109,0.0891,71108440625265280,7.5263,0.139,20.951,0.189,-45.775,0.128,1.036,17.830961,0.003222,19.914368,0.0506,16.463943,0.007214,3.450424,,,1.589,649.998,21.49,163.21,1.0,0.1762806601142942,0.0019892933918151,0.0,0.0,0.0,,2.7232119964478305
0.3478,0.2563,0.1023,16,53.94345184681,0.1037,22.4137123902,0.0847,64588753286083328,7.1662,0.1221,20.767,0.138,-44.558,0.108,0.898,17.406027,0.00311,19.306372,0.040793,16.079565,0.004598,3.226807,,,1.554,752.824,26.678,297.074,1.0,0.2079202870803363,0.0019111634767289,0.0,0.0,0.0,,2.726051947226786
-0.1763,0.2322,-0.1795,17,59.77636182131,0.042,25.05540190718,0.0226,66280248847432192,7.6259,0.0424,18.173,0.056,-47.273,0.03,1.18,15.346905,0.002884,16.878441,0.006835,14.146956,0.003408,2.731484,,,1.448,1275.957,174.006,555.023,1.0,0.4163069335241085,0.0084040310842628,0.2417834842968818,0.0252328063031543,0.5807817858091956,0.0617345961945522,2.735462497359148
0.1792,-0.0505,-0.1861,16,58.17431918431,0.0802,26.76946175997,0.0631,70433241705178240,7.4364,0.0831,18.965,0.119,-47.621,0.087,1.03,17.110571,0.003039,18.988686,0.024551,15.808114,0.005407,3.180572,,,1.526,847.334,44.512,234.421,1.0,0.2320337854082102,0.0012183515291579,0.0,0.0,0.0,,2.7366605430824613
0.2441,0.0569,-0.2381,14,56.59306157075,0.2234,21.08876500812,0.1562,63507860340462208,7.6283,0.2664,20.472,0.276,-46.552,0.193,1.0,18.56016,0.003814,20.782875,0.106756,17.123377,0.011325,3.659498,,,1.675,411.73,10.174,98.921,1.0,0.1292842928396419,0.0099250946180041,0.0,0.0102412095134913,0.0,,2.7377751788828304
0.1701,0.3915,-0.0909,14,55.15764956916,0.088,21.40611667944,0.0595,64232271000313472,7.2226,0.107,19.849,0.114,-44.283,0.071,1.034,17.184954,0.003006,19.201212,0.046918,15.85756,0.004923,3.343652,,,1.543,902.726,23.182,267.692,1.0,0.2238567216586069,0.0011001863919695,0.0,0.0,0.0,,2.7462238589051573
0.1856,0.2068,0.1122,15,54.40714228125,0.0646,26.35099194708,0.0461,69502298951642496,7.7716,0.0727,22.014,0.077,-48.34,0.061,1.034,16.682117,0.002888,18.415359,0.024741,15.418863,0.004427,2.996496,,,1.494,1255.1,44.166,315.927,1.0,0.2780280539059875,0.0010429973253563,0.0,0.0,0.0,,2.7546493618397663
0.2066,0.0455,-0.2116,18,59.16859512505,0.1012,22.14614174195,0.0665,65304604076598784,7.3703,0.1119,19.018,0.128,-46.009,0.088,1.013,17.650377,0.003067,19.738798,0.085831,16.307512,0.004974,3.431286,,,1.556,805.534,12.656,263.666,1.0,0.1873289796037902,0.0013259583909274,0.0,0.0,0.0,,2.75956355372211
0.1969,0.4062,-0.0375,15,55.8113029891,0.0146,21.15257986215,0.0104,63547378335443200,7.7079,0.0167,21.818,0.02,-47.007,0.012,1.109,12.29592,0.00292,12.8916,0.004474,11.55974,0.003753,1.33186,5.65,1.34,1.248,1122.552,310.387,432.641,1.0,0.7732573295381784,0.0005714313325088,0.0,0.0,0.0,,2.767655348568644
0.3233,-0.0118,-0.1024,17,58.2422548018,0.0477,21.42400112425,0.0319,63661521387693824,7.43,0.05,18.877,0.057,-45.56,0.042,1.063,16.022692,0.003486,17.730389,0.013503,14.765992,0.006843,2.964396,,,1.49,508.547,82.179,173.75,1.0,0.3342280429685166,0.0083486549621486,0.1717161772726141,0.0204723716665709,0.513769508230012,0.0625826667239215,2.777135057785189
0.2116,-0.0333,-0.2796,17,58.14931470541,0.0631,21.35627270811,0.0395,63662311661690880,7.0027,0.0706,18.372,0.079,-42.432,0.054,1.005,16.772198,0.00308,18.564417,0.017836,15.493199,0.004896,3.071218,,,1.506,788.874,61.631,269.838,1.0,0.2668901415934858,0.0008583363345916,0.0,0.0,0.0,,2.7952595486008467
-0.1213,0.1862,-0.2594,16,59.98542187692,0.2121,23.67080000074,0.1152,65561099523771264,7.3136,0.2019,17.376,0.272,-44.276,0.154,1.003,18.422298,0.003316,20.46339,0.13772,17.015406,0.00901,3.447985,,,1.649,588.289,7.885,126.732,1.0,0.1380651268172303,0.009608147207629,0.0,0.0166899355516495,0.0,,2.8076213352912833
-0.1519,0.0884,-0.2285,16,59.99654739928,0.1095,23.68450241351,0.0598,65561473183104640,7.4172,0.1063,18.238,0.149,-44.875,0.079,1.041,17.376736,0.003164,19.306112,0.032023,16.073645,0.004326,3.232468,,,1.52,697.951,34.035,328.381,1.0,0.2087625031310898,0.0017569962624514,0.0,0.0,0.0,,2.8095854158840927
0.127,0.0781,-0.0153,15,53.58075523166,0.166,22.81159964335,0.1228,67662330666441088,7.2572,0.1808,20.55,0.21,-44.179,0.158,0.978,18.379122,0.003409,20.521152,0.132191,17.002039,0.010954,3.519114,,,1.597,540.984,8.215,102.501,1.0,0.1395836005173978,0.0086952569588307,0.0,0.0110006079172563,0.0,,2.814950946776824
0.219,-0.0502,-0.409,18,60.03762711608,0.074,24.05693100136,0.0484,65963348980559616,7.8213,0.0891,19.043,0.085,-48.457,0.062,1.008,17.04558,0.002901,18.836628,0.024937,15.762746,0.004592,3.073882,,,1.511,1196.028,43.815,297.714,1.0,0.2400524477071197,0.0014931412384884,0.0,0.0,0.0,,2.820186365663193
0.0282,0.1623,-0.1979,16,59.64248660782,0.1051,22.66961763048,0.0567,65349684053273600,7.4369,0.106,19.167,0.139,-45.363,0.073,1.077,17.253536,0.003065,19.246073,0.034697,15.942219,0.005097,3.303854,,,1.524,809.045,31.394,254.566,1.0,0.2176769649486754,0.0008810481072694,0.0,0.0,0.0,,2.8204927079215625
-0.1866,-0.2299,0.2857,13,53.55617770253,0.0713,25.4235798635,0.0576,69351219182301184,7.3596,0.0789,20.972,0.115,-45.559,0.087,1.029,16.92915,0.003002,18.724829,0.035029,15.63162,0.004742,3.093208,,,1.529,911.784,31.094,283.171,1.0,0.2504600867147351,0.0011855737878917,0.0,0.0,0.0,,2.8214123357509644
0.2493,-0.0226,-0.2485,18,59.86478039091,0.0149,23.12358794122,0.0097,65471729844532864,7.4163,0.0163,19.566,0.018,-44.97,0.012,1.011,12.829326,0.003098,13.534286,0.006047,12.004468,0.004588,1.529818,8.68,10.68,1.279,766.338,202.395,298.087,1.0,0.7118807230536056,0.0006574343901186,0.0,0.0279952599346804,0.0,,2.8281277032333194
0.3341,0.1386,-0.0438,15,55.48542356522,0.0756,27.04930066773,0.055,71100404743364992,7.6327,0.0902,21.174,0.09,-47.082,0.07,1.061,16.844255,0.003018,18.596922,0.022614,15.583213,0.005123,3.013709,,,1.489,881.434,48.382,252.736,1.0,0.2599991544147328,0.0015021466543683,0.0,0.0,0.0,,2.848693657038422
0.0684,0.1715,-0.1478,15,54.62432671281,0.0144,21.5648840665,0.0099,64276315888567424,7.3787,0.0156,19.53,0.018,-45.211,0.013,1.144,12.370164,0.00307,12.980099,0.006053,11.628508,0.004485,1.351591,6.55,2.28,1.247,801.998,202.146,309.171,1.0,0.7633627334668277,0.0006817655279279,0.0,0.0243909301113267,0.0,,2.857584529375063
0.0626,0.068,-0.0719,15,53.45758590718,0.0791,22.93866437032,0.0559,67667935599570432,7.2768,0.0816,20.6,0.1,-44.495,0.073,0.967,17.201229,0.002987,18.974302,0.022365,15.937686,0.005203,3.036616,,,1.489,940.718,48.927,247.25,1.0,0.2265175114827236,0.002089121584846,0.0,0.0,0.0,,2.8576902755210605
-0.0536,0.0999,0.1941,13,54.82633071571,0.018,26.79321943009,0.0121,71042439864623104,7.4071,0.019,20.263,0.023,-45.497,0.016,1.161,13.478973,0.003083,14.311723,0.006568,12.58259,0.004762,1.729133,8.23,7.38,1.298,784.422,182.598,281.39,1.0,0.6243381584532475,0.0005851298145054,0.0,0.0,0.0,,2.8708082818260583
0.3804,0.048,-0.1382,14,55.47107818959,0.0827,27.07846998059,0.0545,71103428400426368,7.4039,0.0969,20.291,0.096,-45.684,0.074,1.043,16.893152,0.00312,18.745127,0.030258,15.606235,0.005389,3.138892,,,1.509,742.129,36.037,235.465,1.0,0.2525872439186347,0.0007943438394487,0.0,0.0,0.0,,2.87758517974827
-0.0691,0.0396,0.2493,13,54.81489397592,0.128,26.80090721475,0.089,71042641727187968,7.7896,0.1378,21.602,0.163,-48.274,0.117,0.819,17.542894,0.003305,19.491276,0.033961,16.198095,0.006927,3.29318,,,1.573,594.761,32.078,171.256,1.0,0.1968653753558275,0.0016731114906925,0.0,0.0,0.0,,2.8816380337163006
0.1395,0.5047,-0.0243,14,55.77398249072,0.0794,21.0302197256,0.0587,63449521800719488,7.7122,0.1021,19.369,0.119,-46.283,0.072,0.985,17.138874,0.00298,19.031832,0.025854,15.843201,0.005403,3.188631,,,1.515,957.243,42.241,234.662,1.0,0.2288750309993549,0.0011658789873639,0.0,0.0,0.0,,2.883313329693696
0.1675,0.2786,0.0209,16,55.20586316079,0.053,21.21523008243,0.0386,64215125490886656,7.3874,0.0603,20.563,0.069,-43.769,0.048,0.997,16.56197,0.003021,18.347271,0.016891,15.282515,0.003971,3.064756,,,1.508,875.602,65.173,384.346,1.0,0.289656587326063,0.0026091183671448,0.0,0.0138219940694697,0.0,,2.8852369155646946
0.2408,0.0742,-0.0133,15,54.40012598188,0.0224,26.54668044544,0.0156,71021927100882560,7.4326,0.0255,20.967,0.026,-45.686,0.02,1.152,14.186597,0.002892,15.280375,0.004385,13.142597,0.003351,2.137777,,,1.366,1238.018,320.906,585.194,1.0,0.5575763678381391,0.0016462955200808,0.0,0.0819039049453407,0.0,,2.892284062678645
-0.0013,0.3026,-0.0991,15,54.76463876832,0.0638,21.42208398596,0.0467,64259518272776576,7.5518,0.071,21.51,0.092,-45.627,0.061,0.977,16.800209,0.003043,18.658724,0.019303,15.517677,0.004268,3.141047,,,1.503,840.8,56.843,336.136,1.0,0.2628298154624616,0.0014672662312491,0.0,0.0,0.0,,2.8982727512825317
0.1533,0.2968,-0.0674,15,56.16601868535,0.195,20.91161707072,0.1386,63478654562505344,7.5381,0.2286,20.599,0.27,-47.922,0.171,1.014,18.372377,0.003555,20.486925,0.179356,16.984026,0.013401,3.502899,,,1.615,483.206,6.054,82.833,1.0,0.1402242175989809,0.0089156189165827,0.0,0.0151345490293095,0.0,,2.9240087239348016
0.1014,0.3335,0.0135,15,53.17636721374,0.0646,23.56656052165,0.0488,67998201404864896,7.3082,0.0761,20.55,0.097,-44.626,0.065,1.02,16.642281,0.00294,18.496355,0.019571,15.344315,0.003585,3.15204,,,1.523,1057.889,56.051,482.362,1.0,0.2723870345539401,0.0069029905666788,0.0,0.0602125019988199,0.0,,2.92494305199407
0.0632,0.0046,-0.0937,14,56.58068261426,0.0201,20.87958872725,0.0137,63289920816208768,7.3648,0.0216,20.261,0.027,-44.15,0.019,1.203,11.310213,0.002852,11.751647,0.003458,10.709587,0.003147,1.04206,8.39,0.68,1.215,1470.917,531.691,745.58,1.0,0.9200822626829503,0.0007326882558836,0.0,0.0,0.0,,2.9270327223518957
0.072,0.2121,-0.1596,16,57.4600078879,0.0506,20.96651689252,0.032,63632178171114624,7.4354,0.0562,19.641,0.061,-45.235,0.04,0.99,16.383282,0.002871,18.082399,0.014184,15.130301,0.003764,2.952098,,,1.486,1346.706,78.069,429.846,1.0,0.3146404294114616,0.0007255447934576,0.0,0.0,0.0,,2.929193875519674
0.1087,0.3153,-0.1503,15,57.81933478425,0.0597,21.05953477169,0.0315,63627264728628224,7.3392,0.0661,19.479,0.083,-44.729,0.042,0.992,16.346361,0.002902,18.020565,0.020747,15.089913,0.003646,2.930652,,,1.494,1189.824,52.812,462.729,1.0,0.3201898395226227,0.0007418082861818,0.0,0.0,0.0,,2.9343935192732555
0.189,0.1297,-0.2412,18,58.76511398735,0.1049,21.5192294329,0.0631,51750748145042176,7.7824,0.1163,20.838,0.133,-49.024,0.083,0.994,17.599648,0.002948,19.599949,0.057895,16.282061,0.005492,3.317888,,,1.532,1036.327,18.775,229.529,1.0,0.1917312057750963,0.0018103285559016,0.0,0.0,0.0,,2.943736744258592
0.0055,0.0011,-0.1511,17,60.10899434708,0.0496,23.43803403904,0.0311,65506467539939584,7.3829,0.0527,17.787,0.072,-45.609,0.041,1.083,16.037605,0.002957,17.859928,0.015845,14.751467,0.004196,3.108461,,,1.512,1011.559,69.609,346.379,1.0,0.2823903932633357,0.0111601918075552,0.2444271581744546,0.0135204289863719,0.8655647076015103,0.0588430429801677,2.9476112846146765
0.1059,0.0913,-0.3712,17,59.45576360636,0.193,22.14179098009,0.1278,53296592774129920,7.3735,0.2283,19.269,0.227,-47.208,0.156,1.032,18.540195,0.003338,20.786379,0.117072,17.131638,0.008388,3.654741,,,1.632,576.024,9.277,137.262,1.0,0.1297484690778737,0.0097965038842146,0.0,0.0102412095134913,0.0,,2.9499429187101778
0.0851,0.0634,-0.2744,15,58.61605936197,0.02,21.38953569124,0.0124,51742471745296768,7.5224,0.0218,19.086,0.028,-47.243,0.017,1.472,10.765944,0.002878,11.139266,0.004008,10.224359,0.003389,0.914907,7.49,0.57,1.207,1304.43,377.319,564.657,1.0,1.0179153378816728,0.0009145876432647,0.0,0.0290554761451886,0.0,,2.963198135677055
-0.3413,-0.0496,0.2284,14,53.1576341333,0.083,23.43291729438,0.0631,67899520235887616,7.3262,0.0903,21.098,0.143,-44.376,0.091,1.042,17.188633,0.003175,19.1299,0.034561,15.888532,0.004954,3.241368,,,1.515,687.788,31.518,265.26,1.0,0.2233548893695115,0.0009982543078745,0.0,0.0,0.0,,2.9674901999316767
0.3022,0.1101,-0.0467,15,55.38995793568,0.1224,27.1637953445,0.0848,71151841271691904,7.5655,0.1402,20.869,0.146,-46.43,0.111,1.086,17.398544,0.003106,19.449278,0.062393,16.016985,0.006694,3.432293,,,1.612,756.81,17.419,178.449,1.0,0.2073540135721188,0.0012206643154936,0.0,0.0,0.0,,2.9730333387343886
0.0355,0.2176,-0.2428,15,60.21057974933,0.2469,23.73126048947,0.1295,65937712317870592,7.1795,0.2823,17.86,0.27,-43.498,0.162,1.005,18.609381,0.00332,21.168388,0.149528,17.116999,0.011172,4.05139,,,1.733,586.432,7.262,100.366,1.0,0.1310565753748683,0.0064261337755666,0.0,0.0,0.0,,2.9858445622330922
-0.1458,0.053,-0.1341,15,60.16778031372,0.089,23.44816967273,0.0524,65507807569730304,7.8264,0.0932,18.444,0.132,-48.228,0.067,1.045,16.982033,0.002927,19.009371,0.02969,15.656887,0.003873,3.352484,,,1.539,1098.849,36.732,404.18,1.0,0.2294105174274535,0.0065958354022794,0.0,0.0577681974815202,0.0,,2.9935856072967204
0.3148,-0.0069,-0.3289,17,59.57270277017,0.3169,22.19783955728,0.2435,53298521216558976,6.8349,0.3603,18.439,0.425,-44.997,0.315,1.533,18.851593,0.005308,21.04055,0.148166,17.251047,0.009872,3.789503,,,1.935,239.303,7.329,114.652,1.0,0.1179928671643654,0.0117076678384269,0.0,0.0,0.0,,2.998483419180394
-0.1486,0.1242,-0.1809,15,59.77944268358,0.0967,22.46327548322,0.0531,53332571717238400,7.0541,0.0969,17.14,0.133,-42.425,0.069,1.193,16.882849,0.002997,18.903868,0.032947,15.530801,0.004385,3.373067,,,1.575,921.817,33.073,320.97,1.0,0.2296134138196154,0.0084356200690363,0.1320445137178907,0.0224546715337004,0.5750731698176181,0.1000495146714144,3.012041784321861
-0.13,0.1632,-0.2648,16,59.84548312184,0.0202,22.57116993056,0.0106,53335045618385536,7.5057,0.0195,17.953,0.026,-45.482,0.014,1.032,13.755472,0.002965,14.696286,0.00534,12.791234,0.003938,1.905052,,,1.328,991.904,238.454,390.703,1.0,0.5958990182937134,0.0004398785369652,0.0,0.0,0.0,,3.013142780825312
0.0781,0.2059,0.0452,13,54.61606337251,0.0954,26.85693179712,0.0654,71056252479453056,7.1382,0.0967,20.12,0.127,-45.025,0.087,1.079,16.937929,0.00305,18.805096,0.023012,15.645228,0.003697,3.159867,,,1.514,830.644,47.531,447.696,1.0,0.2479087209094791,0.000732709837089,0.0,0.0,0.0,,3.013898629566426
0.1406,-0.1232,-0.032,15,57.04765896591,0.1502,20.77829890921,0.1158,63250162302240384,6.8652,0.1658,20.052,0.199,-44.5,0.146,2.969,16.384956,0.005833,18.121758,0.01493,15.00079,0.003584,3.120968,,,1.653,211.162,74.028,482.637,1.0,0.2937388187768493,0.007667880617627,0.1530462578021271,0.0171195781011805,0.5210283694862781,0.0598476384747538,3.037854760554989
0.0307,0.0988,-0.1814,17,60.3004121332,0.0423,23.90346347835,0.0251,65945997312877952,7.2735,0.0455,17.885,0.05,-44.831,0.031,1.043,15.830249,0.00283,17.609398,0.007426,14.563474,0.003198,3.045924,,,1.493,1677.714,157.775,694.496,1.0,0.305056767707905,0.0104706800212844,0.2686744232358017,0.012615930673161,0.8807358225635573,0.0512267484635866,3.0398371816196086
0.2584,0.2752,-0.0025,14,53.68502739174,0.016,26.09579541395,0.0122,69485978075890176,6.934,0.017,19.88,0.021,-42.217,0.016,0.982,12.876896,0.004621,13.545222,0.013452,12.089619,0.011541,1.455604,5.07,1.4,1.261,292.639,82.508,96.951,1.0,0.7075793737548247,0.0006635216858972,0.0,0.0,0.0,,3.0406598904746267
0.2731,0.4906,0.0729,13,53.00208374667,0.0166,23.77463246023,0.0127,68051390279853824,7.279,0.0219,21.203,0.024,-43.691,0.017,1.069,13.306072,0.002924,14.098605,0.00456,12.434976,0.003738,1.66363,,,1.288,1108.277,300.985,436.581,1.0,0.6531349143535732,0.000604926750853,0.0,0.0,0.0,,3.045009694811148
0.0668,0.4587,0.0431,14,53.09406039266,0.2826,24.99282335823,0.2069,69313419173585792,7.8523,0.3334,21.561,0.39,-46.175,0.26,1.119,18.86689,0.004262,20.941463,0.23786,17.419666,0.01399,3.521797,,,1.704,333.853,4.565,79.202,1.0,0.109952070073066,0.0134262904675246,0.0,0.0,0.0,,3.0469727834776688
0.3032,0.0323,-0.0868,17,56.88147198034,0.2443,27.44946172105,0.1641,70761063671155072,6.9962,0.277,18.293,0.329,-42.885,0.222,0.955,18.859985,0.003764,21.021471,0.112567,17.420012,0.010433,3.60146,,,1.685,423.376,9.648,108.007,1.0,0.1110072539605336,0.0134195144721514,0.0,0.0,0.0,,3.0511173068263724
0.1541,0.152,-0.1126,16,53.72901924631,0.0315,22.07944691146,0.0253,64555694921236352,7.1905,0.0358,19.489,0.042,-43.01,0.032,1.112,15.064295,0.002913,16.373007,0.007358,13.928138,0.003455,2.444869,,,1.416,1149.495,159.472,532.815,1.0,0.4823537815807434,0.0005123540143564,0.0,0.0,0.0,,3.0561783510214973
0.0925,0.1342,-0.1536,18,59.01898059401,0.064,21.54496445922,0.0434,51761575759616000,7.4599,0.0691,19.328,0.084,-48.559,0.055,2.77,15.093677,0.002875,16.7255,0.006531,13.8393,0.00306,2.8862,,,1.498,1322.989,183.853,864.795,1.0,0.3955764462313537,0.0085270943323099,0.3687411630485841,0.0107628553184027,0.9321615747387676,0.0338236187906885,3.0591448946011814
-0.0143,0.3379,-0.0834,15,56.18698962051,0.021,20.74779526765,0.0147,63378981257953152,7.3589,0.0233,21.159,0.027,-43.033,0.017,1.121,8.633078,0.002781,8.814224,0.002978,8.302285,0.002881,0.511939,,,1.185,2866.814,1044.433,1515.056,1.0,1.5386978111965377,0.0110857839240516,0.8273890875337564,0.1340127642743681,0.5377203252731956,0.087181040490367,3.070367568987296
0.072,0.2578,0.0139,14,53.6731679913,0.1375,26.15743457709,0.1018,69486733990130048,7.3419,0.1462,21.292,0.184,-44.543,0.124,0.885,17.653664,0.003482,19.758694,0.071246,16.301975,0.008263,3.456718,,,1.566,509.921,15.251,139.6,1.0,0.1871727508558516,0.0011469430253596,0.0,0.0,0.0,,3.0809419884407014
0.035,0.2137,0.0227,14,54.45395435497,0.0605,26.86241472791,0.0428,71036358190950528,7.8408,0.0654,21.237,0.094,-47.646,0.061,0.993,16.516937,0.003395,18.266525,0.019966,15.247957,0.00557,3.018568,,,1.499,547.612,54.918,225.241,1.0,0.2968791650406728,0.0008830373603578,0.0,0.0,0.0,,3.0915582363188365
0.0596,0.0011,-0.0609,16,54.30138903002,0.0136,21.46795287013,0.0113,64272128296706432,7.4292,0.0151,21.396,0.018,-45.155,0.013,1.117,12.039249,0.002907,12.564841,0.004161,11.356697,0.003549,1.208144,,,1.236,1170.741,351.776,494.938,1.0,0.808167126189078,0.0007174267399807,0.0,0.0,0.0,,3.093819127275867
0.4865,0.0684,-0.0449,14,54.29996930889,0.078,26.77452362875,0.0764,71216093982249984,7.1417,0.0831,20.567,0.104,-43.831,0.095,1.282,16.334591,0.002932,18.170502,0.015433,15.038034,0.003505,3.132467,,,1.523,1084.391,71.529,511.751,1.0,0.2857242096093807,0.0076403431156593,0.1674303729641949,0.0146566133961276,0.5859859519537822,0.053636255676776,3.1040083156548026
-0.2285,0.2378,-0.3017,17,59.16155571518,0.0982,21.58550841575,0.0514,51760270089541504,7.1021,0.0893,18.149,0.13,-44.075,0.07,1.045,17.056017,0.002997,18.851414,0.05715,15.759974,0.004484,3.09144,,,1.528,920.588,19.021,309.362,1.0,0.2393532604045556,0.0014082285089897,0.0,0.0,0.0,,3.1082100268259882
0.0775,0.1012,-0.032,16,55.62382697122,0.0711,20.81089506245,0.0588,63391178965446656,7.54,0.0803,19.635,0.096,-46.746,0.073,1.055,16.432625,0.002926,18.158859,0.009124,15.141909,0.003264,3.016951,,,1.53,1102.821,124.983,640.755,1.0,0.3078324172829667,0.0030498559235632,0.0,0.0291343611225316,0.0,,3.1091667436590322
0.1134,0.1549,0.1065,16,53.03286449262,0.0465,23.23242622097,0.0345,67878663874731136,7.2193,0.0508,19.906,0.058,-42.531,0.042,1.06,16.109005,0.003323,17.726307,0.021061,14.876077,0.006059,2.85023,,,1.474,584.703,52.01,201.89,1.0,0.3512603336565053,0.0008103036719188,0.0,0.0,0.0,,3.110899125849612
0.0683,-0.0396,-0.0396,15,55.14725093305,0.0227,20.96555763383,0.0175,63436396380626688,7.6406,0.0251,21.392,0.032,-45.208,0.023,1.019,14.841508,0.003126,16.148449,0.009711,13.706804,0.00536,2.441645,,,1.415,735.802,116.726,237.265,1.0,0.4975422225159838,0.0052852986221632,0.1241600475908438,0.1103494231229584,0.2495467559777907,0.2218049041144888,3.1129086606706573
0.148,0.2774,0.0824,14,54.95066129652,0.0431,27.18935870192,0.0278,71161771235981312,7.3401,0.05,19.867,0.049,-44.063,0.037,1.018,15.792248,0.003339,17.337326,0.014424,14.587102,0.005631,2.750224,,,1.452,575.634,76.721,221.983,1.0,0.3923116701710329,0.0012435862675976,0.0,0.0144443133852203,0.0,,3.1345424454629613
0.0273,0.1347,0.1512,14,53.21437751932,0.1795,25.57929222655,0.13,69370941672125184,7.7538,0.1945,22.307,0.23,-45.869,0.17,12.214,13.381167,0.002991,14.233792,0.006723,12.466092,0.004033,1.7677,4.82,5.33,1.308,933.715,177.511,372.764,1.0,0.6372859581458382,0.0017465395088521,0.0,0.080886272483434,0.0,,3.1365612408752157
0.0409,-0.1335,0.0456,15,54.53675116931,0.0191,21.24679193918,0.0141,64250477365329536,7.5289,0.0202,20.791,0.026,-45.268,0.018,1.101,14.158587,0.003344,15.206373,0.007515,13.135921,0.005025,2.070452,,,1.356,573.056,155.591,259.777,1.0,0.5615178608589587,0.0004902859985266,0.0,0.0,0.0,,3.1373985261203856
-0.0246,0.272,-0.3001,15,60.36851441509,0.2477,23.51647236875,0.1356,65871501101936896,7.8391,0.2645,18.154,0.315,-46.271,0.173,0.966,18.780855,0.003446,21.135202,0.151407,17.266199,0.010796,3.869003,,,1.781,524.526,7.172,104.101,1.0,0.1216341758150035,0.0090949344632846,0.0,0.0,0.0,,3.1457055238145677
-0.0141,0.2514,-0.2862,17,58.04683041912,0.0659,20.87582287037,0.0436,51609980593783424,7.8083,0.0729,20.158,0.093,-47.181,0.059,1.064,16.612682,0.00292,18.399897,0.021437,15.337626,0.004658,3.062271,,,1.502,1124.464,51.083,291.087,1.0,0.2847622187549314,0.0014256319809198,0.0,0.0,0.0,,3.1563093111985716
0.1462,-0.0461,-0.0229,15,55.30497848572,0.0393,20.85435833179,0.032,63430967542044800,7.172,0.0436,22.127,0.054,-45.294,0.039,2.478,13.861654,0.002867,14.831813,0.003812,12.872124,0.002953,1.959689,8.76,4.87,1.344,1371.614,417.913,1123.245,1.0,0.5869520865367748,0.0007236808564673,0.0,0.0255559757717347,0.0,,3.1587278659128244
-0.0151,0.0783,-0.1968,15,57.72677710658,0.1616,27.43682679212,0.0914,70794396915576448,6.9703,0.169,17.972,0.235,-44.835,0.123,1.011,18.141165,0.003216,20.096697,0.066272,16.748142,0.008732,3.348555,,,1.638,654.339,16.398,131.217,1.0,0.1589905664017307,0.005902763087579,0.0,0.0149390677477595,0.0,,3.165532414495655
-0.0217,0.087,-0.1071,17,60.30838261208,0.0403,23.17485611565,0.0262,65486951208575488,7.1179,0.0428,17.746,0.056,-43.56,0.033,0.997,15.875267,0.003298,17.44845,0.009904,14.660801,0.005051,2.787649,,,1.459,599.236,114.255,257.834,1.0,0.3809404295817669,0.0015307695086293,0.0,0.0268576481357412,0.0,,3.168029369077173
0.1567,0.059,-0.0808,15,60.03406958175,0.2231,22.53350003401,0.1434,53416031520105088,7.028,0.234,18.422,0.281,-44.086,0.179,0.991,18.820351,0.004129,20.857849,0.12755,17.44709,0.015059,3.410759,,,1.602,353.01,8.514,73.37,1.0,0.1089229460349671,0.0136876034807181,0.0,0.0,0.0,,3.1700677873763903
0.0307,0.1301,-0.142,16,59.29092419571,0.0677,21.6074067716,0.0418,51765595848971648,7.2581,0.0716,18.316,0.102,-43.955,0.055,1.081,16.671072,0.003006,18.460726,0.022831,15.392765,0.005272,3.067961,,,1.506,903.222,47.915,242.732,1.0,0.2784268642406194,0.0007349065170561,0.0,0.0,0.0,,3.17110446277749
0.2197,-0.0691,0.0538,14,53.69813615825,0.0591,26.37028051117,0.0483,69704643451409792,7.4293,0.065,20.759,0.084,-45.311,0.067,1.023,16.654419,0.003084,18.35738,0.027904,15.405487,0.003618,2.951893,,,1.481,783.31,39.105,471.354,1.0,0.2816428619716886,0.0012232660746341,0.0,0.0,0.0,,3.1850816578311982
0.3658,0.2856,0.1032,15,52.79708332251,0.0956,24.2321631532,0.081,68828225308044288,7.6945,0.1053,22.441,0.12,-45.869,0.103,1.049,17.328482,0.003136,19.207443,0.025341,16.032202,0.005296,3.175241,,,1.518,725.012,43.107,241.22,1.0,0.2137208978496425,0.0018987643650605,0.0,0.0,0.0,,3.193575674554537
-0.0898,0.2676,-0.4541,15,60.48279665891,0.0634,24.73387201073,0.0336,66289044940711168,7.2567,0.0721,18.817,0.077,-42.236,0.044,0.985,16.339365,0.003049,18.070919,0.013211,15.05034,0.006364,3.020579,,,1.527,831.912,84.081,189.806,1.0,0.3119625899303511,0.0078083660298167,0.0,0.0654842987098349,0.0,,3.233376870436809
-0.2498,0.2093,-0.0102,16,59.31203677755,0.0428,21.51690519776,0.0261,51717114258148864,7.1631,0.0448,21.521,0.068,-42.463,0.035,1.174,15.670691,0.002821,17.164236,0.00953,14.445028,0.003527,2.719208,,,1.485,1796.079,119.151,503.433,1.0,0.409933717213519,0.0015661659058628,0.0,0.0257160229882485,0.0,,3.2430647889731494
-0.121,0.2245,-0.0887,16,59.31319556459,0.0185,21.5155809027,0.0107,51717114258149120,7.0456,0.0191,23.063,0.027,-42.578,0.014,1.062,11.490974,0.002769,11.962999,0.002858,10.858039,0.002809,1.10496,27.37,0.38,1.224,3913.148,1757.48,3348.492,1.0,0.8892966825283476,0.0007821956102634,0.0,0.0,0.0,,3.2444162905222145
0.2365,0.06,-0.4039,15,59.21518684477,0.0624,26.80722984338,0.0403,67527885307288192,7.3474,0.0759,18.485,0.073,-45.387,0.056,1.008,16.362728,0.00335,17.999723,0.016446,15.101884,0.006912,2.89784,,,1.505,569.763,66.989,171.704,1.0,0.3194456651493584,0.0008979360115278,0.0,0.0,0.0,,3.2446137666341124
0.0224,0.258,-0.2416,16,58.37032575933,0.0186,20.90716534012,0.0115,51619120284286976,7.3494,0.0197,19.219,0.026,-44.584,0.016,1.295,11.657691,0.003141,12.156913,0.006435,10.985731,0.004868,1.171182,-1.38,3.6,1.24,720.126,187.228,272.174,1.0,0.8636012424664993,0.0012354281463,0.0,0.1386812177022751,0.0,,3.2471256350178503
-0.0139,0.2807,-0.0779,18,58.99977541862,0.0824,26.9997742932,0.0493,67540495331120128,7.542,0.0905,19.043,0.1,-45.362,0.063,1.122,16.923477,0.002899,18.723431,0.021979,15.652442,0.003998,3.070989,,,1.495,1204.838,49.801,379.258,1.0,0.2500922539177991,0.0011403736812346,0.0,0.0,0.0,,3.27348442828184
0.1734,0.0962,0.0429,14,53.21412091084,0.0873,25.91562700985,0.0713,69573251811510912,7.0143,0.1008,20.159,0.105,-42.565,0.089,1.007,17.185129,0.003083,19.065592,0.031441,15.896445,0.005007,3.169147,,,1.508,784.445,34.67,261.121,1.0,0.224943183663699,0.0015218207873404,0.0,0.0,0.0,,3.2745777501080338
0.0717,0.2721,-0.0314,13,53.25165254176,0.0177,25.99584073468,0.0133,69575313395795584,7.4667,0.0219,21.27,0.02,-45.857,0.015,1.108,12.616145,0.00286,13.276678,0.004865,11.838497,0.003362,1.438181,1.93,1.25,1.256,1417.219,272.406,579.003,1.0,0.7340240382077138,0.0005993308640979,0.0,0.0166757572716089,0.0,,3.2848938292013474
0.2789,0.0377,-0.0186,15,54.29532259793,0.0829,21.20261253436,0.0679,58259414601023744,7.4969,0.0941,21.39,0.109,-44.707,0.091,1.009,17.220085,0.00331,19.133448,0.034267,15.93491,0.00536,3.198538,,,1.499,591.997,31.79,237.26,1.0,0.2212426005993523,0.0013800063637626,0.0,0.0,0.0,,3.288035962157761
0.1787,-0.1801,-0.2094,15,58.568140253,0.1345,20.92982058927,0.0882,51577476281360512,7.0195,0.147,18.827,0.185,-43.887,0.114,1.038,17.918812,0.003023,20.024887,0.071276,16.592676,0.006557,3.432211,,,1.532,872.493,15.245,182.984,1.0,0.1690174785332751,0.0031449975007062,0.0,0.0077368777523328,0.0,,3.3040563859585372
0.0092,0.3369,0.0704,13,52.79970469587,0.056,25.16485639371,0.0421,68956803745067520,7.6875,0.0648,21.456,0.073,-44.987,0.053,3.479,13.745739,0.002908,14.678923,0.005724,12.769683,0.004104,1.90924,,,1.341,1165.849,217.243,360.728,1.0,0.5972115284422119,0.0005782968641438,0.0,0.0162695723015601,0.0,,3.3223953740449277
0.0437,0.1856,-0.2084,16,58.42931576768,0.0192,20.83327996686,0.0116,51616268426009472,7.4811,0.0206,19.852,0.027,-45.522,0.015,0.98,13.973773,0.002869,14.969579,0.004492,12.978091,0.003468,1.991488,,,1.343,1355.724,308.455,527.063,1.0,0.5773139065741141,0.0005248838527282,0.0,0.0,0.0,,3.325535187573788
-0.004,-0.2459,0.0172,15,55.21285427174,0.1445,20.68798809054,0.1149,63410622280810368,7.5225,0.1603,19.556,0.218,-45.214,0.156,1.039,18.076988,0.00376,20.241133,0.071104,16.7227,0.010808,3.518433,,,1.564,424.447,15.281,103.98,1.0,0.1582865282268857,0.0043600854807198,0.0,0.0123933750678903,0.0,,3.326875088170344
0.3469,0.0763,-0.0656,13,54.61277310384,0.0291,27.27048534523,0.0279,71262410909499264,7.8424,0.036,21.259,0.04,-47.131,0.037,1.007,15.120753,0.002955,16.504841,0.005301,13.963917,0.003655,2.540924,,,1.424,1016.884,240.86,459.738,1.0,0.470657992227287,0.0049354252337703,0.0,0.0887542130503385,0.0,,3.331880101944631
0.118,0.3772,0.0718,14,52.81657763314,0.0279,25.25525753177,0.0205,69335619861034752,7.6523,0.0327,22.625,0.037,-46.757,0.025,0.915,8.088434,0.002777,8.194869,0.002883,7.874224,0.002833,0.320645,,,1.17,3161.686,1500.146,2216.972,1.0,1.7497077168898882,0.0122454597163205,0.9535892621065564,0.0689952957960661,0.5449991749488107,0.0396165102849902,3.333026534638525
0.6469,0.1748,-0.1932,9,52.81590985196,0.0698,25.25572344486,0.0576,69335619861034624,7.6652,0.0806,21.226,0.102,-47.293,0.083,2.12,12.944716,0.004017,,,,,,,,,371.517,,,1.0,2.130171016914796,1.49876799109203,0.8812907498600012,1.1868713227726395,0.4137183084653957,0.6286277428740963,3.333678207179032
-0.032,0.0599,-0.1159,17,60.4623398471,0.2091,22.98754147359,0.1361,53465573967635456,7.5544,0.231,19.072,0.287,-46.847,0.168,0.985,18.701077,0.00343,20.824198,0.076768,17.247227,0.008477,3.576971,,,1.709,531.544,14.153,135.631,1.0,0.1204746823776682,0.0118304640422933,0.0,0.0,0.0,,3.3353916553709624
0.041,-0.0425,0.1022,15,53.27437268603,0.0166,22.13404726063,0.014,61554650949438208,7.5943,0.0186,22.183,0.025,-45.975,0.019,1.044,11.206782,0.002934,11.619855,0.004458,10.620248,0.003823,0.999607,6.45,0.98,1.218,1075.468,312.279,415.529,1.0,0.9390262959847948,0.0007764590273338,0.0,0.0,0.0,,3.3414666513460465
-0.286,-0.1558,0.142,14,53.13743027013,0.0788,22.30325801554,0.0575,67576332537157888,7.2569,0.083,20.764,0.136,-43.597,0.081,0.9,17.068302,0.003083,18.920773,0.023167,15.782391,0.005056,3.138382,,,1.508,785.563,47.209,257.488,1.0,0.2359295562757587,0.001376978180121,0.0,0.0,0.0,,3.353627793761746
0.2173,-0.1238,-0.3891,16,60.41602110142,0.2549,22.79815912514,0.1587,53449635344328064,7.6982,0.3009,18.933,0.334,-46.756,0.21,1.02,18.985168,0.003774,21.225479,0.110623,17.567862,0.015285,3.657618,,,1.645,420.925,9.818,72.248,1.0,0.1162245877989841,0.003753112193642,0.0,0.0,0.0,,3.363352313070542
-0.0245,0.3065,-0.2098,17,59.09302532017,0.0438,21.12119347943,0.0258,51677669278703104,7.6025,0.0506,19.288,0.056,-46.823,0.033,1.091,15.828851,0.003035,17.406937,0.019405,14.609021,0.004625,2.797915,,,1.464,852.672,56.54,294.382,1.0,0.384714690335688,0.0044657836405427,0.0,0.0570095318384911,0.0,,3.399948951199409
-0.2907,0.292,0.0653,13,55.41170778873,0.037,27.68522168606,0.0218,71202831123254272,7.5196,0.0338,20.87,0.046,-46.256,0.028,1.093,14.819542,0.002819,16.198946,0.004771,13.666117,0.003123,2.532829,,,1.421,1829.16,280.582,773.812,1.0,0.4808252724908552,0.0064956668761833,0.2955290115754616,0.0291606570592033,0.614628698788045,0.0612128641643925,3.415936231853364
0.1466,-0.0319,-0.2641,17,59.70862006322,0.117,21.61455973166,0.0791,53206780715340032,7.7979,0.1282,18.773,0.148,-46.135,0.1,1.066,17.698153,0.003067,20.094475,0.064556,16.288429,0.005838,3.806046,,,1.622,805.409,16.834,211.72,1.0,0.1653791948333781,0.0111693843464621,0.0,0.059059492707433,0.0,,3.42086917775288
0.0442,0.2264,-0.2399,17,60.70828661508,0.0409,23.51060557359,0.0233,53864804065393536,7.1468,0.0455,17.656,0.05,-44.682,0.028,1.053,15.780696,0.002807,17.254316,0.007673,14.5944,0.003095,2.659916,,,1.442,2031.806,151.898,810.759,1.0,0.3960485650119914,0.0007828806058363,0.0,0.0,0.0,,3.4255663652738226
0.1199,0.2484,0.061,15,55.59862400565,0.058,27.76552285959,0.0421,71207710206088192,7.3478,0.0663,19.602,0.069,-44.52,0.053,1.276,15.927162,0.00294,17.537584,0.010073,14.678687,0.004131,2.858897,,,1.494,1058.06,112.181,356.417,1.0,0.3664509648527274,0.0078788512398183,0.0,0.0740304519939766,0.0,,3.4446662836735915
0.3461,0.4304,0.1259,13,52.44804976284,0.1206,24.2015296436,0.0844,68748751233818112,6.9947,0.1537,20.457,0.152,-42.627,0.108,0.968,17.639044,0.003145,19.664015,0.055781,16.314384,0.005736,3.34963,,,1.538,715.919,19.489,216.639,1.0,0.1889987488502876,0.0016905665772915,0.0,0.0,0.0,,3.4824532418885172
0.1899,0.0125,-0.2748,18,59.8722449431,0.1142,21.6654484465,0.076,53212205256173824,7.2081,0.1264,17.96,0.139,-43.035,0.095,1.05,17.86347,0.002995,19.836201,0.056727,16.542946,0.006327,3.293255,,,1.538,925.594,19.163,191.191,1.0,0.1758210568224498,0.002715462364908,0.0,0.0,0.0,,3.4951657950661876
0.2505,0.2548,0.1502,14,52.49486917295,0.0391,23.37163046519,0.0294,67920926352940032,7.236,0.0426,21.092,0.048,-44.162,0.038,1.003,15.754189,0.003693,17.412075,0.013615,14.509309,0.007273,2.902766,,,1.482,441.487,81.474,161.654,1.0,0.3586738139936162,0.0103029899158861,0.2145351010755093,0.0209881318404721,0.5981342732740665,0.060986225284047,3.5157538431763324
0.1723,0.0285,-0.2213,16,56.76592439376,0.0173,20.19568066936,0.0135,63102694601689728,7.7305,0.0201,21.45,0.021,-46.972,0.017,1.069,13.785254,0.003086,14.750725,0.005485,12.813434,0.004405,1.937291,,,1.328,780.921,229.913,318.576,1.0,0.5927778592544992,0.0006189230616727,0.0,0.0333314098896236,0.0,,3.549988121049296
0.2175,-0.1698,-0.3493,11,55.01294709502,0.0221,27.74031646414,0.0181,71371262561007232,7.2001,0.0235,20.793,0.031,-44.427,0.022,0.987,9.50426,0.002781,9.754754,0.002985,9.089918,0.002882,0.664836,4.45,2.78,1.192,2880.697,1024.147,1502.38,1.0,1.2970338210549517,0.0008439262348209,0.0,0.0,0.0,,3.5721449463625965
-0.0891,0.2583,-0.2477,17,59.59016692869,0.0233,21.25746893773,0.014,51694746068624128,7.3725,0.0242,17.664,0.032,-44.94,0.018,1.247,11.235501,0.002887,11.664006,0.003888,10.640917,0.003368,1.023089,7.8,0.56,1.217,1260.11,400.976,575.402,1.0,0.9334376002268228,0.000799525701653,0.0,0.0,0.0,,3.576218757616244
