Cluster,RA_ICRS,DE_ICRS,dist,e_dist,age,e_age,FeH,e_FeH,Av,e_Av,Nc,alpha_high_int,alpha_high_er_int,alpha_low_int,alpha_low_er_int,Mc_int,Mc_er_int,offset_int,offset_er_int,mass_total,e_mass_total,bin_frac,average_ratio,str_average_ratio,segr_ratio,segr_ratio_std,mass_seg,mass_seg_pval,bin_frac_05,n_members,rh,e_rh,t_relax,e_t_relax,tau,e_tau,bin_frac_corr,bin_frac_05_corr,n_systems,e_bin_frac,e_bin_frac_05
ASCC_10,51.9055,35.011,0.642,0.003,8.292,0.088,0.004,0.028,0.793,0.068,109,-1.35456,0.48142,1.25945,0.31552,-0.10962,0.06576,1.40198,0.09958,229,45,0.4587155963302752,0.51823,0.26538,1.53993,6.46874,0.34689,0.00332,0.2568807339449541,159.0,4.620835225892515,0.7684853895531584,51.50439541445623,13.80909263603292,3.80325729045677,1.2781630567259643,0.4770538696468246,0.26380814793177243,109,0.047727782958986685,0.052612010990986606
ASCC_105,295.5766,27.4244,0.552,0.002,8.117,0.053,-0.252,0.066,0.765,0.006,183,-1.60944,0.48663,0.85774,0.7519,-0.2,0.10014,1.46344,0.0994,304,60,0.7808988764044944,0.70889,0.21848,1.12542,5.59048,0.21638,0.05084,0.6348314606741573,327.0,4.367208272967956,0.5891684793963814,71.97247586765181,16.203968902771184,1.8190035943835363,0.465826852494724,0.699051871470025,0.5687334682592629,183,0.03779247744416307,0.05580748463560229
ASCC_107,297.1882,21.9844,0.847,0.008,7.652,0.359,0.253,0.187,1.463,0.204,108,-1.70302,0.30111,2.96674,0.39483,-0.16713,0.02491,1.34837,0.05922,409,81,0.7962962962962963,0.78835,0.22252,1.30286,3.00649,0.37446,0.00101,0.6574074074074074,194.0,2.217539343375912,0.2764582955329203,14.917878122106565,3.1566609712946945,3.0081046799017863,2.566760512386569,0.5231719603051358,0.3530268058378314,108,0.08848416616012542,0.09983776467885913
ASCC_108,298.4716,39.2269,1.157,0.003,8.241,0.071,-0.097,0.033,0.655,0.05,578,-2.09687,0.31721,1.99048,0.21577,-0.10409,0.02325,1.85483,0.05126,935,187,0.5508771929824562,0.59206,0.24218,1.04515,14.36767,0.11909,0.03634,0.3701754385964912,900.0,15.671585198727856,0.994455076906157,635.7463242720779,87.76978236776748,0.2739782845596412,0.0586254911319201,0.43850849000041475,0.24980707199350222,578,0.037622093977302144,0.06262168477675142
ASCC_11,53.0538,44.8967,0.826,0.005,8.443,0.194,-0.121,0.044,0.975,0.101,343,-2.03576,0.31698,1.91101,0.19597,-0.11307,0.02372,1.70787,0.05321,529,105,0.4912280701754385,0.60459,0.23087,1.26139,7.17919,0.13528,0.11318,0.3538011695906433,512.0,4.0710129080289965,0.3689007668057157,70.40830728639267,11.849712513767408,3.938910352397889,1.8802556817014413,0.4886348439258052,0.34339806714303756,343,0.02699330730393235,0.05266707034639218
ASCC_113,318.0091,38.6407,0.558,0.0,8.493,0.088,0.001,0.025,0.245,0.049,264,-1.07001,0.15283,1.64677,0.16999,-0.17986,0.02541,1.61565,0.02915,413,82,0.3984674329501915,0.54707,0.25176,1.22491,3.84242,0.17394,0.03741,0.2222222222222222,371.0,4.821042530072044,0.3654505893629758,79.20520469653174,11.955537137810872,3.9286765926914855,0.9926572421215308,0.5434876578365517,0.36602770790711564,264,0.050763875031245534,0.06617667412740205
ASCC_114,324.9969,53.9725,0.9,0.006,8.103,0.089,0.059,0.055,1.208,0.091,202,-1.88272,0.44541,1.77319,0.46454,-0.0781,0.04322,1.70778,0.09636,432,86,0.6767676767676768,0.72418,0.22917,1.63188,3.65671,0.36691,0.0,0.5606060606060606,340.0,2.9057061463490013,0.2888396023221471,33.79901322321326,6.05939508638202,3.750558803258842,1.0212040718541455,0.522699720469789,0.297781662080243,202,0.05452070978072389,0.08956712429694333
ASCC_115,329.2888,51.5256,0.747,0.003,8.308,0.187,0.049,0.063,0.907,0.09,66,-1.99703,0.3183,1.74194,0.21759,-0.03223,0.02622,1.41078,0.06483,140,28,0.5692307692307692,0.54377,0.22284,1.34019,2.9261,0.30138,0.07808,0.3846153846153846,104.0,3.24438038123677,0.3890995363847065,28.23482459597699,5.811326203424451,7.198050776011547,3.435246275495052,0.5669401722010019,0.3489829847867765,66,0.06095292527741786,0.05315377668611882
ASCC_12,72.4597,41.8028,1.014,0.012,8.496,0.318,-0.112,0.033,1.009,0.084,176,-2.16489,0.36861,2.08275,0.32005,-0.11315,0.02766,1.45514,0.05542,359,71,0.4431818181818182,0.65416,0.26551,0.9636,6.9973,0.30248,0.00148,0.3238636363636363,254.0,4.360444117660157,0.6503770437302471,54.131269850272666,13.24102892311157,5.788310034075076,4.468571623187028,0.5558194109131347,0.35365370015060466,176,0.04887018262895923,0.053211447089344804
ASCC_127,347.2824,64.9754,0.332,0.013,7.549,0.107,-0.005,0.044,0.575,0.055,185,-1.55944,0.42522,0.70514,0.31871,-0.2,0.08419,1.35808,0.10481,207,41,0.4277777777777777,0.65524,0.23954,1.04764,3.44143,0.17847,0.33502,0.2944444444444444,267.0,3.101229064452212,0.3702096870756908,44.46584981385906,9.0987990997857,0.7961105940071375,0.2549699860331292,0.5117309576630859,0.37450806060649283,185,0.04321368816505724,0.05702322394136999
ASCC_128,349.7955,54.3994,0.644,0.001,8.388,0.1,-0.052,0.055,0.681,0.069,124,-1.06111,0.31077,1.41577,0.35114,-0.2,0.05747,1.37322,0.06159,241,48,0.5163934426229508,0.54723,0.2516,1.59254,5.91828,0.54013,0.0,0.3032786885245901,189.0,5.915733329659688,0.8071262418606746,82.99270771239087,18.889037574509555,2.9441509019823986,0.95319666013112,0.5154291451919952,0.30725875404321423,124,0.04487718500736455,0.052612010990986606
ASCC_13,78.2872,44.4252,1.08,0.004,8.134,0.053,-0.12,0.05,0.882,0.049,293,-1.6535,0.21898,2.01464,0.25174,-0.1612,0.02454,1.58473,0.04307,576,115,0.6193771626297578,0.66179,0.25884,1.41437,10.89127,0.27317,7e-05,0.4498269896193771,476.0,11.842785247289362,0.8390411025885507,315.5695545705566,46.01166310552536,0.4314245980790751,0.0820298830592468,0.496570085537451,0.3399513030901214,293,0.04410156491629362,0.06052960735313146
ASCC_16,81.2316,1.6235,0.342,0.001,7.301,0.072,0.18,0.019,0.038,0.053,481,-1.92132,0.29318,0.73142,0.26905,-0.2,0.04743,1.58897,0.0682,441,88,0.3978947368421052,0.68666,0.2121,1.07665,2.38865,0.12508,0.43509,0.3263157894736842,676.0,2.804166321846322,0.2622124516688967,55.316958947943625,9.52162166380681,0.3615278040708505,0.0863992746903358,0.4329328424255284,0.3045867988353148,481,0.024207059310538487,0.05292612421884661
ASCC_21,82.1709,3.4393,0.339,0.0,7.011,0.035,-0.118,0.04,0.283,0.065,324,-1.01211,0.33296,0.01289,0.28135,-0.2,0.22471,1.46231,0.15549,367,73,0.2507936507936508,0.67624,0.2231,1.11475,2.08445,0.17204,0.17871,0.2095238095238095,412.0,3.1632762100415426,0.3577295241975696,48.57385287481284,9.551461505545694,0.2111530927749901,0.044872539975961,0.5616875967710098,0.39916235795270905,324,0.09145200571162512,0.07482805927166757
ASCC_23,94.9038,46.6552,0.604,0.001,8.489,0.084,-0.069,0.046,0.376,0.044,165,-2.48028,0.52298,1.47645,0.29169,-0.09926,0.03635,1.52865,0.08211,248,49,0.5182926829268293,0.60778,0.20757,1.1971,5.59729,0.22107,0.07295,0.4024390243902439,251.0,2.902844604651536,0.3137315044393874,35.048324875197444,6.653746267306795,8.796962369038159,2.384143726356824,0.6022360766793731,0.42711243248162234,165,0.045011831249079655,0.053036675373513704
ASCC_29,103.556,-1.6495,0.988,0.011,8.129,0.085,-0.077,0.025,0.245,0.023,83,-1.41007,0.31793,1.81771,0.38568,-0.15249,0.04727,1.29508,0.06739,183,36,0.4096385542168674,0.42954,0.28635,1.19496,2.22426,0.23036,0.19328,0.1927710843373494,117.0,2.3433113185584444,0.3151448885106135,16.531600693755156,3.7102307120353415,8.141137564279232,2.4243129620491874,0.5163732889463682,0.29508053164564846,83,0.06014894195224488,0.05928251429074025
ASCC_30,104.2999,-6.3039,1.054,0.014,8.284,0.061,-0.115,0.066,0.662,0.087,158,-1.41979,0.24605,2.05389,0.30804,-0.12818,0.03204,1.48195,0.05173,325,65,0.4038461538461538,0.62057,0.24829,1.40977,7.19653,0.25831,0.00975,0.25,223.0,6.735968650014217,1.0552513924179343,98.6818795508954,25.20153000008488,1.9487789831955145,0.5679883153010719,0.5418009163227848,0.3418046137968276,158,0.054757188303119805,0.05839362054087388
ASCC_41,116.5811,0.1407,0.292,0.0,8.0,0.0,-0.036,0.0,0.01,0.0,172,-2.11335,1.39517,0.05369,0.41894,-0.14519,0.15969,1.19448,0.16989,126,25,0.2339181286549707,0.63534,0.22267,1.04543,5.29042,0.29202,0.06808,0.175438596491228,213.0,2.8366607818373057,0.4018454724599143,41.79643374237283,9.801671203660886,2.3925486230807524,0.5610759780788364,0.38126255897903855,0.2728839424047671,172,0.052545056283316356,0.058601978343227806
ASCC_67,175.2573,-60.9841,1.878,0.051,7.933,0.054,0.122,0.062,0.826,0.032,379,-1.60191,0.27407,1.99674,0.2166,-0.04045,0.0276,1.89361,0.07108,869,173,0.5424657534246575,0.58768,0.27033,1.21626,5.69254,0.17306,0.01061,0.3342465753424657,591.0,8.894887862150073,0.4312759212121815,199.4169621646131,24.583849352004744,0.4297717886821025,0.0752505180192428,0.5106715860621669,0.3388433621132863,379,0.02712792763761909,0.052612010990986606
ASCC_71,185.0383,-67.4613,1.236,0.023,8.071,0.045,-0.069,0.079,1.001,0.065,179,-1.65611,0.28705,1.88024,0.23971,-0.08666,0.03114,1.52766,0.0673,432,86,0.4827586206896552,0.53279,0.23116,1.28177,5.43335,0.21352,0.02771,0.2758620689655172,268.0,3.987191733014404,0.527690782608349,45.00345945017592,9.994183189473858,2.616701000118788,0.6412468240085284,0.4915060183559434,0.2863350690900243,179,0.037349529387556375,0.052612010990986606
ASCC_77,212.7274,-62.3329,1.079,0.012,8.162,0.074,0.124,0.036,0.824,0.04,225,-1.54661,0.20111,1.9522,0.19803,-0.09789,0.02252,1.70897,0.04153,480,96,0.6621621621621622,0.6184,0.24189,1.39679,3.39075,0.25984,0.00076,0.4459459459459459,375.0,2.4946626051823886,0.3062307217469606,27.58298585914489,5.779568694515843,5.264519312749857,1.421786931977503,0.4879258304482133,0.26452576855323445,225,0.059647572109028414,0.0736413698598599
ASCC_85,251.6975,-45.5185,0.847,0.006,8.267,0.09,0.056,0.036,0.747,0.026,222,-1.3284,0.19297,2.35252,0.33897,-0.17087,0.02854,1.57407,0.0401,383,76,0.4377880184331797,0.5491,0.26671,1.2002,5.24794,0.26672,0.00063,0.2811059907834101,322.0,4.803612805806576,0.4269161718284667,73.06903048173665,12.142606323301557,2.53085145209405,0.6722788686622942,0.47552777907085964,0.30973336969013315,222,0.03484944417556387,0.05318865340990154
ASCC_9,41.6957,57.7834,2.119,0.05,7.265,0.062,-0.106,0.079,2.579,0.031,537,-1.446,0.19806,2.057,0.22399,0.06421,0.0275,2.14026,0.0837,2154,430,0.5711610486891385,0.69543,0.256,1.38876,8.17966,0.33491,0.00033,0.4288389513108614,845.0,10.93287343017632,0.4861726533560119,231.6278746204412,27.80714339444159,0.0794710914860894,0.0148235899387281,0.4690978682989835,0.2920414961968005,537,0.03576006040150775,0.06582092193646011
ASCC_97,279.2937,-19.1604,0.561,0.003,8.07,0.167,0.075,0.08,1.508,0.065,140,-1.65519,0.34009,1.99606,0.33945,-0.08945,0.03523,1.5119,0.08099,280,56,0.5036496350364964,0.6588,0.20684,1.2071,1.30372,0.25134,0.02373,0.3868613138686131,212.0,1.5738429697796794,0.2350240401566669,11.544968727791884,2.832040921339376,10.176706257429975,4.641730378106288,0.5202058468979521,0.3429306400216851,140,0.04240607822659271,0.054004019375218364
Alessi_12,310.8453,23.933,0.534,0.0,8.369,0.114,0.003,0.019,0.272,0.035,369,-1.74628,0.27375,1.47123,0.32272,-0.2,0.03575,1.6195,0.04941,485,97,0.4850948509485094,0.68616,0.22802,1.03225,6.76948,0.10309,0.41607,0.3414634146341463,548.0,5.782299614891967,0.4090925233452014,131.54633437846817,19.181526403242906,1.777956983529737,0.533877877473513,0.4965281082281693,0.34869321956148536,369,0.026183150585447432,0.05262945605579442
Alessi_2,71.5109,55.2127,0.602,0.002,8.502,0.034,-0.086,0.022,0.923,0.058,219,-2.05429,0.51569,1.35334,0.20437,-0.08663,0.03947,1.64342,0.0833,317,63,0.547945205479452,0.61736,0.21988,1.14539,7.16951,0.16909,0.12186,0.3789954337899543,339.0,4.633883528926556,0.5411863376644497,79.27525501086956,15.966327901134589,4.007396848126429,0.8659356434175531,0.6214522414542187,0.4941617107990783,219,0.03982630270509179,0.06187453932260699
Alessi_21,107.723,-9.3886,0.557,0.0,8.0,0.0,-0.048,0.0,0.372,0.0,236,-1.67696,0.37049,1.3643,0.45012,-0.2,0.05681,1.52746,0.08254,386,77,0.5338983050847458,0.65148,0.24133,1.14623,3.85042,0.22131,0.02398,0.4110169491525424,362.0,4.047508631033441,0.4886771175975867,61.79855888982394,12.776995937525806,1.618160711130539,0.3345584946283149,0.49997497771169447,0.34184876335046577,236,0.033933244059701856,0.05608689430194506
Alessi_37,341.9395,46.3409,0.698,0.002,8.417,0.127,-0.009,0.044,0.647,0.061,187,-1.64751,0.27735,1.86685,0.23767,-0.1489,0.028,1.47249,0.05078,309,61,0.5294117647058824,0.60384,0.23877,1.13927,5.79351,0.15367,0.25633,0.3368983957219251,286.0,4.699425983229597,0.5542341316975818,71.66527253014635,14.517852165795082,3.644947213869013,1.2966610280279809,0.6444933727245958,0.44212370491260294,187,0.04866539169968896,0.060466612825969476
Alessi_6,220.0055,-66.0743,0.859,0.007,8.624,0.093,-0.191,0.044,1.225,0.085,265,-1.45521,0.25521,2.04146,0.19788,-0.09775,0.02365,1.69811,0.0485,598,119,0.5660377358490566,0.62396,0.21866,1.30664,6.74063,0.35045,0.0,0.4415094339622641,415.0,3.355142860591198,0.2624078352972895,41.8099759592028,6.43153063496497,10.062828756347049,2.6532125485822964,0.5020109726369062,0.3047414447020551,265,0.03498759900790675,0.06570894585935948
Alessi_62,284.0491,21.5531,0.607,0.002,8.936,0.014,0.035,0.059,0.864,0.094,157,-1.75713,0.33602,2.1294,0.1862,-0.10389,0.02212,1.54767,0.0464,285,57,0.5414012738853503,0.63907,0.22125,1.12399,2.64559,0.30272,0.0015,0.4012738853503185,242.0,2.394800366771722,0.3300115812137443,23.80865872805742,5.4670292706835095,36.24641596252498,8.40464875277812,0.5614474158162394,0.36925997941994493,157,0.04010579325878944,0.053380961470429325
Alessi_8,232.5152,-51.2035,0.65,0.003,8.32,0.067,-0.051,0.054,0.335,0.046,80,-1.12576,0.40624,1.76437,0.49104,-0.2,0.06244,1.24241,0.0807,163,32,0.525,0.49937,0.23773,1.27588,2.8655,0.37656,0.00631,0.25,122.0,2.739685746611455,0.3917517603147592,22.84161033444473,5.38791254796935,9.146886319584132,2.5780639363194684,0.558413702435741,0.33218192905655236,80,0.05618042363670819,0.056933809819084615
Alessi_Teutsch_11,304.2059,52.0102,0.638,0.002,8.253,0.13,0.024,0.039,0.257,0.047,137,-1.54694,0.28352,1.32519,0.16617,-0.11956,0.03455,1.44864,0.05898,217,43,0.5109489051094891,0.54755,0.25307,1.46606,3.08545,0.37954,0.00013,0.2992700729927007,207.0,2.085945418558686,0.2745780345966673,19.643977307183853,4.339606538427996,9.115291806921734,3.3911403736473926,0.43618791801303364,0.2849241358204958,137,0.04771229043719966,0.052612010990986606
Alessi_Teutsch_3,118.2504,-52.99,0.684,0.002,8.173,0.17,-0.039,0.02,0.744,0.043,133,-1.79785,0.33525,2.00294,0.4135,-0.2,0.03818,1.29049,0.06,235,47,0.4210526315789473,0.61624,0.28286,1.30663,6.08985,0.26923,0.02904,0.2481203007518796,189.0,3.9492215840378986,0.6546228634192091,45.84256339827522,12.285621353696392,3.248860812541192,1.5412298641089348,0.48570377939631276,0.2949945075484415,133,0.046089806466700196,0.05417680911468443
Antalova_2,262.4912,-32.5176,1.184,0.03,6.76,0.073,0.019,0.045,1.336,0.118,76,-1.03702,0.27772,1.98288,0.5825,-0.2,0.05724,1.11734,0.1015,161,32,0.618421052631579,0.67685,0.20924,1.09704,1.61058,0.29724,0.21455,0.4342105263157895,123.0,1.370608275750451,0.5453563339898271,8.182025022956822,4.950596567239188,0.7032976991913477,0.4416510963424899,0.5322989220542603,0.2712457745845148,76,0.06003094557227305,0.06921037734396947
BDSB96,106.3591,-12.3197,1.083,0.017,6.685,0.055,0.003,0.088,1.13,0.24,88,-1.34855,0.18232,2.47245,0.47512,-0.19479,0.03008,1.26601,0.05095,181,36,0.5454545454545454,0.74547,0.19682,1.28536,1.14772,0.15152,0.82128,0.4318181818181818,136.0,0.7889226015982812,0.3308501679749547,3.632384876024664,2.3133452017307383,1.332932451018198,0.8655213093192591,0.45633645596574385,0.24435698795292543,88,0.0575638769096429,0.07497383026280588
BH_164,222.1841,-66.3594,0.399,0.007,7.769,0.052,-0.003,0.021,0.422,0.05,377,-1.56942,0.37022,0.58761,0.38287,-0.2,0.08407,1.53209,0.08933,432,86,0.493368700265252,0.57299,0.21439,1.02423,4.32456,0.06277,0.96066,0.2970822281167108,563.0,3.191413299087139,0.2626751746888028,58.42367168938546,9.265276186091846,1.0055673249247583,0.1998181289843108,0.40525977296823307,0.2809468962236844,377,0.03589123607413795,0.052805694021837796
BH_200,252.4797,-44.1808,2.038,0.043,7.416,0.065,0.13,0.028,2.596,0.025,261,-1.5479,0.37883,1.72685,0.31103,0.03562,0.0455,1.86878,0.11607,976,195,0.4789272030651341,0.61987,0.26478,1.2545,2.20769,0.4059,9e-05,0.2911877394636015,386.0,1.8561951901198737,0.1734097077414124,12.706094674217937,2.1866606002576803,2.0511050931228065,0.4678019485869997,0.5394655233476197,0.3649558639972719,261,0.03512378954690736,0.05674286537395191
BH_205,254.0465,-40.635,1.616,0.031,6.78,0.064,0.148,0.045,1.445,0.038,598,-1.18491,0.12323,2.56314,0.28953,-0.13726,0.0225,1.91893,0.04323,1643,328,0.6086956521739131,0.7536,0.2346,1.13882,2.10006,0.0455,0.89492,0.4565217391304347,962.0,3.127394905474492,0.2033053117526538,45.18771135081192,6.305599802423706,0.1333458960548865,0.0270625305126301,0.4566085096611158,0.28189723252449084,598,0.04713425678748314,0.07319682384100723
BH_23,123.53,-36.2622,0.432,0.001,7.449,0.423,-0.013,0.034,0.141,0.425,166,-1.48794,0.48532,0.1394,0.44152,-0.2,0.16789,1.22225,0.15773,181,36,0.536144578313253,0.66718,0.22559,1.32364,3.90639,0.33649,0.01966,0.3734939759036144,255.0,2.30882209304455,0.5599191557089315,29.463416727979403,11.111183573062446,0.9543702471304588,0.996794507973987,0.5079964420063162,0.3567377456122599,166,0.03927100834537476,0.05269815203200051
BH_87,151.1534,-55.3638,2.041,0.084,7.389,0.193,0.027,0.054,1.942,0.046,314,-2.49915,0.27092,2.64531,0.28947,0.01233,0.01871,1.92604,0.05934,909,181,0.5573248407643312,0.74487,0.2396,0.92598,2.71775,0.19596,0.00941,0.4235668789808917,489.0,2.0803416346382866,0.1601273833040402,18.90270299275984,2.881817506702526,1.2956153639946588,0.6087090339210555,0.5383610637759895,0.3689035058890216,314,0.02837608013223035,0.05484097708666994
BH_90,153.0698,-58.0717,2.384,0.082,7.696,0.292,0.01,0.056,1.979,0.097,243,-2.02665,0.36037,1.63764,0.20488,0.04633,0.031,1.83494,0.10706,594,118,0.6666666666666666,0.664,0.25978,1.13465,1.76166,0.13365,0.45127,0.4444444444444444,405.0,1.5680880392967085,0.1465266643959092,13.143484386958132,2.257919425642809,3.77823952028344,2.6219263249879563,0.4877773137450565,0.29917678658045105,243,0.059339206330917514,0.06791712390367773
BH_92,154.7782,-56.42,2.301,0.05,7.449,0.195,-0.009,0.036,1.897,0.06,73,-1.18355,0.3544,1.55179,0.34701,0.02499,0.06203,1.43735,0.12313,215,43,0.5205479452054794,0.59808,0.28772,1.07144,0.80176,0.375,0.0363,0.3287671232876712,111.0,0.6765392904316514,0.1704089967979468,2.2758242394453707,0.889471113309786,12.355527204878587,7.354979243792377,0.449444660385955,0.23310529325743615,73,0.06158727097678045,0.057391104224172526
Basel_11a,109.3146,-13.9862,1.317,0.027,8.036,0.112,-0.126,0.043,0.582,0.047,145,-1.88476,0.34415,2.0336,0.28379,-0.13203,0.03374,1.34605,0.06998,242,48,0.5310344827586206,0.57756,0.25485,1.35629,2.06367,0.31021,0.00187,0.3241379310344827,222.0,1.611217091230592,0.2034895741069272,13.331695242268918,2.8507446743128786,8.14919336119002,2.7300550151478533,0.5190423424174074,0.3517019518957544,145,0.041442678391667764,0.0529108452132601
Basel_11b,89.5399,21.9688,1.66,0.028,8.456,0.045,-0.093,0.049,1.918,0.054,116,-1.80688,0.53805,1.48111,0.27899,-0.01582,0.0503,1.42379,0.12911,412,82,0.6120689655172413,0.56621,0.26824,1.36332,1.88184,0.2729,0.02426,0.3620689655172414,187.0,1.8436622381958936,0.21118543513557,10.953634983687529,2.174931889245051,26.08805704800781,5.84288758773712,0.5236584119489542,0.3546078302056393,116,0.05151230649651838,0.052612010990986606
Basel_17,167.6268,-59.082,2.118,0.087,7.913,0.051,0.016,0.064,0.781,0.033,230,-1.82649,0.27998,2.48042,0.3398,-0.09258,0.02677,1.59448,0.06054,798,159,0.5869565217391305,0.66308,0.23385,1.32803,3.6326,0.30528,5e-05,0.408695652173913,365.0,4.99933049153853,0.4318430675628714,59.39106750591922,9.70701681252619,1.3780940846924798,0.2773485652778253,0.550167818013745,0.3674311881353738,230,0.03398462166538653,0.0537917657237977
Basel_18,202.0204,-62.3073,1.722,0.045,7.381,0.046,0.094,0.052,1.154,0.047,117,-1.44976,0.19738,2.10409,0.30076,-0.06571,0.03582,1.47719,0.05353,362,72,0.5982905982905983,0.68921,0.26537,1.32069,2.46778,0.30162,0.00839,0.4102564102564102,187.0,2.3550237091517223,0.5121820653224217,16.870325886525045,5.753599334135457,1.4252023441511514,0.5089646717719536,0.5489402134627989,0.3814802353663404,117,0.046830126921338075,0.05306250573996258
Berkeley_1,2.4542,60.469,3.541,0.152,8.179,0.475,-0.141,0.045,2.05,0.083,112,-2.14327,0.66169,1.50843,0.2296,0.05669,0.04472,1.61472,0.17761,617,123,0.8303571428571429,0.58797,0.25308,,,,,0.5089285714285714,205.0,1.88813017091362,0.3086695737625238,9.957481081470126,2.6357692277698668,15.165282683531853,17.065546755578676,0.5308523757544266,0.3047796733176658,112,0.09085740858804678,0.07672909057315916
Berkeley_10,54.8992,66.4809,2.093,0.053,8.895,0.02,-0.116,0.055,2.649,0.07,235,-0.9677,0.59563,1.53781,0.20883,0.07311,0.04776,1.81732,0.12747,882,176,0.6468085106382979,0.72911,0.29462,1.1908,3.50343,0.12949,0.58448,0.4425531914893617,387.0,2.4924645200975246,0.2183310562934582,20.840659842372165,3.438346514967316,37.678060126175566,6.453848269728019,0.5571717164907889,0.3838103163272943,235,0.04101656752854839,0.05507040061767816
Berkeley_11,65.1311,44.9242,2.436,0.147,7.794,0.311,-0.15,0.025,2.75,0.04,150,-1.75295,0.28412,2.00813,0.29483,0.07445,0.02853,1.76069,0.08416,514,102,0.6266666666666667,0.69239,0.23234,2.12512,1.86439,0.49882,0.01841,0.4866666666666667,244.0,1.5840886282272932,0.1918382904838854,9.599188036057992,1.9869034757852533,6.482842953295382,4.832429362800601,0.5093067206483802,0.2746837600883902,150,0.05128004347949853,0.08032533549720111
Berkeley_15,75.4981,44.5009,2.14,0.118,7.468,0.288,-0.138,0.029,2.856,0.071,212,-2.30931,0.44534,1.54577,0.23747,0.10723,0.03239,1.99598,0.13395,544,108,0.5707547169811321,0.6797,0.27264,1.5163,4.23204,0.294,0.04549,0.4056603773584906,333.0,2.2909023164812203,0.2604758308690715,20.73896354924789,4.0925094546736975,1.416488169712833,0.9800434584267752,0.5146595350941083,0.29148290909570224,212,0.0370632482146408,0.06209748871104275
Berkeley_28,103.0329,2.9227,3.585,0.239,8.525,0.084,-0.257,0.053,2.122,0.075,137,-2.55232,0.51826,1.79146,0.17769,0.09913,0.02373,1.88719,0.13099,356,71,0.7518248175182481,0.66125,0.25485,,,0.21573,0.65448,0.4890510948905109,240.0,1.8118922593601472,0.2374915371838022,13.928736587886233,3.0706355467503603,24.048515602567004,7.0528125175287455,0.539209439622644,0.3427855975239384,137,0.07080121707472717,0.06770319937061911
Berkeley_30,104.4364,3.2298,4.091,0.139,8.642,0.029,-0.199,0.04,1.596,0.027,199,-2.7263,0.64915,1.84791,0.17212,0.09864,0.02554,1.98747,0.16149,909,181,0.6633165829145728,0.63104,0.2631,,,0.59694,0.1559,0.3969849246231156,331.0,2.0120565115329176,0.2098837204321219,13.14237535143431,2.437367000302007,33.36768932924485,6.577227948797848,0.5436739801761277,0.36686480194940846,199,0.04712458378801789,0.05309194588079446
Berkeley_37,110.0788,-1.0041,4.396,0.119,8.996,0.018,-0.222,0.034,0.288,0.024,252,-2.52661,0.8171,1.72362,0.21909,0.05071,0.03003,1.86837,0.14262,598,119,0.5119047619047619,0.68015,0.26696,1.38944,4.04979,0.27297,0.00075,0.3373015873015873,381.0,3.639059790190847,0.3269701520059944,44.095820912468206,7.387107941598832,22.46997389751754,3.877753935285465,0.5295641603114283,0.3055658686147477,252,0.031790951531926986,0.053187912347314945
Berkeley_4,11.2768,64.3894,2.698,0.162,7.109,0.049,-0.134,0.044,2.331,0.051,143,-1.40593,0.28964,1.33632,0.22212,0.13698,0.04695,1.75902,0.13654,645,129,0.5314685314685315,0.62872,0.2672,,,0.50704,0.99301,0.3706293706293706,219.0,2.0388431813746464,0.263682722574181,11.501859369865238,2.510300578104704,1.117459898102262,0.2745489362900984,0.5067401687706109,0.2731101285530781,143,0.04211669689896956,0.0587247198877603
Berkeley_47,292.1327,17.3626,2.182,0.126,7.131,0.212,0.175,0.155,3.931,0.047,90,-0.95462,0.25407,0.90883,0.24215,0.2,0.09061,1.66442,0.13592,624,124,0.7666666666666667,0.49513,0.30803,,,,,0.3777777777777777,159.0,1.481639810526312,0.27888483475809,5.665039917891904,1.6956221414303132,2.386695562239597,1.3666348775526806,0.5308135458449269,0.3072565871479217,90,0.07925693177614121,0.05581268382567118
Berkeley_6,27.7981,61.0593,2.448,0.111,7.562,0.318,-0.114,0.029,2.447,0.063,208,-2.15797,0.30397,1.73977,0.21555,0.08947,0.02587,1.93669,0.09462,845,169,0.6730769230769231,0.71364,0.24831,1.05948,1.81415,0.23188,0.17448,0.5288461538461539,348.0,2.216322118163755,0.3436729245441693,16.39979878708161,4.152138282796942,2.2241367205854417,1.7231683600580456,0.5529070746910436,0.37084336963919695,208,0.046079217952743466,0.06902575704349022
Berkeley_60,4.4425,60.9344,3.06,0.106,8.583,0.084,-0.179,0.02,2.647,0.039,144,-1.60983,0.87993,1.25753,0.19353,0.18537,0.05317,1.87976,0.28546,493,98,0.6388888888888888,0.60848,0.27008,,,0.82394,0.06818,0.3958333333333333,236.0,1.71970369441891,0.1337754208669841,10.801847578102889,1.6556800718074618,35.44067258390788,8.746322991601227,0.5315662259730077,0.3048052266252611,144,0.04966673911246339,0.05853564596605938
Berkeley_61,12.0361,67.1993,2.718,0.085,7.926,0.307,-0.115,0.017,2.54,0.031,80,-1.89463,0.66187,1.46446,0.25839,0.08576,0.04876,1.64252,0.18082,364,72,0.7,0.62108,0.28431,,,,,0.4375,136.0,0.9132869530947852,0.1932227644628726,3.190360336026194,1.0604971290407608,26.4338403484136,20.64875178604536,0.5316029844912824,0.3738901837399531,80,0.0706492392032639,0.05540056927068254
Berkeley_62,15.322,63.9134,2.629,0.078,7.274,0.038,-0.127,0.042,2.502,0.025,473,-1.83384,0.2227,1.99714,0.24356,0.05184,0.02549,2.05227,0.07184,1895,379,0.638477801268499,0.73517,0.23359,1.03952,6.6623,0.11752,0.90293,0.5200845665961945,775.0,6.761125214318697,0.6360716110833635,111.80952125566373,19.33817091969585,0.1680820019348818,0.0325792408063511,0.4636122519628122,0.287007978468268,473,0.05414982696169541,0.08423975034153601
Berkeley_69,81.0867,32.6046,2.857,0.375,8.987,0.087,-0.212,0.11,2.102,0.116,160,-2.53264,0.84569,1.48647,0.17592,0.12441,0.02662,1.97467,0.17876,508,101,0.71875,0.6708,0.28286,0.65775,1.24373,0.10211,0.97505,0.43125,275.0,1.7928307723990815,0.1426083509681823,12.769480725303918,1.983114358304636,76.00230488012984,19.264522576144586,0.511289747062343,0.27561069948402683,160,0.0690166516365797,0.06879759225812845
Berkeley_7,28.5574,62.3663,2.433,0.057,7.576,0.04,-0.058,0.039,2.204,0.033,180,-1.99416,0.35926,1.83918,0.24182,0.05278,0.02972,1.83998,0.10441,472,94,0.6944444444444444,0.67182,0.26234,1.46035,2.20562,0.30827,0.01713,0.4888888888888889,305.0,2.3208532328435694,0.3636472054831077,21.17391425127782,5.404729064673566,1.779093815689628,0.482779678427095,0.5178147381389064,0.27949689214084034,180,0.0604084051680889,0.07893299215092768
Berkeley_77,110.3601,-3.2359,3.753,0.113,8.884,0.039,-0.175,0.05,0.565,0.05,124,-2.40132,0.69992,2.52337,0.33097,0.01652,0.02732,1.62113,0.11884,306,61,0.4516129032258064,0.69181,0.25332,1.42212,2.55914,0.31373,0.01161,0.3225806451612903,180.0,2.028562689131841,0.235984916674608,14.246060723678523,2.862849493342658,53.74093384557536,11.828868107195357,0.5332678465209,0.36232270300167346,124,0.050483299890716954,0.05338478421748596
Berkeley_8,30.3064,75.4811,3.013,0.101,9.527,0.074,-0.175,0.083,2.209,0.1,427,-0.70717,1.43964,1.91695,0.20662,0.01339,0.04307,1.88357,0.10804,1073,214,0.8313817330210773,0.76512,0.25955,0.95756,3.0243,0.08075,0.61944,0.5925058548009368,782.0,2.801168859568043,0.1518478368606282,39.919845763071926,5.13648862608154,84.29681100791778,17.99873646523972,0.4590330774372114,0.27132337733992673,427,0.10870421093818027,0.10606997591782934
Berkeley_81,285.4188,-0.4524,3.096,0.188,8.898,0.058,0.139,0.035,3.15,0.067,341,-2.39233,0.90008,1.4587,0.16056,0.19389,0.02816,2.28795,0.24433,1972,394,0.7917888563049853,0.73394,0.29869,,,,,0.5190615835777126,611.0,2.788523231094955,0.2782159021530182,23.877367010618126,4.296409621792846,33.11414644873592,7.420282917724163,0.4637516269279913,0.28672437316194654,341,0.09554289930948676,0.08427139017503847
Berkeley_86,305.0847,38.7073,1.637,0.065,6.869,0.082,-0.051,0.063,2.689,0.033,131,-1.14791,0.15685,2.40944,0.49967,-0.00455,0.04096,1.60353,0.06157,585,117,0.7022900763358778,0.77119,0.20521,1.08802,1.56397,0.10696,0.88057,0.5343511450381679,223.0,2.124839109746224,0.3209656637335719,13.03137226472941,3.2274428752476303,0.5675574759383141,0.1767547317430163,0.507571542995414,0.27359788013362674,131,0.06753426657631668,0.09300358292535275
Berkeley_87,305.3654,37.452,1.665,0.051,6.915,0.05,0.051,0.07,3.971,0.068,259,-1.045,0.18377,1.65649,0.25971,0.15881,0.04677,2.06517,0.10792,1779,355,0.6988416988416989,0.60774,0.25049,,,,,0.4826254826254826,440.0,3.307207213435765,0.368260231331456,24.867453210287813,4.838163689798774,0.3306501244795363,0.0747500317968062,0.4718839369599792,0.2984039092368859,259,0.06997791793287969,0.0748551646195769
Berkeley_94,335.7097,55.8499,3.742,0.284,7.11,0.103,-0.117,0.077,1.982,0.049,95,-1.10759,0.36577,1.45727,0.36526,0.12612,0.10645,1.65209,0.20729,572,114,0.6,0.69841,0.26685,,,,,0.4631578947368421,152.0,2.122840640516064,0.2932780212187297,9.807092991613548,2.2550901126770504,1.3135896160001446,0.4339270901474186,0.5308891657614244,0.3095948855258063,95,0.05331147278207483,0.06740966245637531
Berkeley_96,337.4765,55.3975,3.327,0.376,7.183,0.25,-0.087,0.066,1.878,0.065,89,-1.58953,0.26174,1.78953,0.25695,0.15685,0.034,1.73412,0.11794,424,84,0.6404494382022472,0.6533,0.24225,,,,,0.4382022471910112,146.0,1.0757021830744982,0.2466484945642765,3.985710901010617,1.4265516109193572,3.823791518373427,2.591935123239999,0.5538223922066648,0.3849429435953953,89,0.05564677726999822,0.054060983314239815
Berkeley_97,339.8527,59.0013,2.601,0.124,7.176,0.168,-0.095,0.026,2.614,0.042,111,-1.70858,0.24101,1.74593,0.21252,0.08837,0.0295,1.66986,0.08705,514,102,0.6486486486486487,0.63724,0.25029,,,,,0.4234234234234234,183.0,1.5677424517228045,0.4199226761986773,7.563218473641845,3.1300241762108243,1.9828659461958464,1.1232740197309667,0.5310274026646676,0.31088431349770906,111,0.05707433551211619,0.06111698964033926
Bica_2,308.3173,41.3065,1.588,0.039,6.673,0.045,0.059,0.094,4.486,0.19,220,-0.87171,0.16411,1.76884,0.30475,0.2,0.04978,2.05981,0.11845,2150,430,0.8545454545454545,0.66694,0.22994,,,,,0.6136363636363636,408.0,1.558785969834501,0.1548590577576931,6.887857925612658,1.2361092615823046,0.6837790957412361,0.1416974078115483,0.4646991755524183,0.2873506550526021,220,0.11302530375154593,0.10809236399978099
Biurakan_2,302.3034,35.5033,1.727,0.047,6.907,0.029,0.027,0.061,1.42,0.033,166,-1.5788,0.22044,1.73501,0.29202,-0.00704,0.03576,1.74837,0.08328,627,125,0.7409638554216867,0.66825,0.23242,1.23663,3.46039,0.15697,0.24838,0.5481927710843374,289.0,3.496804639338164,0.4777876843135448,32.55897934488757,7.420458300178181,0.2479300784272252,0.0588806756613309,0.5217135999130453,0.29805930739299974,166,0.07186318819568804,0.08797179115504222
Blanco_1,31.7171,-30.0469,0.234,0.0,8.0,0.0,-0.024,0.0,0.01,0.0,569,-2.08456,0.80859,0.01,0.35726,-0.2,0.12344,1.43325,0.13094,338,67,0.2302284710017574,0.66127,0.23038,1.00784,16.46284,0.13353,0.35616,0.1634446397188049,700.0,3.475441647497074,0.3622600743971501,89.71864012153365,16.608621090617568,1.1145955830866263,0.206332771915461,0.354521137698796,0.24325304904682277,569,0.039607346502272184,0.05746628062696441
Bochum_3,105.8574,-5.0235,2.165,0.038,8.402,0.266,-0.099,0.033,0.735,0.078,99,-1.7499,0.50273,1.58597,0.26301,-0.00076,0.04153,1.53268,0.11564,300,60,0.5656565656565656,0.57139,0.2437,1.24821,1.9141,0.34237,0.00541,0.3434343434343434,155.0,1.5077141937031968,0.2811217634782017,8.226340674354107,2.4434144167688623,30.67561717140656,20.88114996926121,0.5325602599544014,0.360279840688658,99,0.05049213604908126,0.052612010990986606
Bochum_4,112.8831,-17.2122,1.263,0.021,8.244,0.224,-0.08,0.049,0.751,0.064,59,-2.14587,0.55939,1.73572,0.32322,-0.03904,0.04679,1.25809,0.0927,93,18,0.4915254237288136,0.45693,0.16492,1.37208,2.35874,0.3053,0.10004,0.1525423728813559,88.0,2.9278506370724857,0.3516510007613637,26.30829335239996,5.380174393993999,6.666644918195591,3.6989384498273967,0.6193125238807146,0.4191171689094078,59,0.07311803648856971,0.08979770187878121
COIN-Gaia_1,11.9748,66.7863,0.631,0.004,8.296,0.131,0.004,0.097,1.671,0.122,125,-1.60944,0.29456,1.79451,0.28428,-0.12276,0.03333,1.45445,0.05202,266,53,0.568,0.66095,0.24108,1.12402,4.26959,0.18,0.26375,0.416,196.0,3.1081257092458303,0.32072314653663,30.938601693854512,5.694947031782921,6.389977348279943,2.258010174178364,0.5095946576346493,0.33771485067746737,125,0.046955564356101605,0.05653151266785363
COIN-Gaia_10,68.3291,40.6105,0.994,0.017,8.168,0.231,-0.082,0.073,1.514,0.172,69,-2.34689,0.28766,2.4028,0.32881,-0.08696,0.02026,1.22143,0.04601,200,40,0.6666666666666666,0.63284,0.17562,1.35231,5.16633,0.25045,0.2161,0.5507246376811594,115.0,2.8569005061607315,0.6089023648078017,21.01776447837968,7.040437857216078,7.005086121063153,4.403315029735633,0.44246841846449986,0.22730171985401784,69,0.08457468910275104,0.10784654321126985
COIN-Gaia_11,68.0583,39.5164,0.638,0.005,8.753,0.078,-0.001,0.053,1.876,0.053,131,-1.39526,0.44036,1.72419,0.26095,0.01986,0.03695,1.71912,0.09792,332,66,0.6870229007633588,0.67714,0.21103,1.40244,4.16753,0.22839,0.07321,0.5419847328244275,221.0,2.901922717564775,0.3852898836572826,27.41563090080357,6.102236956576104,20.65388504415765,5.907143762136139,0.5439413199249493,0.3575466221622025,131,0.05711503380452904,0.07429922585126435
COIN-Gaia_12,79.1834,41.7377,0.923,0.007,8.767,0.041,-0.081,0.039,0.516,0.069,132,-1.72536,0.58846,1.64735,0.31092,-0.11233,0.04922,1.36055,0.09508,229,45,0.4166666666666667,0.49465,0.25284,1.30761,6.92534,0.32776,0.00189,0.2045454545454545,187.0,4.871919201470832,0.581989407895907,63.11276484290964,12.897515012164616,9.265797269380409,2.085816024677649,0.472940002768652,0.28909341389614374,132,0.04545873991589904,0.05782696194182358
COIN-Gaia_13,83.1834,42.0756,0.5,0.001,8.215,0.134,-0.092,0.041,0.393,0.065,285,-1.66123,0.4537,1.27654,0.30255,-0.2,0.04985,1.57566,0.06599,378,75,0.6035087719298246,0.60854,0.2224,1.00969,8.94885,0.1033,0.66203,0.4175438596491228,457.0,8.673642172868067,0.5612195887342388,236.25147559021292,32.788585652897936,0.6944251963298648,0.234940226336323,0.33908652407316464,0.24885659395905035,285,0.08124158625209621,0.07245070019714638
COIN-Gaia_15,76.1054,35.8234,1.139,0.017,7.986,0.09,-0.012,0.04,1.628,0.055,212,-2.3462,0.51215,1.64557,0.24101,-0.07486,0.0339,1.5698,0.0857,402,80,0.5990566037735849,0.56905,0.26655,1.16935,4.17244,0.227,0.00788,0.3443396226415094,339.0,2.6202825779682213,0.2630734057860502,29.933587914665875,5.403041125007516,3.234753745597078,0.8889746482048804,0.46855576813379257,0.3118627005428465,212,0.05010096834601778,0.0532312706788762
COIN-Gaia_17,81.2386,37.5253,1.057,0.012,8.125,0.194,-0.142,0.04,1.438,0.06,135,-1.72033,0.36394,1.644,0.26219,-0.07225,0.03611,1.48739,0.06797,264,52,0.5777777777777777,0.56747,0.23176,1.50557,3.6368,0.31308,0.00201,0.3703703703703703,213.0,2.4053422525016828,0.3279581572135218,22.54637625564528,5.117934249760917,5.914571002643629,2.963603566178288,0.5164200530135364,0.35036110980451984,135,0.04582685690618898,0.05274168119318531
COIN-Gaia_18,78.4167,35.5141,0.987,0.011,8.275,0.101,-0.093,0.045,1.147,0.08,117,-1.75843,0.39664,2.18469,0.40996,-0.1557,0.03736,1.30373,0.07378,251,50,0.4615384615384615,0.60686,0.23614,1.22702,6.39801,0.32904,0.00398,0.3162393162393162,171.0,4.397901060969792,0.528022584368459,48.28009238550171,9.936107017478454,3.9015026616963415,1.21159623507023,0.48160263420790367,0.2916294935634093,117,0.046285694924028835,0.05278513145514044
COIN-Gaia_19,82.1534,34.3159,1.195,0.016,8.506,0.229,-0.037,0.05,0.956,0.073,121,-2.18168,0.50885,1.39699,0.21304,0.01037,0.03321,1.60428,0.09637,261,52,0.4958677685950413,0.4575,0.25423,1.32095,5.57777,0.16252,0.35627,0.2396694214876033,181.0,3.4452636356035464,0.4503253459020618,34.28705001008257,7.540355944535641,9.35125455109909,5.342513202817879,0.5066142171302865,0.332170881780907,121,0.045452993124730806,0.05892286746046647
COIN-Gaia_20,78.6865,31.6605,1.024,0.007,8.254,0.091,-0.128,0.051,1.081,0.081,99,-1.46291,0.34948,1.53854,0.35123,-0.0671,0.04965,1.44569,0.07473,220,44,0.494949494949495,0.62326,0.2802,1.42196,5.05105,0.31818,0.01106,0.3434343434343434,148.0,3.5533653996722814,1.0486144545075184,33.562757015198144,15.231174200314731,5.347396300070998,2.672896678407142,0.4871164568710392,0.26226175711056565,99,0.050249327087180905,0.057317635368423575
COIN-Gaia_21,84.7696,28.392,1.34,0.035,7.238,0.048,-0.029,0.053,1.502,0.038,67,-1.91279,0.37536,1.19995,0.2308,0.06496,0.047,1.58693,0.14224,199,39,0.6268656716417911,0.48856,0.25133,1.38854,3.11702,0.29574,0.13624,0.2985074626865671,109.0,1.6667126386466855,0.5117669143787057,9.025540457974197,4.250001181048153,1.9165792533640296,0.9270168223856748,0.4615207740314314,0.24190760908024517,67,0.07483926905808713,0.0539786893743721
COIN-Gaia_22,91.0417,31.6005,1.767,0.042,8.322,0.104,-0.067,0.065,1.284,0.052,139,-2.44703,0.66421,1.7033,0.28097,0.00299,0.0379,1.62562,0.13368,297,59,0.4532374100719424,0.57812,0.25362,1.51904,4.45722,0.24519,0.02816,0.3093525179856115,202.0,2.4077372796522862,0.3525613815283465,20.433013977285043,4.925531225495717,10.272297008933034,3.4903754785121963,0.5259417448577731,0.3521345690228736,139,0.047015114053985015,0.053557185119541835
COIN-Gaia_23,87.4963,27.0675,0.91,0.003,8.329,0.239,-0.068,0.031,0.737,0.057,110,-1.59706,0.57781,1.2278,0.39027,-0.06594,0.07055,1.50856,0.13527,245,49,0.5727272727272728,0.63098,0.25113,0.9917,5.53764,0.14021,0.57856,0.4181818181818181,173.0,4.122150116434666,0.7919105020296238,44.73999271405804,13.646794751040188,4.767646983716074,2.999792264180462,0.4880356362264192,0.28432679841630565,110,0.05271173581292615,0.06394508670522574
COIN-Gaia_24,90.6866,23.2227,0.953,0.012,8.252,0.154,-0.082,0.029,1.107,0.044,100,-2.01152,0.37897,1.42793,0.17045,-0.00206,0.02809,1.51799,0.07347,185,37,0.58,0.48932,0.24922,1.0088,3.81932,0.18788,0.29243,0.28,158.0,3.234389709205828,0.2723897216335932,33.396754624846245,5.380716672904972,5.349284967716465,2.0834613086530167,0.5001010375993695,0.2954509386391817,100,0.05344082334695078,0.052612010990986606
COIN-Gaia_25,91.6047,20.2248,0.787,0.005,8.791,0.049,-0.046,0.047,0.66,0.083,175,-1.62819,0.41977,2.02847,0.29714,-0.09434,0.03385,1.55197,0.06898,311,62,0.4514285714285714,0.63593,0.23492,1.28251,5.26058,0.22775,0.0223,0.3314285714285714,254.0,4.864050912852447,0.314688948831635,68.5198376971043,9.532286816938292,9.019525161025513,1.6155640943944425,0.5632077015786592,0.34647931997184106,175,0.049088135266138457,0.05268951855750646
COIN-Gaia_26,83.7951,15.7051,1.309,0.014,8.148,0.089,-0.025,0.041,1.746,0.026,134,-2.03868,0.40051,1.76793,0.29748,-0.00343,0.03354,1.58118,0.09587,352,70,0.4029850746268656,0.5534,0.24522,1.41305,4.07562,0.14927,0.41237,0.2462686567164179,188.0,2.1628527534795814,0.4041058241621191,15.119369943649776,4.496118761972245,9.29964363178018,3.358550211843127,0.5485298142243181,0.3787695521207969,134,0.0586385325438357,0.0639002064713633
COIN-Gaia_27,85.8209,13.7803,1.057,0.019,8.618,0.219,-0.154,0.072,1.758,0.128,125,-2.54156,0.60082,1.66967,0.25172,0.01452,0.03197,1.71153,0.11955,265,53,0.624,0.65473,0.21644,1.51957,6.40259,0.27829,0.01313,0.464,203.0,3.634312629144173,0.6813006956499417,40.268377076183405,12.017982685882345,10.30471235156349,6.0382013008802895,0.5067977566777994,0.3349623309442844,125,0.05393836838466658,0.06421987944955748
COIN-Gaia_28,96.3387,11.1451,1.49,0.03,7.953,0.126,-0.105,0.019,1.071,0.053,232,-2.15415,0.28661,2.15237,0.25374,-0.08185,0.02182,1.56356,0.05402,388,77,0.3836206896551724,0.62233,0.25717,1.18463,5.58259,0.24418,0.00193,0.25,321.0,3.766446568787579,0.4937536590001596,50.27937774709561,11.074354085457916,1.784884449077314,0.6501631433751828,0.4777538827266683,0.3121455035912061,232,0.041386475138666015,0.05547491604104185
COIN-Gaia_3,18.7223,60.4804,1.151,0.03,8.022,0.205,0.251,0.124,1.97,0.126,120,-2.20322,0.40824,2.15412,0.38049,-0.00599,0.03053,1.62794,0.08735,350,70,0.6416666666666667,0.73969,0.22771,1.47277,2.35497,0.22857,0.08069,0.5083333333333333,197.0,1.688087058808669,0.2353791986688684,10.838161561666476,2.5126088709866363,9.706091460602604,5.1043090674570655,0.5497233820482945,0.37568552053804727,120,0.050919627346182286,0.06335774764483666
COIN-Gaia_30,21.0314,70.5697,0.712,0.004,8.254,0.095,-0.072,0.076,1.683,0.168,113,-1.95107,0.23634,2.03359,0.2098,-0.09577,0.01978,1.44474,0.03929,211,42,0.7256637168141593,0.65177,0.20891,1.39134,2.93855,0.11335,0.83723,0.5486725663716814,195.0,2.035185150347952,0.2173193824477915,18.33354425579659,3.4572423743758245,9.789343521316544,2.827240423010549,0.4675220252552066,0.2859193714441157,113,0.08654259449007078,0.09126119812567364
COIN-Gaia_32,28.2086,63.0391,1.209,0.018,8.211,0.181,-0.121,0.104,1.674,0.08,33,-1.55519,0.50854,1.77451,0.51736,-0.05117,0.05595,1.19559,0.10995,114,22,0.6666666666666666,0.73023,0.20891,1.52712,3.21656,0.61905,0.00289,0.6060606060606061,55.0,2.161973786352317,0.5028527251713997,10.856419718074644,3.929827999504612,14.973156878267522,8.265486631099819,0.6070643207775784,0.3899970694658297,33,0.08206099398622183,0.08081718653794895
COIN-Gaia_34,31.2625,61.7738,0.969,0.059,7.877,0.618,0.029,0.118,1.938,0.207,28,-2.30543,0.54962,2.02636,0.5213,-0.08499,0.039,0.96022,0.09448,79,15,0.7142857142857143,0.65369,0.19916,0.98994,1.78406,0.3,0.60742,0.5714285714285714,48.0,3.572790891692521,0.7003258435810868,25.29300827627052,7.81482338545471,2.9785130954173726,4.337174948766016,0.5747766603221549,0.35221178606156917,28,0.09019025181982594,0.08063231125847156
COIN-Gaia_35,33.4909,60.0375,2.423,0.08,7.745,0.513,-0.099,0.046,2.826,0.073,87,-1.63054,0.29214,2.34701,0.42349,0.04082,0.0316,1.53065,0.09137,454,90,0.7701149425287356,0.77883,0.21194,,,,,0.6436781609195402,154.0,2.2028648855641886,0.5782622840656236,11.752041082092529,4.7718080663201805,4.730278369410033,5.908426996204477,0.5233474117918058,0.35276859627457635,87,0.08323635645485611,0.09885401383298621
COIN-Gaia_37,44.9544,58.4316,0.966,0.012,8.037,0.062,0.046,0.064,1.962,0.053,54,-1.9023,0.45844,2.0016,0.51093,-0.0096,0.04066,1.38256,0.11449,150,30,0.7037037037037037,0.7761,0.21794,0.88354,5.24077,0.27778,0.29844,0.5740740740740741,92.0,10.07535916499469,0.8953064597046447,136.54426308705573,22.75280725296428,0.7974923799172527,0.1749893810299233,0.552677420948237,0.3224384077692682,54,0.0751792628101212,0.08767473462441844
COIN-Gaia_7,33.7099,58.4479,1.349,0.033,8.031,0.069,0.002,0.067,1.718,0.126,116,-2.72218,0.60229,1.47558,0.30088,-0.00711,0.03571,1.49536,0.11302,254,50,0.5086206896551724,0.64622,0.25338,1.25411,4.50555,0.34286,0.00151,0.3362068965517241,175.0,3.578834285991,0.5255036753717933,35.85949205047042,8.65096452036443,2.994993378126105,0.8651438643179794,0.502188189926016,0.3259944029835459,116,0.04641693393708338,0.052612010990986606
COIN-Gaia_9,47.7383,47.9713,0.848,0.007,8.274,0.195,0.0,0.042,1.222,0.053,77,-1.93901,0.58437,1.59467,0.43241,-0.10021,0.04819,1.19716,0.08212,162,32,0.4675324675324675,0.6325,0.25042,0.69086,5.37712,0.15306,0.74232,0.3766233766233766,113.0,3.960696251286601,0.5849136667579478,37.62997459064306,9.126753964351918,4.994201663028944,2.5486584422602454,0.531461614641749,0.2837036468477376,77,0.05869351483967639,0.05865485394037737
Collinder_115,101.6642,1.7718,1.852,0.06,8.149,0.109,-0.088,0.055,1.153,0.056,406,-2.23975,0.34257,2.20562,0.22917,-0.04953,0.02197,1.87564,0.06413,824,164,0.5935960591133005,0.63038,0.23341,1.28582,4.14297,0.19331,0.00092,0.3891625615763547,647.0,3.037279463646657,0.299370652945138,44.00549600966825,7.842639590860843,3.2025290616250377,0.9858072097366328,0.4897764996124955,0.32037731148826254,406,0.03915254339081137,0.05610542549124828
Collinder_140,110.9439,-31.9954,0.378,0.01,7.62,0.042,-0.005,0.028,0.194,0.055,276,-1.32664,0.33027,0.48668,0.46019,-0.2,0.1112,1.50958,0.08434,308,61,0.3369565217391304,0.61132,0.24373,1.22836,5.84487,0.24174,0.01011,0.2101449275362318,369.0,3.884731833882899,0.5038002489704115,66.05500631519732,14.418828055736304,0.6310943056778213,0.150672972094065,0.5528684868356103,0.42669735539603343,276,0.06709514943255492,0.08095597538973479
Collinder_185,125.8276,-36.3682,1.442,0.026,8.036,0.061,-0.031,0.052,0.757,0.056,93,-1.43598,0.38747,1.97545,0.35947,-0.07258,0.0418,1.42021,0.09156,245,49,0.5161290322580645,0.54307,0.25624,1.4559,3.25442,0.28711,0.03384,0.3010752688172043,141.0,2.667587776747127,0.4538591154317247,19.945677352850616,5.467114123847759,5.446922681027895,1.6776104645308227,0.46966673435750705,0.2654941791766276,93,0.053195891942885334,0.05334022239776877
Collinder_205,135.0655,-48.9915,1.65,0.057,6.788,0.05,0.024,0.07,2.561,0.094,87,-1.23692,0.19322,1.55575,0.27767,0.08904,0.04414,1.62848,0.08378,355,71,0.7241379310344828,0.74714,0.25106,,,0.33254,0.18853,0.5517241379310345,150.0,1.3826632962367988,0.2130925470583321,6.4784787889984,1.631784992186346,0.947385991611288,0.2623714854907764,0.53198839245084,0.37801292426876126,87,0.07078360390437965,0.07221915311047772
Collinder_258,186.7349,-60.7609,1.21,0.009,8.168,0.028,-0.039,0.03,0.793,0.068,184,-1.79773,0.32172,1.75295,0.25112,-0.0837,0.03294,1.52967,0.07194,405,81,0.5271739130434783,0.5128,0.23059,1.36548,2.92547,0.27455,0.00172,0.2826086956521739,281.0,2.254294511543152,0.250117180626886,20.510139817200542,3.982242660687503,7.178461558794359,1.4685995274831314,0.5125689098443128,0.33355609251486995,184,0.03690616231359406,0.05449832705107889
Collinder_269,201.0238,-66.2034,1.617,0.024,8.585,0.057,0.013,0.07,0.998,0.046,168,-1.69654,0.59239,1.89667,0.34964,-0.04175,0.04697,1.662,0.1205,477,95,0.5178571428571429,0.58019,0.26814,1.34321,5.05799,0.32903,0.00017,0.3273809523809524,255.0,3.83655860948666,0.5439807651903659,38.876777384788895,9.12987126929423,9.89258390012109,2.661386072669321,0.5100350418481052,0.2753275851395263,168,0.03855122770333524,0.05448608883240434
Collinder_272,202.5846,-61.3193,2.038,0.028,7.47,0.044,0.13,0.038,1.54,0.044,527,-1.68804,0.23643,1.88045,0.18883,0.03195,0.02564,2.08532,0.07851,1316,263,0.5635673624288425,0.604,0.26098,1.33303,4.88662,0.20826,0.00047,0.366223908918406,824.0,4.920659603263362,0.3646266527186532,87.6336174467819,13.098081209744654,0.3367667925449492,0.0608085548103346,0.4420281238568128,0.2618226619427241,527,0.040613639224004836,0.06071277307388355
Collinder_277,207.0576,-66.0546,1.568,0.027,8.942,0.031,0.026,0.042,0.952,0.063,348,-0.80641,0.41476,2.20435,0.30909,-0.09127,0.04232,1.81414,0.06927,874,174,0.6235632183908046,0.63125,0.25044,1.50321,5.14567,0.2804,0.0,0.4109195402298851,565.0,3.3441771747879807,0.2192902659488367,44.18655991147908,6.183512613815207,19.80203430591408,3.110786483669336,0.517873526810543,0.34660170695202325,348,0.03896275013158997,0.055734174806900745
Collinder_292,237.421,-57.6019,1.747,0.023,7.941,0.158,0.185,0.051,1.574,0.046,322,-1.95961,0.26264,1.94886,0.25913,-0.00468,0.0257,1.80556,0.06236,828,165,0.5,0.59917,0.25877,1.38466,4.8713,0.35885,0.0,0.3167701863354037,483.0,4.720439478194086,0.3542826772233045,67.02210141700188,10.076027457035664,1.3025126785515255,0.5127308730186588,0.5685578451072849,0.4007630361578115,322,0.03415318800855519,0.057610301861409835
Collinder_307,248.7919,-50.9987,1.704,0.033,8.151,0.248,0.171,0.025,2.588,0.015,244,-1.9404,0.53368,1.59509,0.22921,0.05175,0.04158,1.87877,0.15125,713,142,0.6188524590163934,0.6646,0.28178,1.17286,1.60501,0.28727,0.00395,0.3893442622950819,395.0,1.946171282638799,0.1370927673367588,16.25759974410209,2.360477401828888,8.70850434407269,5.131140100256231,0.5164866353468,0.34493732433464863,244,0.042499249619607625,0.053936964760676304
Collinder_338,264.4948,-37.6593,0.642,0.001,8.3,0.112,0.066,0.055,0.713,0.063,86,-2.30987,0.79176,1.34949,0.31639,0.01934,0.05329,1.55616,0.18493,144,28,0.4767441860465116,0.52928,0.20744,1.30207,2.59586,0.375,0.00345,0.2325581395348837,127.0,2.365921297198322,0.4156198604709731,20.09410147852409,5.643779348722879,9.929592109910226,3.786203639093692,0.6020219678549901,0.3663771044500525,86,0.06309179784777322,0.06400883365150827
Collinder_394,283.078,-20.2138,0.705,0.002,8.081,0.091,0.055,0.049,0.888,0.049,314,-1.60288,0.2019,1.68142,0.21191,-0.07837,0.02612,1.75285,0.04522,545,109,0.5063694267515924,0.54585,0.22942,1.17653,1.86525,0.19582,0.00439,0.3089171974522293,473.0,2.476411000945366,0.1588569889894627,30.86306086854465,4.283042753961733,3.9044602397163977,0.9812842474932464,0.4719704478137945,0.3108499589472429,314,0.029669754017954218,0.052612010990986606
Collinder_419,304.5338,40.7435,0.989,0.012,6.693,0.049,-0.044,0.08,1.236,0.079,71,-1.05411,0.21433,1.24702,0.58809,-0.15018,0.09527,1.21829,0.07176,155,31,0.3943661971830985,0.70843,0.24418,1.14595,0.84591,0.18297,0.59446,0.2957746478873239,99.0,0.7623954906410936,0.204578702433851,2.948736081158403,1.2229625964044064,1.6724921809929951,0.7188607831836122,0.5695578424154294,0.34149999515062823,71,0.07573814697453413,0.05386019997641698
Collinder_421,305.8643,41.7002,1.148,0.018,7.853,0.341,0.051,0.075,2.445,0.06,251,-1.58981,0.18649,2.43333,0.29904,-0.04709,0.02325,1.80223,0.04625,626,125,0.6414342629482072,0.77967,0.22138,1.14249,2.40378,0.31142,1e-05,0.5258964143426295,412.0,2.6002633895921154,0.1972435471262771,27.718438304737543,4.195898543097616,2.571764766432316,2.0564867706966186,0.49170163402079464,0.30578783999242704,251,0.0525880723334277,0.08240876301377062
Collinder_74,87.1598,7.3768,2.261,0.164,9.222,0.185,-0.1,0.052,1.47,0.229,159,-2.53735,1.12456,2.01469,0.26722,0.0439,0.03087,1.80255,0.16479,662,132,0.6037735849056604,0.78993,0.27691,1.1137,3.00977,0.31052,0.00119,0.4591194968553459,255.0,2.6949391739406456,0.3075989766738576,19.42813658262202,3.84913845147323,85.81611548080075,40.316200266488856,0.5582225748817364,0.33872915343910703,159,0.04078833870588705,0.06264459818252484
Collinder_95,97.8024,9.9005,0.649,0.002,6.856,0.106,-0.111,0.058,0.911,0.581,241,-1.09556,0.29867,0.82388,0.45107,-0.2,0.09842,1.49315,0.11203,379,75,0.4605809128630705,0.79807,0.21089,1.0176,1.8657,0.12012,0.7817,0.3734439834024896,352.0,2.2895791450842284,0.3485921034897061,25.947196933727835,6.458000003376565,0.2766365450205245,0.0964340873088355,0.48413074343362034,0.33724913633555603,241,0.0326412561804502,0.05346150320257094
Czernik_1,1.9082,61.4812,2.693,0.062,7.227,0.173,-0.079,0.044,2.394,0.016,45,-1.62676,0.53733,1.43892,0.28724,0.12988,0.05933,1.43142,0.20227,201,40,0.5111111111111111,0.45864,0.23205,,,,,0.1777777777777777,68.0,0.8585665891630447,0.1823556635922445,2.367229988723996,0.7901102569641036,7.12458457109122,3.702610987222887,0.4705513982712839,0.26899439555072613,45,0.0745171931256847,0.0579787274465227
Czernik_13,41.105,62.3286,2.82,0.041,7.978,0.168,-0.163,0.027,2.201,0.033,214,-1.77744,0.42697,1.40653,0.24847,0.08697,0.0425,1.87245,0.12286,850,170,0.5654205607476636,0.59788,0.26126,1.06323,2.46307,0.31173,0.07502,0.3551401869158878,335.0,2.37684953323199,0.2167963698142258,17.617285719232623,2.985546362195397,5.395864089429592,2.2788171714969927,0.550707711513887,0.367555077790856,214,0.03409615011733884,0.052663764809960094
Czernik_16,52.7488,52.6041,2.291,0.061,8.403,0.072,-0.111,0.05,2.941,0.034,108,-2.00573,0.65343,1.65413,0.27246,0.13696,0.03989,1.81871,0.20053,452,90,0.6203703703703703,0.57683,0.23635,,,,,0.4074074074074074,175.0,2.429974140763088,0.274495492471891,15.039793327481812,2.955722646068604,16.817372030135736,4.323988951482162,0.5044420502781065,0.3209668549417245,108,0.05671383989131938,0.057750619390807126
Czernik_19,74.2535,28.7574,2.117,0.062,8.176,0.101,-0.133,0.035,2.153,0.026,177,-1.65935,0.39418,1.50473,0.22632,0.02131,0.04042,1.72988,0.10324,623,124,0.6610169491525424,0.55814,0.25871,1.41656,3.79521,0.30233,0.00246,0.4011299435028249,294.0,3.187098132024056,0.2633211172475267,28.80916510832326,4.579019609472815,5.205582424424719,1.4663451119997009,0.5015529757675519,0.2714184925796345,177,0.05779957604298036,0.06369098466383769
Czernik_2,10.9711,60.1877,1.759,0.057,8.545,0.184,0.037,0.067,1.791,0.09,126,-2.30533,0.70045,1.75211,0.28359,0.03021,0.03665,1.69398,0.13664,398,79,0.6825396825396826,0.6051,0.22871,1.32043,2.00915,0.34749,0.00227,0.492063492063492,212.0,2.351800067426674,0.2663348872219813,17.688407733629838,3.479985884554853,19.82947697919162,9.262870428853487,0.5344513917469597,0.34769185477660586,126,0.05832998764921589,0.06688905851852966
Czernik_23,87.5131,28.8948,3.226,0.085,8.481,0.031,-0.192,0.029,1.794,0.024,186,-2.11103,0.68088,1.4047,0.2041,0.07187,0.0447,1.85712,0.18122,565,113,0.6774193548387096,0.51675,0.26688,1.44935,3.87044,0.18083,0.3681,0.3494623655913978,312.0,2.671229839528892,0.3214930821183863,24.33052748226356,5.021258483250703,12.440804788584469,2.716729477846783,0.5147459520843931,0.29325163123921183,186,0.057538676383662904,0.05468465921529472
Czernik_27,105.8276,6.3868,4.062,0.127,9.103,0.026,-0.162,0.036,0.387,0.042,129,-1.90824,1.19339,1.54981,0.27199,0.05494,0.04679,1.65646,0.18429,595,119,0.627906976744186,0.65886,0.28992,1.39833,3.5748,0.50787,0.0,0.4263565891472868,210.0,3.4170973586351194,0.4368576101510175,25.151780987242464,5.439683763035816,50.40008365613655,11.310148778813971,0.5309305124359339,0.30472801267147565,129,0.05017816336879038,0.06249939962467805
Czernik_31,114.2291,-20.5162,2.783,0.065,7.471,0.353,-0.15,0.035,1.718,0.036,182,-2.41387,0.40963,1.36231,0.17527,0.06677,0.02977,1.83189,0.11604,576,115,0.6703296703296703,0.60788,0.27685,0.99755,3.90174,0.30397,0.00199,0.4175824175824176,304.0,3.306912982337561,0.5322676297671072,32.51578745788567,8.495007932094733,0.9097157712642676,0.7766862889701279,0.5086193025238795,0.27374828317824174,182,0.05795175029512441,0.06671831937388813
Czernik_43,351.448,61.3297,2.276,0.062,7.939,0.344,-0.094,0.072,2.054,0.071,154,-1.75126,0.28089,1.89597,0.22088,0.01342,0.02769,1.66832,0.07928,502,100,0.7077922077922078,0.66259,0.24834,1.00913,1.43051,0.14881,0.46649,0.474025974025974,263.0,2.3443978315288807,0.1628052360010901,18.546259457406087,2.6729239084017835,4.685367587367055,3.7721619589861457,0.5106335032207256,0.2753819666248784,154,0.06641360019391518,0.07749433302678489
Czernik_5,28.923,61.3613,3.207,0.111,8.35,0.169,-0.174,0.037,3.177,0.05,149,-2.17414,0.67747,1.27154,0.19575,0.2,0.03731,1.99235,0.21896,919,183,0.6442953020134228,0.58011,0.25115,,,,,0.3825503355704698,245.0,1.804063431129108,0.2132784128192139,8.752970594450199,1.7800983030745394,25.576701240008667,11.230099513521372,0.5419323184458718,0.354051931731791,149,0.04904717180670512,0.05315082574802487
Czernik_6,30.5501,62.8375,2.43,0.242,7.363,0.514,-0.099,0.129,1.576,0.105,70,-1.55765,0.29874,1.53927,0.25104,0.02007,0.04185,1.38759,0.10855,238,47,0.6857142857142857,0.61895,0.26886,1.88243,1.67064,0.4213,0.01702,0.4,118.0,1.5766075247682412,0.3699850496432165,8.050605064479637,2.9432501677884364,2.8653090919808664,3.549283015567672,0.4577142991848039,0.2468017334370098,70,0.082734077678605,0.06744744761895453
Czernik_8,38.241,58.7627,2.534,0.143,7.732,0.185,-0.112,0.067,2.993,0.073,99,-1.82194,0.41084,1.55295,0.27516,0.1373,0.03967,1.73486,0.14091,438,87,0.7272727272727273,0.69195,0.24861,,,0.63265,0.74747,0.4747474747474747,171.0,0.972970038537135,0.1353108678466168,3.8031978247228073,0.8786908151298145,14.18571022017372,6.874391999212266,0.5233681922818194,0.3532386852232401,99,0.0742113854146868,0.06312890442981048
Czernik_9,38.3989,59.8769,2.512,0.124,8.54,0.313,-0.146,0.056,3.278,0.087,97,-2.43524,1.00874,1.42954,0.23688,0.19329,0.04115,1.99532,0.31063,489,97,0.7010309278350515,0.6977,0.25705,,,,,0.5051546391752577,165.0,1.1728368675489065,0.176632665403361,4.635679354439191,1.143706405224374,74.79741887680193,56.97833094147587,0.5365692968413502,0.3240752133445738,97,0.06441678386485954,0.07315499802192943
DBSB_7,113.8386,-18.696,2.153,0.1,7.387,0.032,-0.098,0.055,2.063,0.103,347,-2.09241,0.30934,1.84837,0.27873,-0.00889,0.02814,1.78956,0.06819,1235,247,0.5187319884726225,0.79033,0.26971,1.00811,3.405,0.09596,0.39294,0.3804034582132565,527.0,5.297632084663009,0.2756909024755732,70.02899452088009,8.883877721268712,0.3481144967234799,0.0510704271401419,0.4875308178739072,0.30408049706323476,347,0.02807296988725203,0.056930452418036105
Dias_5,274.3605,-19.6916,1.264,0.018,6.715,0.153,0.064,0.056,1.537,0.528,281,-1.43317,0.17433,2.3551,0.28281,-0.19017,0.02387,1.55775,0.04816,517,103,0.5124555160142349,0.74047,0.22451,0.91084,1.47131,0.08886,0.65496,0.4092526690391459,425.0,2.1129935982303314,0.1898824686755333,22.90807809396375,3.839603053703623,0.2264703467488458,0.0883539028798939,0.4845604382792298,0.2719534926926338,281,0.030656166273118554,0.06526568487865428
Dolidze_3,303.8127,36.8421,1.894,0.037,6.999,0.072,0.009,0.091,2.266,0.032,122,-1.33391,0.27819,1.52994,0.26532,0.10391,0.04464,1.76662,0.12243,436,87,0.6885245901639344,0.63583,0.21309,1.45225,1.75962,0.49643,0.01336,0.5081967213114754,206.0,3.388488054782577,0.3195122190231436,28.58537639784805,4.947789524163879,0.3490246376107402,0.0836527982683663,0.5045588290556164,0.3159339982393995,122,0.06688390911264049,0.07577298906586027
Dolidze_5,304.9978,39.3172,1.984,0.079,7.348,0.255,0.074,0.074,2.669,0.047,266,-1.54141,0.24105,2.38025,0.36508,0.02914,0.03421,1.87979,0.07062,964,192,0.5676691729323309,0.74072,0.24183,1.16912,3.24589,0.28664,0.03825,0.4323308270676692,417.0,2.737179610946674,0.3017656562809303,24.35903719504361,4.702275599619069,0.9148289119258488,0.5654356716184961,0.5417298890433646,0.3676388369305184,266,0.031046339840128306,0.05579670384539123
ESO_130_06,181.9909,-59.297,0.795,0.002,8.237,0.181,0.014,0.074,0.514,0.087,81,-1.94621,0.58046,1.49638,0.40337,-0.01892,0.05219,1.44945,0.13717,164,32,0.4320987654320987,0.64105,0.2791,1.10494,1.40684,0.21481,0.25934,0.2839506172839506,116.0,1.2034341480445396,0.1321932032576788,6.386303649290077,1.2228943741129732,27.02405001024425,12.39466737126124,0.5280578149009431,0.2757620478315579,81,0.0601558297638435,0.052612010990986606
ESO_130_08,182.6186,-59.4691,1.295,0.008,8.179,0.141,-0.018,0.031,1.24,0.044,168,-1.30318,0.31785,1.46642,0.19077,-0.00552,0.03936,1.69659,0.0895,460,92,0.625,0.54992,0.22884,1.10222,1.63486,0.19507,0.08645,0.369047619047619,273.0,1.966979043909464,0.1683565481113959,15.332808670154678,2.4952118752256447,9.84868582560168,3.576718027516055,0.5112293792090526,0.2761170330003549,168,0.049156762809729165,0.058418513162417376
ESO_130_13,185.7908,-59.6487,2.202,0.058,7.722,0.139,0.068,0.067,1.619,0.018,216,-1.98715,0.37938,1.33898,0.18148,0.07744,0.03642,1.91926,0.12711,607,121,0.5925925925925926,0.52425,0.28076,1.69999,4.68212,0.37805,1e-05,0.3333333333333333,344.0,2.5848201207346686,0.4039199126435056,24.147172591754146,6.150527743244694,2.183402050154988,0.8931026864154626,0.5309799419935951,0.30462987277599246,216,0.037693779205986364,0.05319654219569911
ESO_166_04,137.607,-53.8888,1.074,0.016,8.275,0.115,-0.12,0.076,0.69,0.074,39,-1.64616,0.5285,1.70374,0.42338,-0.02492,0.05288,1.29264,0.13047,107,21,0.717948717948718,0.55333,0.21401,1.46767,0.67803,0.36413,0.1239,0.4358974358974359,67.0,0.974567259081258,0.1981351356771675,3.8834833357943017,1.2441060723024109,48.5041115569647,20.159690259977097,0.6147491710808568,0.41918174094722144,39,0.07743479323985998,0.052612010990986606
ESO_332_13,254.1632,-40.5917,1.562,0.046,6.796,0.059,0.152,0.071,1.42,0.042,160,-1.22779,0.21877,1.24539,0.45857,-0.14093,0.08428,1.44668,0.08196,549,109,0.5625,0.70142,0.23828,0.96755,0.79793,0.13021,0.50552,0.39375,250.0,1.5313606712962955,0.1101507943930462,8.99767042387077,1.319199238397691,0.6948161727696832,0.1388799258157619,0.5088223470903604,0.27423338613774895,160,0.04179680385507963,0.06266068803895865
ESO_368_11,116.0959,-34.6417,1.991,0.056,8.683,0.276,-0.006,0.029,1.769,0.111,160,-1.96844,0.51026,2.12024,0.26716,-0.02184,0.03069,1.5921,0.09621,511,102,0.5625,0.67718,0.27132,0.9299,2.35864,0.25319,0.01238,0.3625,250.0,1.9517251260076165,0.1708748936650439,13.418919553966267,2.2134071261333355,35.91554414548051,23.581086730238976,0.5096587699059536,0.27486262937602257,160,0.04164905648691216,0.05855591703035395
FSR_0198,300.6033,35.6734,1.843,0.08,6.86,0.085,0.103,0.135,2.901,0.172,128,-1.41165,0.1824,1.99648,0.33378,0.07327,0.03089,1.69422,0.08117,545,109,0.6875,0.80003,0.1981,,,0.24883,0.39474,0.59375,216.0,3.074895466743868,0.5558147970067077,22.928226201815168,6.626060005514596,0.3159581354870089,0.1102790027215494,0.5311740004332841,0.3053239906999167,128,0.060971264183649204,0.09720209248782553
FSR_0224,306.3524,40.2246,1.653,0.037,6.722,0.049,0.04,0.091,3.284,0.069,30,-1.08675,0.24627,1.20228,0.27001,0.06539,0.06941,1.13937,0.13193,177,35,0.7666666666666667,0.71016,0.27316,,,0.58621,0.86667,0.6,53.0,0.5617071733481942,0.1258054203810134,1.1253579574177468,0.3941015897728054,4.684996964277999,1.7237393450785703,0.5276878352714935,0.30595264730175165,30,0.10213094898580323,0.09308959442066865
FSR_0236,308.1679,41.4424,1.551,0.052,6.904,0.081,0.134,0.072,3.813,0.154,100,-1.17009,0.20107,1.94205,0.41085,0.15447,0.04338,1.72547,0.111,659,131,0.8,0.75756,0.20888,,,,,0.69,180.0,1.4631758410250175,0.1669330618937584,5.946684938415531,1.176871719737642,1.3481091930881457,0.3666055959282805,0.5307568674026703,0.30562371967148255,100,0.08406533411579353,0.12274264988387572
FSR_0241,300.7576,46.1812,2.06,0.071,9.08,0.022,-0.031,0.035,1.32,0.05,172,-2.02902,0.77958,1.73905,0.2608,0.01953,0.03531,1.73279,0.11312,551,110,0.5930232558139535,0.65219,0.25702,1.33917,3.83792,0.34093,9e-05,0.3895348837209302,274.0,4.33184976090758,0.4680681884595053,45.91821680368631,8.740562163502508,26.182733527250026,5.157366262903772,0.5093622090254967,0.2743715000843373,172,0.044063535757392046,0.0613987589774991
FSR_0278,307.7683,51.025,1.665,0.024,9.403,0.034,-0.017,0.029,0.857,0.073,95,-0.78343,0.53108,2.16214,0.22603,-0.00783,0.02772,1.56304,0.05183,542,108,0.7894736842105263,0.67217,0.21455,0.97345,2.46408,0.19243,0.396,0.5789473684210527,170.0,2.49070705773912,0.2819797005056412,13.940461978380831,2.744708498299391,181.4357372351531,38.44290843941887,0.5309718805722816,0.31001598388133544,95,0.08339830251579705,0.09263784063594213
FSR_0342,331.9426,53.1119,2.468,0.142,8.981,0.062,-0.074,0.06,1.666,0.083,416,-1.21033,0.59476,1.85665,0.22561,0.08372,0.03528,2.03762,0.12363,1503,300,0.5793269230769231,0.79608,0.27633,1.56229,4.32444,0.22447,0.00188,0.4447115384615384,657.0,4.168880717528797,0.2447590091142989,53.05874355869222,7.062160386667892,18.040270219290445,3.521149979420489,0.442430488075309,0.2628849177254332,416,0.04632693171705168,0.07373399456799805
FSR_0357,337.7288,53.956,4.15,0.174,7.43,0.265,-0.14,0.039,1.752,0.051,88,-1.59037,0.40454,1.23005,0.21753,0.17506,0.05255,1.72858,0.17639,375,75,0.6136363636363636,0.62807,0.29898,,,0.68966,0.63636,0.3636363636363636,142.0,1.526974587402704,0.2378180183052065,7.019312894490952,1.7837459794291737,3.834470473654682,2.5345317231622246,0.5317338675600947,0.376565745534769,88,0.05659450559450185,0.052612010990986606
FSR_0384,342.9144,56.1091,1.847,0.024,8.52,0.116,0.002,0.023,1.272,0.054,51,-1.36261,0.94472,1.69569,0.32067,0.08743,0.08052,1.30095,0.25859,136,27,0.2941176470588235,0.48272,0.27205,1.46532,1.13511,0.34545,0.19762,0.1372549019607843,66.0,0.930357358367338,0.1453390789819822,3.17951273561976,0.8091407803945411,104.14524143053818,38.42174054974433,0.585927663292686,0.3795564214781875,51,0.10137275817120618,0.086336209321469
FSR_0385,340.6139,58.9421,2.004,0.091,8.789,0.059,-0.028,0.083,2.603,0.035,90,-1.20071,0.76163,1.48408,0.26442,0.12707,0.05489,1.61754,0.2035,304,60,0.7555555555555555,0.75824,0.26616,1.49759,0.98551,0.35456,0.30897,0.5777777777777777,158.0,1.3989889980919397,0.1972747989991974,7.411161324390101,1.7298147907731627,83.0068117240038,22.417157141879464,0.5324999470743657,0.3607441916104172,90,0.0772548501991085,0.08069564139420336
FSR_0398,339.0814,64.1576,0.913,0.014,7.244,0.082,-0.048,0.127,2.071,0.035,76,-1.65611,0.3067,1.70634,0.2922,-0.02803,0.03636,1.34977,0.06934,155,31,0.7368421052631579,0.59521,0.21782,1.32936,1.25685,0.15797,0.68806,0.4868421052631579,132.0,1.0207241690054616,0.143560591848602,5.6489494824246895,1.3188549934681262,3.104790558489727,0.9322532172195318,0.5863454552826715,0.3399312645207595,76,0.06597400712827879,0.06732371678531968
FSR_0430,348.8145,64.1587,2.46,0.144,8.243,0.215,-0.077,0.047,3.027,0.056,104,-1.03539,0.31652,1.84488,0.2674,0.06974,0.04139,1.57802,0.0978,467,93,0.6826923076923077,0.61875,0.24937,,,0.5098,0.49515,0.4711538461538461,175.0,1.8399744130471416,0.2099976621660073,9.749174481788367,1.930795496724664,17.948665211535637,9.570239135975374,0.5508686739716508,0.3510007108952144,104,0.05819874684257753,0.06188766258033751
FSR_0441,355.5397,58.5457,3.093,0.15,7.779,0.367,-0.094,0.069,2.397,0.059,79,-1.6195,0.48664,1.47093,0.24598,0.10059,0.05417,1.57939,0.18777,379,75,0.7088607594936709,0.63339,0.2557,,,,,0.4683544303797468,135.0,1.890358511519009,0.2061124785063137,9.259207676525108,1.76990755030305,6.492712535300781,5.625275387247318,0.5313547828085124,0.3726445053814406,79,0.07249807744701213,0.058291317795351065
FSR_0448,356.8175,60.8949,2.687,0.122,8.869,0.269,-0.071,0.041,3.102,0.101,99,-2.36073,1.33804,1.53058,0.19385,0.19616,0.03251,1.95978,0.34767,519,103,0.696969696969697,0.70723,0.27742,,,,,0.4747474747474747,168.0,2.438006811481591,0.5241987792977465,13.67230265063376,4.613536988157282,54.09515090158966,38.15584473731052,0.5309681700060823,0.3120657547596484,99,0.0649934516013351,0.07019249356823444
FSR_0496,6.6533,64.02,1.377,0.043,8.868,0.082,0.02,0.101,3.066,0.087,201,-3.0,1.06652,1.90626,0.20986,0.17481,0.02759,2.2887,0.29793,661,132,0.6467661691542289,0.80423,0.25466,1.33217,1.28736,0.23,0.16887,0.5323383084577115,331.0,1.984841916872757,0.0918655700253868,15.100234839455188,1.836380133323144,48.86706981543374,10.974939937537895,0.5310108779658181,0.3095540361925377,201,0.047539303443524535,0.08255628457831975
FSR_0498,7.2986,62.3747,2.459,0.08,7.562,0.138,-0.034,0.038,1.448,0.047,122,-1.81352,0.35095,1.47885,0.23243,0.10354,0.03646,1.78012,0.10712,329,65,0.6311475409836066,0.57219,0.27034,1.37398,4.97774,0.32815,0.03596,0.360655737704918,199.0,5.103368862928435,0.7836316758553846,59.2199882878841,14.841572783588466,0.6159304611011439,0.2492643571266287,0.5270776161707101,0.35168213936184434,122,0.05242126160876982,0.052612010990986606
FSR_0537,19.6921,60.3499,2.838,0.067,7.661,0.057,-0.118,0.022,1.754,0.039,97,-1.83474,0.70942,1.0979,0.27527,0.05088,0.07165,1.53901,0.21421,335,67,0.5979381443298969,0.54978,0.27049,1.63911,1.99387,0.47166,0.00121,0.3298969072164948,155.0,2.027183576624071,0.2835465106424393,12.136850385646747,2.82085800226647,3.7748004808260607,1.007563149063924,0.5312391682637285,0.36610816043494615,97,0.05274166615495496,0.053295246034550985
FSR_0551,24.9613,64.8685,0.892,0.014,7.035,0.019,-0.061,0.017,1.688,0.056,59,-1.72352,0.24965,1.37848,0.40408,-0.15762,0.04309,1.13298,0.04904,95,19,0.6779661016949152,0.68754,0.22418,1.13661,1.12683,0.35465,0.08022,0.4745762711864407,99.0,1.2163150368736555,0.3145056469663866,7.58994424634692,3.04009658456004,1.428109191372392,0.575420657512046,0.6456367746134752,0.4605164127704449,59,0.060831535455634245,0.052612010990986606
FSR_0553,25.2335,64.5207,2.35,0.185,8.885,0.299,-0.063,0.104,2.014,0.072,53,-3.0,1.4327,1.25093,0.26789,0.13724,0.04283,1.63742,0.32342,122,24,0.5471698113207547,0.78857,0.33926,0.88246,1.67858,0.31667,0.64863,0.4150943396226415,82.0,1.4964606322794638,0.2539970965002913,7.979190407227916,2.1778202798257262,96.17034438314786,71.22385520383108,0.5987347510356705,0.38378066350442874,53,0.06902147645528658,0.052612010990986606
FSR_0591,36.9321,58.7651,2.354,0.125,7.239,0.093,-0.115,0.059,2.201,0.079,98,-1.88595,0.40093,2.0588,0.36533,0.01017,0.03851,1.51586,0.11991,403,80,0.5510204081632653,0.77217,0.27941,0.89155,1.20279,0.15091,0.87398,0.4081632653061224,152.0,2.215217670749783,0.244777844216987,12.454729661305024,2.406178372601249,1.39208481027156,0.4014904308258289,0.5503600572494104,0.38586532772356447,98,0.050243988162140193,0.05285881588613081
FSR_0667,61.7687,51.142,1.097,0.015,8.615,0.087,-0.111,0.065,1.685,0.086,42,-0.6197,0.74447,1.17645,0.3556,-0.033,0.16189,1.16787,0.20444,115,23,0.5714285714285714,0.62505,0.25504,1.64341,1.31166,0.22824,0.575,0.4047619047619047,66.0,0.7964947762838904,0.2305313361784652,2.738929195512243,1.220238024239748,150.45935461659812,73.496734770934,0.6053878158627223,0.38895151701750913,42,0.07636035483212125,0.052612010990986606
FSR_0716,77.7914,45.7123,3.361,0.159,9.087,0.036,-0.262,0.023,1.154,0.071,188,-2.92763,0.91968,1.6381,0.20103,0.0504,0.02515,1.84867,0.12898,513,102,0.7180851063829787,0.67213,0.2665,1.27317,3.56727,0.20208,0.0601,0.5053191489361702,323.0,3.027948370532014,0.2870578147663029,31.674831142271906,5.495870150129347,38.573202006255,7.41736232080582,0.5173383693206767,0.29154050357087485,188,0.06486274763653901,0.08038360202285622
FSR_0728,67.4678,38.4894,1.535,0.033,8.059,0.189,-0.04,0.033,2.137,0.099,99,-2.25753,0.43445,2.03392,0.33473,-0.03289,0.03221,1.48229,0.07915,321,64,0.6363636363636364,0.69727,0.24114,1.47031,1.45195,0.3208,0.01017,0.4545454545454545,162.0,1.5452373778114474,0.1712764632270658,8.53274942090457,1.6541420557438873,13.424898411280148,6.395805911608273,0.5314990647271877,0.3618858230996259,99,0.05666017527871875,0.05836654901875012
FSR_0735,73.4817,40.8621,2.568,0.109,8.67,0.45,-0.175,0.034,1.638,0.133,114,-2.1105,0.76199,1.7199,0.22913,0.06091,0.03873,1.6461,0.16924,392,78,0.5877192982456141,0.57728,0.25033,1.27406,2.71616,0.26564,0.08884,0.3508771929824561,181.0,2.518941645486134,0.3328975441102074,17.490443046205836,3.8794083233661887,26.742326655279488,28.337155599607566,0.5514282121897653,0.3848264234963236,114,0.047168191180873786,0.05310569132885856
FSR_0761,83.3415,39.8403,2.442,0.122,8.746,0.155,-0.119,0.119,1.42,0.247,57,-1.9149,0.82082,1.67389,0.23007,0.09812,0.04355,1.52319,0.21557,188,37,0.543859649122807,0.57379,0.25766,1.09026,0.73306,0.33333,0.30085,0.3333333333333333,88.0,1.4041450769254735,0.1856275948537336,6.145395265391721,1.3604262449246065,90.66719468310949,38.07851920882874,0.5092246169658327,0.2810616761981963,57,0.06597132965516611,0.05333549165466445
FSR_0771,75.9422,32.1766,1.462,0.044,8.498,0.023,0.016,0.067,2.179,0.072,77,-2.11815,0.71021,1.39629,0.30119,0.04533,0.04749,1.5888,0.15047,222,44,0.6753246753246753,0.62683,0.27601,1.51477,3.75953,0.45701,0.00081,0.4155844155844156,129.0,3.451953893165696,0.5032837852834628,28.85573666390876,6.928274582646737,10.90857028106425,2.682109261413109,0.45558512665562556,0.23896900910689123,77,0.0790403703532281,0.0721946212415072
FSR_0811,94.0975,36.3778,2.47,0.069,8.89,0.068,-0.131,0.031,0.904,0.119,75,-1.64637,0.91128,1.67994,0.49594,-0.01068,0.0636,1.45016,0.14485,239,47,0.5733333333333334,0.58603,0.25779,1.27344,2.23385,0.26393,0.12758,0.3333333333333333,118.0,2.101546419916054,0.4084381883487098,12.363491616602426,3.8037784014654648,62.78542831592188,21.67434238214752,0.45798898982022435,0.24698280138670411,75,0.06449345553936002,0.057449947011523055
FSR_0850,86.278,24.7534,1.889,0.101,8.576,0.217,-0.099,0.041,1.714,0.105,248,-2.42774,0.45782,1.87099,0.20117,0.01921,0.02379,1.86607,0.08834,513,102,0.6169354838709677,0.70799,0.27758,1.23156,4.57007,0.28456,0.00012,0.4354838709677419,401.0,3.1455322882879893,0.3830531470144028,39.86282515163403,8.290126833557986,9.450002541239044,5.114460537658342,0.4915305500901428,0.27127288139288736,248,0.047197242521239614,0.07024301421763861
FSR_0883,91.0909,22.0362,2.446,0.084,8.283,0.32,-0.111,0.059,2.123,0.141,98,-2.68048,0.66703,1.60713,0.32994,0.17725,0.03497,2.07624,0.20757,301,60,0.6836734693877551,0.66791,0.23228,0.73563,0.9927,0.22093,0.60129,0.5204081632653061,165.0,2.1318722839307807,0.174055041167364,14.480045666155556,2.28636508254925,13.250432939965254,9.984937855673914,0.5330982358982971,0.3614328986276645,98,0.06306249713977397,0.06859480865064416
FSR_0893,93.4762,21.6108,1.957,0.105,8.588,0.07,-0.125,0.047,2.918,0.106,271,-2.12221,0.44328,2.09338,0.27095,0.03695,0.02584,1.91637,0.09334,973,194,0.6273062730627307,0.82074,0.24038,1.88468,4.49892,0.2565,0.01499,0.5276752767527675,441.0,4.007349063542536,0.2573170841934903,44.9315900637021,6.228397556487366,8.618827964302598,1.8322802244818552,0.5392475986167401,0.3646416237392399,271,0.038058915653317815,0.07062315530198379
FSR_0904,91.7729,19.0259,2.045,0.042,7.176,0.03,-0.096,0.034,2.197,0.035,248,-2.02603,0.32606,2.28672,0.29464,0.04064,0.02619,1.83656,0.10204,900,180,0.4758064516129032,0.64531,0.2391,0.93827,3.2718,0.19355,0.23806,0.3508064516129032,366.0,3.665777732001271,0.3002223595768897,35.19108073570548,5.574386738545894,0.4261548108639834,0.0736438725849625,0.549986347572556,0.3748377080648898,248,0.03783276367272476,0.0529230884287298
FSR_0905,98.4287,22.325,1.41,0.041,8.778,0.06,-0.086,0.056,0.526,0.071,67,-1.67481,0.68116,1.8386,0.31266,-0.0035,0.04546,1.39808,0.13642,145,29,0.5074626865671642,0.68122,0.25258,1.08778,1.1351,0.21852,0.35655,0.373134328358209,101.0,1.5210521124754628,0.2066804167724697,8.71755833572447,1.97914560830064,68.80264555243318,18.285119232344137,0.5629276569881441,0.3462152620241193,67,0.062289509496012446,0.052612010990986606
FSR_0935,98.7758,17.7388,2.262,0.107,8.796,0.082,-0.117,0.045,1.335,0.098,92,-1.25124,0.72744,2.02803,0.51625,-0.01098,0.05489,1.43029,0.14091,317,63,0.5543478260869565,0.75201,0.20932,1.41769,1.85944,0.33958,0.01194,0.4565217391304347,143.0,1.845241537498494,0.2282626714192051,10.195454849912126,2.1460140692285186,61.318764290449806,17.338673930990055,0.5316028881635627,0.3617440091908291,92,0.052103770637509275,0.058123726891320955
FSR_0948,96.4792,15.8653,3.63,0.146,8.651,0.102,-0.205,0.072,1.735,0.157,94,-1.65515,0.90282,1.2511,0.25856,0.15416,0.05679,1.70082,0.25235,351,70,0.574468085106383,0.57647,0.27194,,,0.52778,0.16278,0.351063829787234,148.0,2.0018582979252635,0.2432827667044909,11.23584155054536,2.3346156144337327,39.84688660500302,12.495330315080256,0.5317230949927753,0.37455050717606536,94,0.05235341843171818,0.05287959774859338
FSR_0951,95.5963,14.6281,1.585,0.04,8.792,0.262,-0.11,0.025,1.21,0.091,366,-1.73831,0.33561,2.31182,0.33583,-0.1086,0.02931,1.67567,0.04984,916,183,0.453551912568306,0.63239,0.25016,1.21761,5.59744,0.3755,0.0,0.314207650273224,532.0,4.839922310146171,0.3283520991863647,71.55398169528894,10.203411588791049,8.656975620373684,5.366469673062455,0.5356612572919577,0.36038667041481687,366,0.035094418988669246,0.054058767168331405
FSR_0968,92.8451,11.8534,2.245,0.049,7.653,0.122,-0.157,0.042,1.543,0.038,62,-2.0397,0.44724,1.34668,0.23776,0.13589,0.04079,1.65131,0.15475,214,42,0.5967741935483871,0.5416,0.21212,1.03154,1.16336,0.28241,0.54249,0.3387096774193548,99.0,2.180593846858509,0.2011686060829825,12.139102020400772,2.0593220913550345,3.705215213921055,1.2159228916650286,0.4501836778241645,0.231993817826994,62,0.07468293339691034,0.05934265106460291
FSR_0974,98.1553,12.5637,2.612,0.245,7.334,0.559,-0.175,0.033,1.828,0.172,185,-1.80661,0.41087,2.14542,0.34057,-0.01698,0.03686,1.64905,0.10544,630,126,0.5459459459459459,0.6765,0.27989,1.30325,3.18715,0.32333,0.00029,0.372972972972973,286.0,2.6636360852115537,0.3208388640827756,21.41720707706193,4.422756911121217,1.0074816951569905,1.313358436510999,0.5217811913002903,0.29826853339247406,185,0.037078151117188755,0.05639003666617494
FSR_0977,97.9736,11.8609,1.781,0.117,8.93,0.198,-0.147,0.06,1.595,0.198,31,-2.45522,1.78109,1.49035,0.59641,-0.00438,0.08191,1.18838,0.27627,200,40,0.8064516129032258,0.72033,0.23861,1.46422,0.66326,0.49561,0.03516,0.6774193548387096,56.0,0.6857523699428791,0.1585581350380406,1.4821783423015789,0.5350001322520624,574.2480603789545,333.92628109862727,0.5230789039887961,0.30056636981379414,31,0.10206050253832781,0.11528989735916124
FSR_0985,92.9451,7.008,1.95,0.028,8.592,0.254,-0.122,0.019,1.461,0.08,76,-2.75476,1.09972,1.31026,0.27096,0.00727,0.04961,1.36749,0.1859,245,49,0.6842105263157895,0.5799,0.23082,1.87721,2.35885,0.29821,0.0582,0.4473684210526316,128.0,1.0209616399391448,0.1650242923810558,4.392587396130417,1.1520312231710803,88.97737496053188,57.03174176312407,0.4629364130078445,0.24988979008041948,76,0.07985188378126973,0.0772540562882045
FSR_1085,103.2938,-0.1889,1.526,0.025,8.183,0.138,-0.147,0.031,0.867,0.058,100,-2.63398,0.40072,1.84591,0.23751,-0.05358,0.02366,1.36419,0.06635,208,41,0.55,0.56455,0.22706,1.3305,1.11443,0.32745,0.00887,0.32,155.0,1.143996142435256,0.157209636290767,6.529710933479786,1.491922597806072,23.34027906171184,9.134773813620294,0.45718579366588,0.2445394535504809,100,0.055639550681147676,0.05632878571845567
FSR_1144,104.3029,-6.6376,1.786,0.033,8.255,0.182,-0.095,0.027,0.88,0.047,124,-2.21965,0.38585,2.22345,0.26463,-0.0807,0.02602,1.40269,0.07272,308,61,0.5241935483870968,0.5508,0.24185,1.30426,2.10964,0.31731,0.00334,0.3225806451612903,189.0,1.7506807301549765,0.2276640901622757,11.818725378697334,2.5854770791119552,15.220515389681248,7.195239773453332,0.5323506195920161,0.36052575113664753,124,0.044848730716785995,0.053387455180510066
FSR_1150,106.1459,-6.6248,3.091,0.159,8.798,0.107,-0.114,0.08,1.627,0.063,95,-2.52149,1.11899,1.23993,0.23001,0.14049,0.04279,1.82784,0.26598,368,73,0.7368421052631579,0.64109,0.28352,1.87895,1.24133,0.33544,0.07323,0.4631578947368421,165.0,1.8690715632868444,0.2205698960998134,10.750443717522163,2.181364042322698,58.42162196427713,18.64680340809121,0.5325013546612392,0.38508596818855606,95,0.07300888393677141,0.05681109182905504
FSR_1163,104.7915,-9.0507,2.263,0.088,8.991,0.049,-0.115,0.029,1.617,0.091,146,-1.51909,0.80415,1.69361,0.29505,-0.03586,0.05512,1.47174,0.13115,613,122,0.5273972602739726,0.72327,0.28102,1.23417,4.67774,0.40939,1e-05,0.363013698630137,223.0,4.65382919793266,0.4288239733479481,41.26334491604506,7.02764066363998,23.73753236441644,4.849434195990228,0.5071752829176809,0.2733505461467074,146,0.04145975387700412,0.05870649561286707
FSR_1180,108.8862,-9.4497,2.552,0.069,8.713,0.236,-0.115,0.016,1.595,0.096,254,-1.7845,0.67707,1.50797,0.20164,0.1375,0.03753,2.03966,0.18319,758,151,0.6377952755905512,0.63418,0.26448,1.03754,2.74672,0.24866,0.03883,0.4173228346456692,416.0,3.743971225099034,0.1498185041195259,43.86003255684922,5.100578511670623,11.774190285944648,6.543085950238509,0.530034727477118,0.3600758577208575,254,0.043154375769931155,0.05491449356655765
FSR_1211,115.3384,-9.607,3.074,0.486,9.105,0.723,0.027,0.188,0.033,0.003,104,-1.96526,1.0109,1.8086,0.39755,-0.00887,0.04536,1.51918,0.12958,381,76,0.7692307692307693,0.66452,0.2331,1.32345,3.56379,0.23203,0.13195,0.6153846153846154,184.0,2.1637227270301107,0.3686123033445803,14.303155406118933,3.923562901242292,89.03651291321734,150.22400096250155,0.5501792416113228,0.38432032699906427,104,0.07368099423199323,0.08420789080800127
FSR_1252,110.6518,-18.7089,2.884,0.131,8.998,0.034,-0.165,0.056,1.159,0.054,173,-1.90999,0.76382,1.62892,0.24188,0.0531,0.03731,1.75932,0.13183,554,110,0.5144508670520231,0.67458,0.27833,1.14544,2.62875,0.28656,0.00551,0.3410404624277456,262.0,2.7471347499504395,0.1952516335602874,22.32684318922953,3.252541330910588,44.58334789719439,7.373285619464066,0.5089918953587026,0.27424251966500585,173,0.03799841588129852,0.055768436636985656
FSR_1253,111.5925,-18.4318,3.644,0.179,8.492,0.102,-0.183,0.06,2.192,0.067,207,-1.8802,0.62644,1.63516,0.25979,0.17156,0.03845,2.04315,0.19028,968,193,0.5797101449275363,0.6451,0.26132,,,,,0.4202898550724637,327.0,3.816803934277587,0.3192577134390846,32.95410163036129,5.280921199023636,9.420859421238378,2.678595160616872,0.5392968252183201,0.36145034097897144,207,0.03605960380986847,0.055271106189672216
FSR_1284,109.9856,-24.5242,2.316,0.068,8.882,0.051,-0.045,0.069,1.053,0.082,64,-1.04524,1.20391,1.66849,0.35527,0.01598,0.09556,1.39941,0.26,195,39,0.671875,0.62684,0.25273,1.40183,1.63885,0.47037,0.03138,0.484375,107.0,1.9804656196551629,0.273451361597353,11.65025229547556,2.679434922086952,65.41309069515766,16.891957219875316,0.46102372324770136,0.239934664995289,64,0.08245431677886095,0.08675467875828481
FSR_1342,119.4829,-31.5088,3.363,0.23,7.142,0.066,-0.148,0.04,2.697,0.099,175,-1.96534,0.37121,1.75549,0.248,0.10609,0.03514,1.80856,0.13283,1021,204,0.6114285714285714,0.6361,0.24942,,,,,0.4228571428571429,282.0,2.020285284164056,0.1844815771354994,10.990122261148596,1.8631978384270969,1.2618202017408289,0.2872873859937634,0.5339887957529202,0.35472566266524114,175,0.04262984213239871,0.055687046770920755
FSR_1360,120.3953,-34.4789,2.244,0.058,8.032,0.109,-0.044,0.031,1.552,0.036,119,-2.04436,0.41524,2.03331,0.28892,-0.02391,0.03256,1.52295,0.09677,409,81,0.5042016806722689,0.57274,0.242,1.18227,1.39541,0.27465,0.0205,0.3109243697478991,179.0,1.6319397509643336,0.1571322768387062,8.853480094004963,1.550368352159876,12.1586675770441,3.720964815755209,0.5541631271267871,0.38478916076034875,119,0.04730608074050798,0.05602231453822749
FSR_1361,117.6475,-36.4012,2.19,0.11,8.74,0.054,-0.093,0.054,2.051,0.115,427,-1.78803,0.51845,1.76206,0.20238,0.07066,0.03096,2.03406,0.12211,1067,213,0.6229508196721312,0.66773,0.25265,1.23963,4.07393,0.28052,7e-05,0.4402810304449648,693.0,4.648411144929328,0.268967630086935,77.46599887619583,10.2465124825674,7.093962278029705,1.287822394836552,0.4813696447603703,0.29585341211068467,427,0.04683230744629067,0.06678042076682948
FSR_1363,122.6578,-34.6186,3.237,0.084,7.946,0.19,-0.105,0.053,1.318,0.061,82,-2.10958,0.6191,1.23416,0.19344,0.17747,0.04414,1.80307,0.22648,278,55,0.524390243902439,0.54851,0.29271,1.23748,1.56612,0.35714,0.11296,0.3048780487804878,125.0,1.863190134774369,0.1579299097180827,9.987980237171406,1.6089990580291471,8.841426188771177,4.121941250028917,0.5239073578714124,0.31648372592817137,82,0.05515002996288459,0.052612010990986606
FSR_1399,131.0389,-39.3495,2.556,0.315,8.771,0.207,-0.017,0.074,3.125,0.1,64,-2.17121,1.58861,1.2629,0.27878,0.2,0.05196,1.76847,0.43936,351,70,0.609375,0.71398,0.27324,,,,,0.4375,103.0,1.6169451387715863,0.3142112542005781,6.229765721933137,1.9192046157457845,94.73888850971144,53.76698815014834,0.5309712709085698,0.3637532326472716,64,0.06479393982983188,0.055497571907472405
FSR_1443,129.8581,-47.3554,3.003,0.286,8.623,0.423,-0.12,0.059,1.805,0.262,61,-3.0,1.58629,0.83686,0.26752,0.1727,0.0558,1.88372,0.40308,192,38,0.6721311475409836,0.50504,0.27863,1.45745,0.99786,0.28846,0.46001,0.360655737704918,102.0,2.349975784066065,0.2690701574980508,14.653140953663444,2.9045157354039075,28.64634861006115,28.47328439989258,0.47367277489569637,0.2609869886440441,61,0.0816433305215814,0.05955657878203844
FSR_1484,142.4633,-50.6872,2.074,0.075,8.418,0.206,0.052,0.04,2.827,0.096,61,-2.13335,0.95011,1.19031,0.31722,0.193,0.05609,1.76768,0.29952,263,52,0.7377049180327869,0.62031,0.25075,,,0.7,0.62295,0.5081967213114754,106.0,1.2097317158241878,0.2466200582746466,4.756268878868905,1.5285603062266686,55.04699323982741,31.53934203057972,0.45971893945255576,0.2485347818533265,61,0.09419638135737271,0.08905571119370041
FSR_1723,238.7758,-46.0139,1.484,0.029,8.119,0.068,0.075,0.021,1.583,0.032,152,-2.19891,0.50852,1.63915,0.26842,-0.00385,0.03518,1.58659,0.10358,412,82,0.4736842105263157,0.59745,0.26253,1.39632,1.52001,0.29743,0.00246,0.2828947368421052,224.0,0.9832101304669428,0.1184160177166147,4.90467909942086,1.01160342182095,26.8157162891154,6.943984632134776,0.533890390415081,0.3439266248332977,152,0.04386915552562603,0.05532110471386334
Gulliver_1,161.5881,-57.0244,2.585,0.077,9.122,0.038,-0.033,0.049,0.911,0.077,301,-1.97521,0.61128,2.04609,0.23197,-0.00844,0.02863,1.79157,0.09095,885,177,0.6046511627906976,0.67085,0.25076,1.11699,5.46466,0.34221,0.0,0.4352159468438538,483.0,5.534618480209495,0.4815859170693873,82.30371832406897,13.532766865123582,16.090907703344588,2.997033978805904,0.5478033486269132,0.3793310736153358,301,0.03256466938588399,0.054778017381900274
Gulliver_11,68.0284,43.612,0.898,0.005,8.341,0.296,-0.001,0.065,1.349,0.066,67,-2.16503,0.63478,1.52125,0.30551,-0.05269,0.04314,1.25554,0.09862,106,21,0.5074626865671642,0.51233,0.26568,0.99318,3.04848,0.25985,0.19105,0.2835820895522388,101.0,2.03193247215536,0.5806351203177861,15.742499803853471,6.925594152429788,13.929204145924064,11.299575236598074,0.6267470951243915,0.4221255938679632,67,0.06768297750312274,0.0649609602102692
Gulliver_12,181.2095,-61.3296,1.701,0.045,8.221,0.168,0.012,0.036,1.006,0.081,63,-2.40771,0.74473,2.23912,0.44663,-0.05969,0.03568,1.20165,0.11168,142,28,0.4444444444444444,0.62456,0.23215,0.83731,2.40509,0.33804,0.05414,0.2698412698412698,91.0,4.224222691067739,0.3593288719945094,37.79865319794942,6.094966422597532,4.400719363356603,1.844325515036228,0.59888083858621,0.3910899309765131,63,0.07500958291941376,0.06110031252220903
Gulliver_13,104.877,-13.2366,1.472,0.024,8.815,0.31,-0.115,0.068,1.579,0.101,116,-1.70507,0.63474,2.30539,0.54904,-0.02551,0.03975,1.51089,0.10546,351,70,0.5258620689655172,0.77923,0.2226,1.41808,4.21417,0.32966,0.00318,0.4396551724137931,177.0,3.413815202221367,0.5160575906794859,28.66752442053725,7.10117014407346,22.782942226416058,17.2138898058301,0.5303679511064714,0.3673929731171374,116,0.04636169210383969,0.05641218981822664
Gulliver_14,259.8991,-36.8053,1.187,0.068,8.672,0.079,0.201,0.061,1.874,0.124,80,-3.0,0.95403,1.44458,0.30644,0.12488,0.03475,1.8613,0.23553,170,34,0.5875,0.81594,0.26065,1.10324,4.17017,0.49462,0.00122,0.4625,127.0,4.040188240023442,0.5772393531317472,41.26932221818264,9.75994980679344,11.386038910961028,3.397136655568427,0.5036808603557413,0.2718897881698987,80,0.05900145522569761,0.07535481454768299
Gulliver_17,302.6855,35.8699,1.664,0.027,8.019,0.083,0.137,0.047,1.255,0.033,241,-2.34517,0.34973,2.31787,0.24482,-0.07638,0.02166,1.57679,0.06436,511,102,0.5933609958506224,0.61441,0.24395,1.17483,3.02179,0.29406,5e-05,0.3568464730290456,384.0,2.3748570308771573,0.2744273943675982,25.30690948274177,5.061712642222218,4.128201509288422,1.142028011418227,0.4948759599847782,0.27081119415347155,241,0.04216873070211398,0.057980561867562695
Gulliver_18,302.9274,26.5286,1.515,0.022,8.063,0.015,0.106,0.054,2.074,0.061,419,-2.19172,0.2823,1.85561,0.20032,-0.03042,0.02253,1.82748,0.06335,888,177,0.6467780429594272,0.69392,0.26135,1.13021,6.24226,0.29278,0.0,0.4749403341288782,690.0,4.17865950964057,0.328448926455784,72.11680677139094,11.13346375099094,1.6031106949271294,0.25360793679822,0.44691100111077314,0.2728927137026309,419,0.06126603443646176,0.07866518048858125
Gulliver_20,273.795,10.9935,0.415,0.008,8.853,0.085,-0.025,0.036,0.297,0.041,103,-1.88678,0.65342,1.10486,0.5013,-0.2,0.06576,1.20106,0.09594,136,27,0.5145631067961165,0.61088,0.22407,1.17154,3.91181,0.18296,0.60404,0.3495145631067961,156.0,4.8787432137408775,0.4879536475928513,71.46575391874876,12.856051370862597,9.974750017147793,2.651614516687841,0.6765035137792593,0.48334276038179447,103,0.0661143879590724,0.0638139523501054
Gulliver_21,106.9783,-25.4744,0.638,0.0,8.177,0.177,0.111,0.156,0.046,0.016,179,-1.80298,0.2368,1.24243,0.15926,-0.10698,0.02634,1.56054,0.04011,281,56,0.5977653631284916,0.55536,0.22385,1.38047,5.60289,0.22941,0.02631,0.3463687150837989,286.0,3.2572982655890472,0.4506525765247366,43.36645358157117,9.983387374969288,3.466139935244301,1.6224340470685057,0.6410459281184692,0.46365771118927174,179,0.03831966933975486,0.06194531869554979
Gulliver_24,1.1341,62.8374,1.415,0.016,8.266,0.191,0.005,0.056,1.515,0.078,121,-2.27795,0.41266,1.84256,0.22914,-0.01289,0.02599,1.49294,0.08103,218,43,0.512396694214876,0.61121,0.25668,1.17812,2.85254,0.19126,0.18083,0.3057851239669421,183.0,2.2861565935943258,0.2946158963824637,20.45063713265081,4.437986513568963,9.021799209540434,4.424470547713437,0.46266006120041014,0.28218316510225244,121,0.047617304500665904,0.05277387186624992
Gulliver_25,52.0999,45.1429,1.292,0.017,8.472,0.204,-0.11,0.055,1.072,0.083,103,-2.19197,0.53834,1.91617,0.36319,-0.02744,0.03502,1.50238,0.08939,258,51,0.5242718446601942,0.65953,0.22424,1.32859,9.10159,0.38473,0.00063,0.3786407766990291,157.0,8.603438300262258,2.0240714259055914,122.09782827254162,44.7457158549748,2.4282425260721,1.446684870305926,0.5206988871396396,0.32565040203466333,103,0.04920838171133511,0.05442129451344472
Gulliver_26,80.6863,35.2763,2.444,0.155,8.67,0.187,-0.123,0.101,2.116,0.07,100,-1.56478,0.57217,2.39228,0.35913,0.03278,0.03534,1.59936,0.129,357,71,0.65,0.74397,0.24144,0.60227,4.53839,0.41389,0.01086,0.51,165.0,3.005413675539542,0.648112132438252,22.25531181364293,7.531462706326676,21.01678669810717,11.50992338851962,0.5319073606962575,0.3791508345833215,100,0.05708638979651804,0.06443970515540628
Gulliver_27,146.0707,-54.1086,2.537,0.094,8.2,0.196,-0.008,0.038,1.794,0.09,206,-2.04203,0.64507,1.32808,0.21601,0.09769,0.04873,1.93671,0.19949,555,111,0.5339805825242718,0.57757,0.29435,1.09641,3.05116,0.36438,0.00049,0.3252427184466019,316.0,2.6850822548665696,0.345176033426894,24.991167071599016,5.4285139283712285,6.341813441206788,3.176362802617691,0.5149704192286488,0.2928335009467419,206,0.03499451632921246,0.05324062178423191
Gulliver_28,293.9238,18.0531,0.502,0.127,9.001,0.469,-0.229,0.051,1.297,0.463,102,-2.1119,0.81814,1.50166,0.50431,-0.13061,0.05525,1.36768,0.0884,180,36,0.6862745098039216,0.82183,0.22934,1.44482,6.11332,0.2361,0.23017,0.5392156862745098,172.0,4.705119988855887,0.7363011230150952,63.370919116713495,16.168907852929458,15.816485732704953,17.550676043073725,0.5747208559322906,0.3611916900672291,102,0.05525442560375584,0.07342753895865324
Gulliver_31,301.9167,38.2524,2.129,0.059,8.249,0.115,0.112,0.06,1.556,0.035,129,-1.47142,0.55533,1.31454,0.28488,0.03686,0.06197,1.67465,0.14535,371,74,0.5968992248062015,0.54464,0.28194,1.24594,2.55834,0.36738,0.00121,0.3410852713178294,206.0,2.2349642794518934,0.2367692925770869,16.59958177066803,3.114266917269046,10.688157722294036,3.468559186800756,0.5550957769846655,0.37982548523469506,129,0.0445266052377599,0.053287093710628786
Gulliver_32,98.3883,7.4998,1.627,0.068,8.737,0.536,-0.164,0.084,1.553,0.28,64,-1.3108,0.78945,1.72018,0.51992,0.01362,0.06441,1.38661,0.14155,181,36,0.515625,0.72659,0.24325,1.59162,3.16888,0.35833,0.03325,0.40625,97.0,3.243590621312705,0.4930745085078181,23.59302371868185,5.869121400107874,23.13217108577394,29.12356145390476,0.504765269630185,0.27598308720543213,64,0.062469474967654204,0.06346548043129487
Gulliver_35,150.3452,-58.1981,2.025,0.051,8.091,0.223,0.058,0.061,1.342,0.064,93,-1.92937,0.30828,2.56152,0.40627,-0.00236,0.02555,1.57982,0.06657,281,56,0.6451612903225806,0.698,0.21937,0.85385,3.00539,0.22698,0.20698,0.5053763440860215,153.0,2.773336519533531,0.5399859363767125,20.99751967354081,6.479619057933499,5.872621397196522,3.5181154742639595,0.5241771934304561,0.33730942178970386,93,0.06057791740268458,0.07000225289617454
Gulliver_36,123.2226,-35.1208,1.278,0.018,8.849,0.141,-0.08,0.063,0.969,0.129,130,-2.60734,0.66869,1.60955,0.26457,0.02926,0.02867,1.71754,0.09971,260,52,0.6538461538461539,0.73041,0.25541,1.30279,3.8827,0.28352,0.00873,0.5,215.0,2.9005575177331475,0.2363997434615417,30.30369798620797,4.786220102374977,23.30796573356909,8.415197091573203,0.5142823832150721,0.3484861547699298,130,0.058561507604937314,0.06676050126323246
Gulliver_37,292.0752,25.3313,1.479,0.032,8.261,0.161,-0.036,0.106,1.893,0.062,113,-2.10485,0.50538,1.43286,0.26603,0.07556,0.03803,1.74258,0.13338,306,61,0.5752212389380531,0.59299,0.24305,1.37498,2.77207,0.32175,0.00865,0.3982300884955752,178.0,2.8840492663335904,0.4879464625242498,23.94416968960021,6.528466179469168,7.617285234625682,3.505362892298294,0.5332137241137532,0.36223305510295467,113,0.04749345674543387,0.0535202470113017
Gulliver_39,163.6979,-58.0499,2.465,0.119,8.852,0.177,-0.048,0.06,1.769,0.123,78,-1.48949,1.19845,1.79536,0.33227,0.09639,0.06236,1.60231,0.29429,373,74,0.6666666666666666,0.67021,0.23266,1.23727,1.96354,0.30357,0.19413,0.5256410256410257,130.0,2.25680937994315,0.3539731708179894,11.835950238836045,3.0220360311640566,60.089261892948855,28.898810396070346,0.5313219595348335,0.3714617232302339,78,0.06500535093199486,0.06910488934998651
Gulliver_40,163.0982,-58.4122,1.524,0.021,7.901,0.204,0.151,0.071,0.671,0.102,50,-1.27432,0.42234,1.82695,0.53308,-0.07715,0.08069,1.18855,0.10262,131,26,0.46,0.64591,0.24136,1.36676,1.72102,0.4,0.03452,0.3,73.0,1.9179456493426643,0.3235481777461014,10.289175098513796,2.796660459780385,7.737834596014585,4.199316081882852,0.5838739768892437,0.3774980419687932,50,0.07805443997621148,0.05510702042857784
Gulliver_44,127.2252,-38.067,1.178,0.017,8.788,0.096,0.031,0.07,1.471,0.096,172,-1.98902,0.39585,2.27556,0.23814,-0.06624,0.02419,1.58881,0.06854,379,75,0.7151162790697675,0.75358,0.2292,1.38349,4.31181,0.2318,0.01639,0.5872093023255814,295.0,3.2369222155866035,0.3402313994048764,37.90755673470686,7.056109180105416,16.191019892423064,4.678906659271816,0.5079650909903467,0.324051615623646,172,0.06896992643842044,0.09358520890027044
Gulliver_47,107.9099,0.837,1.847,0.045,8.621,0.039,-0.116,0.032,0.448,0.051,184,-1.69384,0.37278,2.29326,0.32593,-0.07335,0.02918,1.55911,0.0681,466,93,0.4565217391304347,0.5945,0.22817,1.30472,7.10906,0.30303,0.00031,0.3206521739130434,268.0,6.8067061339078805,0.7002621472923027,96.64950546922512,17.761168096427223,4.3231505905601,0.8842420484038166,0.5109559550458729,0.2759058953503461,184,0.039909488922218884,0.05405291763987741
Gulliver_5,132.6015,-45.4904,2.054,0.094,7.083,0.051,0.075,0.062,2.117,0.068,78,-1.45079,0.22503,1.60974,0.3357,0.09867,0.0454,1.54692,0.0928,394,78,0.7051282051282052,0.72284,0.2467,,,0.47368,0.63736,0.5512820512820513,133.0,4.255977570921585,0.6637318713239075,30.337093963840683,7.705914317764798,0.3990488129790599,0.1116703250659403,0.5309031287081822,0.3691086347109985,78,0.07008507523621556,0.07365298831699847
Gulliver_50,181.347,-62.6797,1.657,0.029,8.023,0.151,0.054,0.051,1.081,0.033,197,-2.05101,0.2731,2.4469,0.24562,-0.09319,0.01991,1.56,0.05083,421,84,0.5177664974619289,0.69308,0.28261,1.42542,4.34631,0.55609,0.0,0.3147208121827411,299.0,3.8445367109414303,0.5509908017577464,47.054028192917926,11.15166325665447,2.2408004944196325,0.9428849527328104,0.5062861918742266,0.30823004329627957,197,0.035691357137005976,0.052612010990986606
Gulliver_56,95.3891,26.9237,1.956,0.055,8.52,0.14,-0.084,0.033,0.899,0.086,90,-2.7233,0.66656,1.30532,0.2013,0.09402,0.03195,1.70864,0.15662,269,53,0.5333333333333333,0.57784,0.27438,1.01655,1.73177,0.21394,0.3117,0.3222222222222222,138.0,2.661015409599304,0.2413818170708533,18.660835105740382,3.134724140273676,17.744710759527013,6.450290735403361,0.5238723348891019,0.31572648862703717,90,0.05258737584977436,0.052612010990986606
Gulliver_59,195.7457,-64.6247,1.944,0.094,8.019,0.349,0.079,0.041,1.55,0.145,158,-1.94521,0.33924,1.87074,0.25018,0.05863,0.02803,1.7957,0.08818,411,82,0.5632911392405063,0.67455,0.25296,1.08985,5.7817,0.36339,0.00086,0.3670886075949367,247.0,4.9594670216261525,0.4954400922221443,60.03832581962403,10.807808080142468,1.740088859838468,1.432994549204186,0.5057286029522791,0.33363906610695365,158,0.04279360285632901,0.053363772197349967
Gulliver_6,83.4051,-1.5811,0.408,0.001,7.124,0.014,-0.034,0.024,0.485,0.088,373,-1.47001,0.41428,0.45494,0.35165,-0.2,0.10069,1.5141,0.10984,365,73,0.353887399463807,0.65741,0.23264,1.04796,4.18906,0.1064,0.64708,0.260053619302949,505.0,3.5186183860109006,0.4415865139257421,67.3528653644525,14.357072947540216,0.1975349394237171,0.0425857198611728,0.320053784235566,0.21399120136509933,373,0.02640507157574945,0.054110990487275114
Gulliver_60,303.4523,29.7071,1.047,0.012,7.992,0.179,0.184,0.059,1.36,0.066,169,-2.15864,0.30496,2.13812,0.25154,-0.02562,0.02178,1.65774,0.06229,347,69,0.5621301775147929,0.63612,0.22348,1.06685,2.54868,0.28634,0.0016,0.4023668639053254,264.0,2.228894125684028,0.2057278696501306,20.74077438083476,3.535291394438378,4.73341990512734,2.111188873936422,0.5656783811035522,0.36230057497175094,169,0.038163448004104844,0.05356556090591269
Gulliver_8,80.5653,33.8029,1.037,0.02,7.437,0.076,-0.022,0.085,1.049,0.077,51,-1.26319,0.26967,2.08701,0.71216,-0.18748,0.08548,1.1184,0.07517,156,31,0.6666666666666666,0.63126,0.22451,1.7067,1.60426,0.1646,0.81137,0.4901960784313725,85.0,0.7410082991410725,0.4643269282454167,2.522726787081637,2.384379295960237,10.842508750109047,10.422072558943254,0.5341476937945799,0.31378735262672913,51,0.07405085000537136,0.06898398603107543
Haffner_13,115.2647,-30.0759,0.551,0.001,7.541,0.026,-0.057,0.032,0.247,0.029,374,-1.74748,0.33103,0.78607,0.24373,-0.2,0.05522,1.53337,0.07684,393,78,0.3823529411764705,0.61241,0.22843,0.95365,3.27815,0.10122,0.62291,0.267379679144385,517.0,3.113578398902101,0.2034176598855034,55.07058875216975,7.680648833989963,0.6310739894341758,0.0957814200127624,0.2965924640545511,0.20000697712273616,374,0.03456169936128146,0.056134660514255724
Haffner_16,117.5868,-25.4628,2.786,0.072,8.324,0.331,-0.058,0.054,0.388,0.033,169,-2.12256,0.41077,3.0,0.36564,-0.08066,0.02124,1.61404,0.06095,511,102,0.8224852071005917,0.73437,0.21008,1.98402,2.65348,0.31642,0.00044,0.6686390532544378,308.0,1.393646310592615,0.1717312069174966,9.543022697021314,2.00461314222024,22.09601943618409,17.46853103663659,0.5129655109412626,0.2761577473258463,169,0.09335945098244017,0.1210244652254115
Haffner_20,119.0604,-30.364,3.542,0.107,8.271,0.275,-0.174,0.043,2.224,0.057,91,-2.77805,0.77046,1.39343,0.19763,0.18154,0.03323,1.98763,0.24424,377,75,0.5824175824175825,0.62587,0.25106,,,,,0.3956043956043956,144.0,1.1279102618564802,0.1587120240184978,4.491348335812884,1.0479840451362985,41.5549975483449,28.04272056552391,0.5317511341004543,0.3770071320708677,91,0.05317320247684256,0.052612010990986606
Haffner_21,120.2959,-27.2172,2.683,0.072,8.804,0.055,-0.02,0.047,0.366,0.028,108,-2.65754,0.69384,2.16865,0.26444,-0.01695,0.02602,1.51983,0.09591,270,54,0.7222222222222222,0.63393,0.21575,1.23074,1.52572,0.24127,0.07926,0.5277777777777778,186.0,1.2068960463212224,0.1496076937977234,7.137056081137902,1.5068162963997247,89.22383594418781,21.96652476969194,0.5146884717333194,0.3445137988059124,108,0.07316657155863093,0.0726569468871929
Haffner_23,107.4003,-16.8847,1.965,0.051,8.695,0.097,-0.021,0.038,0.839,0.081,198,-1.13634,0.34765,2.50517,0.30516,-0.04698,0.02969,1.67177,0.06589,561,112,0.4494949494949495,0.65314,0.2483,1.32262,5.60626,0.28549,0.00056,0.3383838383838384,287.0,5.0530399401779,0.5709799982715161,59.46543502563461,11.69721098881694,8.33173406687784,2.479707014346108,0.5091614034061958,0.2741550708537774,198,0.03865380226209511,0.05541879980636346
Haffner_26,123.9004,-30.8439,2.635,0.058,8.82,0.036,-0.055,0.055,0.62,0.057,183,-1.60365,0.37903,2.05545,0.25869,0.00846,0.02875,1.72418,0.06962,602,120,0.5191256830601093,0.56216,0.25864,1.24384,2.98433,0.2782,0.0035,0.2950819672131147,278.0,3.7036013971699218,0.266870139326672,35.127322208171904,5.164566658334969,18.808534396450376,3.174542809823447,0.5078370496574101,0.2734953414395827,183,0.037034620069306946,0.0527933171325499
Haffner_3,106.0288,-6.1328,2.332,0.041,8.722,0.098,-0.142,0.028,1.329,0.075,118,-2.24006,1.10342,1.24731,0.20998,0.07065,0.05657,1.74301,0.25279,275,55,0.711864406779661,0.57327,0.26912,1.254,1.44717,0.13936,0.67346,0.3983050847457627,202.0,1.7749559300252225,0.1453356580992794,13.440394800572705,2.1287320958265274,39.22726000581148,10.814540279287996,0.5228485974157527,0.3476720321999551,118,0.06676186463295866,0.05397861581839041
Haffner_4,106.5099,-15.0044,4.203,0.258,8.865,0.428,-0.237,0.038,1.489,0.184,185,-2.8309,0.75819,2.12197,0.27831,0.04184,0.02597,1.76203,0.13126,1119,223,0.8,0.73591,0.24591,0.98739,4.00991,0.17096,0.53541,0.6270270270270271,333.0,2.210681344311141,0.2724163097328619,13.707265260916246,2.878356523256838,53.46249008753185,53.87039569899317,0.5265588007992322,0.34944909895723053,185,0.08272816972314459,0.0953676498526968
Haffner_6,109.9982,-13.1523,4.106,0.188,8.633,0.12,-0.219,0.026,2.079,0.079,396,-2.434,0.66357,1.41581,0.16139,0.18104,0.02766,2.29799,0.18891,1745,349,0.6363636363636364,0.55416,0.25992,,,,,0.3686868686868687,648.0,4.30545916303126,0.2440981161503172,51.10047227954795,6.708040813897997,8.405723227274372,2.571376079346787,0.44096105957635134,0.26231880275204444,396,0.061023033177924964,0.06125983882527039
Haffner_7,110.7423,-29.5073,4.016,0.119,8.838,0.035,-0.106,0.063,0.811,0.052,114,-2.6302,0.90257,1.64998,0.27149,0.08473,0.03424,1.7645,0.17986,422,84,0.5175438596491229,0.64254,0.28797,0.98107,2.11851,0.17526,0.69437,0.3333333333333333,173.0,2.019416778569362,0.3057337023053181,11.6889623845622,2.898245738176097,58.91474997419693,15.35999726298934,0.524079050999592,0.3558140758269217,114,0.046800454806289464,0.05279340254914786
Haffner_8,110.7763,-12.3186,2.496,0.049,8.532,0.164,-0.116,0.06,1.29,0.061,221,-2.19468,0.73136,1.55174,0.25504,0.0443,0.04204,1.84535,0.16095,633,126,0.5248868778280543,0.59235,0.26736,1.37772,3.6753,0.3334,4e-05,0.3212669683257919,337.0,2.179395729834767,0.2036564424155412,18.009672951695016,3.096035528917404,18.90140873818381,7.842439334299098,0.5310126435699477,0.3072626496078858,221,0.03359195142451028,0.05274370906939736
Haffner_9,111.1713,-17.0041,2.647,0.105,7.97,0.267,-0.145,0.029,2.215,0.056,218,-2.04549,0.4284,1.5851,0.22535,0.05203,0.03315,1.81151,0.1085,582,116,0.6467889908256881,0.67062,0.27107,1.27578,2.13713,0.39822,4e-05,0.4495412844036697,359.0,1.7784829524689911,0.1617901342254636,14.561840964568594,2.460550901587918,6.408903263452437,4.0862411595181625,0.49305681433575393,0.27347176951388036,218,0.05448615439947602,0.07268066474895543
Harvard_10,244.8341,-54.9315,0.671,0.004,8.267,0.099,-0.024,0.029,0.586,0.049,252,-1.42258,0.2478,1.65446,0.18659,-0.09841,0.02971,1.67276,0.05745,425,85,0.4444444444444444,0.54351,0.24824,1.11042,3.51496,0.13056,0.21182,0.2619047619047619,364.0,3.767863530892402,0.2438080692426009,53.13133796118141,7.404307474043876,3.480560983292348,0.929933437293728,0.4918699429041521,0.2828076864459631,252,0.033745094084200546,0.052913802672978336
Harvard_20,298.319,18.3437,2.234,0.071,8.027,0.099,-0.002,0.063,0.936,0.059,152,-1.89398,0.33711,1.92161,0.3215,-0.01161,0.03283,1.59534,0.08773,483,96,0.5526315789473685,0.63714,0.22858,1.35443,3.38904,0.23011,0.03346,0.3815789473684211,236.0,3.629771786267248,0.5380556032146395,33.464665134011106,8.150286844181204,3.179900393333968,1.0607722335618963,0.5315123902988969,0.30532813069057446,152,0.04068582085161887,0.056625294120573516
Hogg_16,202.3062,-61.2086,1.996,0.041,7.415,0.056,0.119,0.051,1.486,0.041,68,-1.57629,0.40986,1.18606,0.23247,0.11565,0.05657,1.60161,0.17662,232,46,0.6176470588235294,0.56832,0.25,1.68487,0.91866,0.59134,0.00439,0.4117647058823529,110.0,1.6585268698284117,0.1678519259386262,8.353438204923203,1.5145786146324067,3.112681867488809,0.6925335577613029,0.45403267193282537,0.23579785582318866,68,0.07530489859830147,0.07055550342700061
Hogg_22,251.6592,-47.0786,2.416,0.102,6.945,0.071,0.064,0.073,2.169,0.018,74,-0.9809,0.40415,1.72116,0.46813,0.14151,0.09978,1.67399,0.26665,444,88,0.5405405405405406,0.66475,0.23413,,,,,0.4054054054054054,114.0,1.5997583159443174,0.387291535382938,5.872834402729852,2.2106504506055287,1.5002106522848309,0.6156690593602977,0.5243698734721769,0.3554248459348571,74,0.05793244721372784,0.053726306691263465
Hogg_4,149.4142,-54.6099,3.484,0.164,8.999,0.038,-0.046,0.065,1.917,0.065,564,-1.52942,0.95619,1.58391,0.14533,0.14507,0.04088,2.22811,0.24878,2165,433,0.7322695035460993,0.7653,0.28702,,,0.30809,0.04014,0.5088652482269503,977.0,5.008657426099801,0.2005232884340749,80.81839661980382,9.427168386566692,12.344962354500328,1.8000929672621395,0.4722662084428758,0.295117563577705,564,0.07512198869465038,0.0817521991610947
IC_1369,318.0191,47.7696,2.87,0.099,8.49,0.229,-0.009,0.03,2.563,0.058,336,-1.56493,0.41412,1.59516,0.20684,0.11415,0.03434,1.99408,0.11858,1262,252,0.6755952380952381,0.68157,0.26474,,,0.43373,0.34627,0.4761904761904761,563.0,2.032820816069909,0.1768738554423706,17.3770126081393,2.855447255578684,17.783813030475184,9.822059193358005,0.4837495959807471,0.300393714158889,336,0.05996907212268845,0.0728024313918071
IC_1434,332.6303,52.8524,3.016,0.128,8.118,0.266,-0.047,0.066,1.454,0.045,578,-2.2781,0.33181,2.36517,0.22112,0.09568,0.01825,2.30151,0.09186,1432,286,0.596885813148789,0.7317,0.22676,1.25218,4.73305,0.15412,0.11081,0.4757785467128028,923.0,4.433448027888527,0.1932113040549428,78.93370545731136,9.421059641375516,1.6624075753403764,1.0373563117227211,0.43712076553498413,0.26064302234907893,578,0.050882361484737425,0.08085503663149766
IC_1442,333.9595,53.9963,2.808,0.112,7.465,0.087,-0.082,0.052,1.547,0.05,392,-2.16327,0.32427,1.63512,0.1957,0.06028,0.02787,2.06485,0.09777,1473,294,0.5561224489795918,0.61477,0.27012,1.15828,5.98062,0.14957,0.05812,0.3545918367346938,610.0,9.08781883643121,0.4452433508390607,162.32470442697704,20.11785886218005,0.1797278500706337,0.0423373261325854,0.44333884758277636,0.26332301968924654,392,0.04088628261426366,0.058808556442803236
IC_1590,13.2149,56.6326,2.532,0.188,6.871,0.139,-0.128,0.073,1.315,0.088,137,-1.23589,0.15651,2.07564,0.42933,-0.00209,0.03808,1.66052,0.06437,651,130,0.781021897810219,0.7948,0.22153,1.27787,1.96815,0.15244,0.45819,0.6423357664233577,244.0,1.275543261147196,0.3243062749665149,6.163098926370785,2.4296656853542604,1.2055933983429306,0.6121917666718795,0.5253655316230186,0.30140163824641647,137,0.08181267317572279,0.10989540065652863
IC_2157,91.1797,24.0869,1.877,0.049,7.738,0.282,-0.037,0.055,1.587,0.048,74,-1.47329,0.47739,1.16418,0.19429,0.07301,0.06447,1.5074,0.18455,189,37,0.5675675675675675,0.56935,0.29493,1.33787,2.01886,0.30754,0.11954,0.3378378378378378,116.0,1.5209239585435503,0.2738527657141757,8.452172303502625,2.428102547683961,6.471897912768364,4.595299978031903,0.4493868696175483,0.23613624122826765,74,0.06523563257823181,0.05890367051633164
IC_2391,130.7678,-53.0893,0.149,0.0,7.761,0.021,0.124,0.04,0.088,0.032,289,-1.45672,0.34885,0.05896,0.23884,-0.2,0.10269,1.37756,0.07981,215,43,0.2283737024221453,0.5678,0.25615,1.15569,2.35659,0.2733,0.00654,0.1314878892733564,355.0,1.680062191908641,0.2151800988465019,21.801516996972563,4.721894371332881,2.645533627189076,0.5870906680115804,0.3883567952393701,0.28299056896449903,289,0.05199562915597115,0.06764575671901199
IC_2395,130.4568,-48.0611,0.693,0.004,7.122,0.023,-0.034,0.039,0.474,0.044,361,-1.52541,0.26146,1.10254,0.3167,-0.2,0.05283,1.55934,0.07894,484,96,0.4016620498614958,0.69031,0.23103,0.96836,2.11322,0.09902,0.60285,0.2770083102493075,506.0,2.6490025647646247,0.1947040151704361,38.268590279370834,5.674955402017731,0.346064886510483,0.0544933541994213,0.47052269332538343,0.32425793689361626,361,0.03208911024729758,0.054334881769302186
IC_2488,141.7932,-57.0357,1.287,0.012,8.184,0.036,0.019,0.025,0.979,0.024,642,-1.8619,0.22666,2.09653,0.20011,-0.03747,0.01969,2.01739,0.05189,1190,238,0.4672897196261682,0.59169,0.24705,1.17707,5.11982,0.15216,0.00106,0.2990654205607476,942.0,4.252551957003944,0.1989506067827735,82.73272273836325,10.10715987280755,1.8463867834603924,0.2725900551932151,0.4405400046316336,0.2570065272023254,642,0.021181759288221687,0.053921348073625294
IC_2581,156.8493,-57.6239,2.421,0.114,7.135,0.079,0.041,0.071,1.435,0.022,217,-1.19843,0.20048,1.65942,0.24157,0.13236,0.04015,1.98484,0.09649,834,166,0.511520737327189,0.58427,0.27222,1.40845,2.65511,0.26601,0.26432,0.3317972350230415,328.0,2.2813270122508778,0.3358572744710993,16.445601056579225,3.983445265628895,0.8297557090763849,0.2513481009181494,0.5485003763246972,0.36433775534320334,217,0.035542781057836176,0.053394893120448574
IC_2602,160.6034,-64.3443,0.149,0.0,7.7,0.043,0.121,0.06,0.104,0.064,299,-1.28066,0.27087,0.16502,0.2184,-0.2,0.09393,1.47057,0.06968,264,52,0.31438127090301,0.50254,0.25598,1.14766,1.88615,0.27896,0.00222,0.157190635451505,393.0,1.9890235862355872,0.2183427955122263,27.492780787117336,5.274921201865047,1.822977593674775,0.393592854164869,0.32637934992962586,0.22391575753296414,299,0.026985668644282756,0.05575029596878762
IC_2948,174.7877,-63.4337,2.242,0.081,6.814,0.063,-0.007,0.084,1.351,0.023,313,-1.39401,0.13489,2.02135,0.2645,0.0172,0.02674,1.9379,0.05286,1025,205,0.6773162939297125,0.77762,0.22103,1.08825,2.11547,0.06154,0.96683,0.5399361022364217,525.0,3.6986331906797,0.1525738905548429,44.70396475979698,5.25700002199185,0.1457652352676474,0.0272202727018204,0.5239853965865953,0.34616878516059907,313,0.05157226912197028,0.07657772885335158
IC_361,64.7416,58.2517,3.385,0.113,9.014,0.034,-0.229,0.041,2.374,0.044,748,-1.8164,1.04042,1.44623,0.12477,0.12474,0.03777,2.34037,0.23606,2459,491,0.81951871657754,0.61772,0.27949,,,0.2036,0.23426,0.4786096256684492,1361.0,3.5484008706688863,0.1429176328957172,59.67807253413416,6.964065083549906,17.305542252067305,2.431810665890421,0.48017740092307426,0.302274708485424,748,0.09829493699247499,0.07331049779095379
IC_4665,266.6712,5.5021,0.31,0.013,8.309,0.27,0.112,0.066,0.51,0.148,253,-1.93339,0.81814,0.29588,0.57501,-0.2,0.14835,1.28553,0.17094,308,61,0.7905138339920948,0.82766,0.19099,1.21903,2.87789,0.18955,0.1633,0.6758893280632411,453.0,2.5793179901933883,0.1903911236316054,42.14206557184753,6.259970380723224,4.833749959960517,3.0897223453579823,0.3759199555310251,0.27325329916189606,253,0.11978256592896226,0.126503902849217
IC_4996,304.1411,37.6504,1.912,0.08,7.027,0.023,0.076,0.065,1.863,0.049,134,-1.23688,0.16767,1.99145,0.24378,0.02968,0.02927,1.6818,0.07647,500,100,0.753731343283582,0.72642,0.2148,1.25385,0.67174,0.25702,0.175,0.5970149253731343,235.0,0.8876864548755696,0.1182025224048914,3.964669858032433,0.8855944442851953,2.684064641771772,0.6161641626451783,0.5315516454576439,0.3046344495340443,134,0.07229268772269423,0.10012513265987236
Juchert_20,62.6978,46.8662,2.603,0.078,8.005,0.619,-0.188,0.047,2.41,0.163,162,-1.97058,0.33999,1.8211,0.24044,0.03497,0.03159,1.70136,0.08623,707,141,0.7098765432098766,0.68691,0.2491,1.14723,3.68595,0.17251,0.47618,0.5185185185185185,277.0,1.7421833106334164,0.2659276315535848,10.428102269012951,2.604239535918655,9.700513364409582,14.036770447511712,0.5313221265283133,0.33720892919457923,162,0.061488594874221716,0.07370134051165542
Kharchenko_1,92.1846,24.2756,2.407,0.093,8.671,0.077,-0.186,0.041,1.549,0.114,106,-2.78261,0.89599,1.49554,0.2588,0.06713,0.0357,1.68993,0.17725,348,69,0.5943396226415094,0.55506,0.23617,1.40736,3.42875,0.2481,0.12326,0.4056603773584906,169.0,3.096441083933716,0.4030454622771897,24.00727578413884,5.256956868662082,19.52797086852316,5.502050114923204,0.5309595735559719,0.3699704083264503,106,0.05025794869872254,0.053185642402440406
King_12,358.254,61.9608,2.491,0.099,7.259,0.097,-0.099,0.059,1.837,0.053,86,-2.00498,0.61779,2.22119,0.35124,0.05212,0.03555,1.61476,0.14303,300,60,0.686046511627907,0.63151,0.2255,0.81456,2.27939,0.22785,0.82053,0.5116279069767442,145.0,2.4522303511789625,0.399704925897161,16.224881959138404,4.285877773624198,1.1189700284694994,0.3870782918202275,0.5364126114824276,0.3557889363246334,86,0.06435605940042716,0.06908821917911974
King_13,2.5554,61.1745,3.23,0.107,8.76,0.045,-0.155,0.03,2.194,0.051,539,-1.90161,0.53983,1.51665,0.15831,0.09979,0.02934,2.17702,0.12626,1577,315,0.7235621521335807,0.61233,0.27313,,,0.18811,0.30445,0.4397031539888683,929.0,3.542555528102094,0.1631709463564402,54.01556923750928,6.559751926753926,10.653223606825602,1.7006653585593186,0.43720832105313184,0.26110616079244986,539,0.08428804826208819,0.07398254964100165
King_14,8.0069,63.1666,2.232,0.086,7.47,0.11,-0.019,0.042,1.681,0.04,217,-1.56528,0.34231,1.81872,0.27001,-0.0322,0.04144,1.69831,0.10159,870,174,0.5483870967741935,0.56465,0.27051,1.03488,1.98023,0.1367,0.28892,0.3225806451612903,336.0,2.092140133332354,0.2112935147561489,14.414603889679228,2.6165386609208783,2.047374488576431,0.637987881662964,0.551504534832577,0.36867180157757085,217,0.03378289923152534,0.054394354107258736
King_15,8.2512,61.853,2.73,0.079,8.006,0.537,-0.109,0.039,2.063,0.082,131,-1.51906,0.3931,1.83432,0.27791,0.05746,0.03748,1.6719,0.10712,452,90,0.5954198473282443,0.71044,0.26112,0.65276,1.87052,0.2322,0.34352,0.4351145038167939,209.0,1.995836075696629,0.2630097245203352,12.833773988493784,2.840432473595892,7.900336928527101,9.92392930531738,0.5045325116534809,0.31350527572451664,131,0.04908506873058058,0.06205389418195213
King_16,10.9122,64.178,2.506,0.046,7.378,0.322,-0.063,0.055,2.528,0.049,149,-1.66944,0.3412,1.11057,0.17433,0.19606,0.04474,1.92029,0.15591,633,126,0.5973154362416108,0.61164,0.28633,2.67196,1.53446,0.18706,0.90954,0.3758389261744966,238.0,1.3673558502761411,0.3137885464076,6.803326655122935,2.437819828241424,3.509770152099261,2.8902284538136955,0.5070257854963487,0.2732129471527117,149,0.04765642760284367,0.06042736452368027
King_17,77.0798,39.0688,3.318,0.075,7.559,0.45,-0.263,0.034,1.876,0.096,72,-1.25894,0.48705,1.37132,0.32024,0.07748,0.07136,1.5155,0.17039,281,56,0.6111111111111112,0.59696,0.26625,2.19874,1.58689,0.24839,0.57633,0.4027777777777778,116.0,1.4561646671886144,0.2599890478906274,6.493824773774558,1.855622585483704,5.578268755874417,5.995765784344157,0.5236012547160511,0.31566308885079003,72,0.06212574848505677,0.05763147687194579
King_18,343.0382,58.3019,2.501,0.079,8.404,0.049,-0.09,0.027,2.096,0.063,287,-2.54596,0.42659,1.78607,0.21461,0.03318,0.02434,1.86476,0.08995,718,143,0.6480836236933798,0.70547,0.27263,1.17471,5.06942,0.33811,0.0,0.4529616724738676,473.0,4.675536711165066,0.6057440444781981,69.75705614972105,15.232350329910217,3.6342253679064473,0.8932523509149791,0.5338116539889561,0.368998293671866,287,0.043771542737672045,0.058222706591522705
King_19,347.052,60.5269,2.487,0.081,8.775,0.042,-0.005,0.046,2.438,0.062,217,-1.52804,0.79523,1.39587,0.21435,0.15112,0.04604,1.93074,0.21431,676,135,0.5898617511520737,0.6738,0.27999,1.16388,1.96436,0.52195,0.00208,0.3824884792626728,345.0,2.3783791289054363,0.232247604886621,20.242686404215995,3.588449705055518,29.426042158364456,5.942144862738385,0.528993191057113,0.3354461001674926,217,0.03757426331833897,0.054208247488041594
King_20,353.3215,58.4721,1.709,0.03,7.623,0.128,0.113,0.078,2.589,0.037,144,-1.68263,0.39648,1.30811,0.23354,0.07394,0.04428,1.7622,0.11814,471,94,0.5416666666666666,0.57256,0.25874,1.02931,2.26005,0.21709,0.10282,0.2986111111111111,222.0,1.7483110602723468,0.1788371669027055,10.801388183252731,1.9769940118887253,3.8861577499995135,1.348260522513163,0.5311006686206349,0.3088314896111085,144,0.0415217386913243,0.052612010990986606
King_21,357.481,62.7052,2.811,0.147,7.196,0.107,-0.114,0.05,2.597,0.034,190,-1.46725,0.27609,1.64851,0.23578,0.04713,0.04033,1.71844,0.10896,1078,215,0.5526315789473685,0.61264,0.26993,,,,,0.3684210526315789,295.0,1.5395625625183715,0.1400263765640174,7.372820082498337,1.2459202090609445,2.12993506794136,0.6363427294317953,0.5289605227491835,0.3523857975874933,190,0.036538600698601056,0.052788139403984795
King_4,39.0238,59.0265,2.203,0.062,7.923,0.347,-0.112,0.044,2.535,0.051,230,-1.93358,0.29254,1.6495,0.20006,0.04327,0.02755,1.80571,0.08331,888,177,0.5739130434782609,0.63422,0.26108,1.26136,2.35153,0.25714,0.00624,0.3565217391304348,362.0,1.9827499964356432,0.1896339843706673,13.969658144244912,2.440261275117696,5.995345580249007,4.90340980851619,0.5503646001211223,0.37528807440895523,230,0.03319184462115374,0.0528363047476021
King_5,48.6598,52.6931,2.186,0.114,8.961,0.038,-0.129,0.03,2.586,0.046,504,-2.25462,0.64154,1.78678,0.19651,0.06363,0.02657,2.10547,0.12125,1275,255,0.621031746031746,0.73731,0.28025,1.5157,7.51163,0.31389,0.0,0.4305555555555556,817.0,3.692315082242812,0.2623054639877518,57.46337207203994,8.397388210354574,15.90775494908752,2.709519334929446,0.4433243890961263,0.2622603932193576,504,0.055118353509207886,0.07125053883154878
King_6,51.9979,56.4272,0.702,0.001,8.072,0.193,0.041,0.06,1.909,0.062,290,-2.48611,0.25972,1.79819,0.14567,-0.04787,0.01622,1.76725,0.04713,497,99,0.5793103448275863,0.64292,0.22686,1.20812,1.91649,0.24713,0.00034,0.4275862068965517,458.0,1.611566763624246,0.1238432450315936,16.530252707285236,2.5181814978848265,7.1403665542967465,3.354431375002846,0.48860414355227294,0.31183425521112024,290,0.039204888959149385,0.06131487980332115
Koposov_10,86.8591,35.4311,2.377,0.12,8.279,0.348,-0.192,0.036,2.505,0.099,105,-1.49269,0.53362,1.88938,0.3811,-0.00573,0.04847,1.49012,0.11557,457,91,0.6476190476190476,0.67152,0.25193,0.73247,1.81114,0.44085,0.0014,0.4666666666666667,173.0,1.74093680932631,0.1873661732080753,8.991034368741113,1.7053158204164265,21.14415541033551,17.410966022514998,0.5043807812583478,0.3204023595121147,105,0.06131958198542001,0.06640918733955965
Koposov_12,90.2358,35.2985,2.105,0.066,8.651,0.122,-0.101,0.03,1.852,0.062,304,-1.81238,0.54665,1.53804,0.22925,0.06013,0.03786,1.93343,0.12141,851,170,0.4703947368421052,0.6051,0.27251,1.51541,4.20181,0.36859,0.0,0.2796052631578947,447.0,3.418922902197292,0.2674274765529157,38.27608020291121,5.897842408628241,11.69694759241073,3.747703161311986,0.5947451055416375,0.430723074228505,304,0.045176006169310404,0.0677601172435824
Koposov_36,84.2284,31.2199,1.64,0.06,7.623,0.417,-0.112,0.062,2.577,0.236,178,-2.37082,0.29909,2.05234,0.23521,0.04076,0.02021,1.82778,0.0725,537,107,0.6460674157303371,0.723,0.22677,1.54637,2.78157,0.1266,0.55507,0.4775280898876404,293.0,2.228511833276626,0.2337768410496194,18.094542428288143,3.369956535653092,2.319809885519827,2.268944482457861,0.5104179162519215,0.2748212380189065,178,0.052425167205405104,0.07958781064843243
Koposov_43,88.0901,29.8911,4.658,0.284,9.04,0.042,-0.307,0.079,2.047,0.097,127,-0.76078,1.80637,1.57885,0.22132,0.12666,0.09749,1.6181,0.43524,948,189,0.7637795275590551,0.65792,0.27814,,,,,0.5118110236220472,224.0,4.4544842611445965,0.4713945365608384,31.180398649746028,5.844496721722466,35.165624675299455,7.417097713587537,0.5407388871639497,0.35220703745913173,127,0.0735388851234168,0.06988063579472364
Kronberger_4,296.2948,28.1618,6.866,0.742,8.908,0.072,0.072,0.086,2.575,0.103,112,-0.0,1.29067,1.35197,0.31695,0.2,0.1483,1.57057,0.36807,750,150,0.8571428571428571,0.62241,0.28279,,,,,0.5,208.0,1.316103247935711,0.2216702617299449,5.315309132164266,1.4442479895762064,152.2199140370481,48.45137510098299,0.5628027541472831,0.3496020500789836,112,0.09037074719114753,0.0672686471871796
LP_0201,118.9571,-29.4691,3.408,0.196,7.313,0.114,-0.142,0.051,2.32,0.039,135,-1.44171,0.26802,1.27269,0.18123,0.11781,0.04196,1.76271,0.11674,656,131,0.7111111111111111,0.57297,0.25761,,,,,0.4,231.0,1.6105727100436855,0.1901824101894163,8.346598555481494,1.6971121478574291,2.463147810833633,0.8178484307070115,0.5256202177524057,0.301977716470621,135,0.06681917097293819,0.05916499722534277
LP_0665,108.7018,-26.2456,3.331,0.163,9.056,0.054,-0.068,0.058,1.333,0.1,125,-2.868,1.119,1.87288,0.29786,0.10467,0.0287,1.88398,0.21404,573,114,0.576,0.78215,0.25978,1.47672,5.4507,0.35569,0.01438,0.456,197.0,4.741082184542238,0.9365133821218196,39.86908756441223,12.461094633641345,28.5340687565394,9.598142041314988,0.5309918807976813,0.30621341868950785,125,0.04562421181784951,0.06701797744274066
LP_0733,111.0731,-20.2464,2.613,0.082,7.523,0.031,-0.149,0.039,1.108,0.021,286,-1.81675,0.24506,2.0964,0.23444,-0.02134,0.02557,1.83172,0.07464,936,187,0.5734265734265734,0.64962,0.2524,1.07965,4.40449,0.05301,0.98685,0.3986013986013986,450.0,4.642326048799202,0.3971439153574406,58.05893028666318,9.441560764923237,0.5742896245538074,0.1019917785218087,0.5468847920885315,0.3737854345170092,286,0.030082356750469226,0.05306425659959972
LP_0782,153.9768,-59.0316,3.152,0.111,8.256,0.177,0.0,0.037,1.882,0.111,100,-2.36565,0.57394,1.47961,0.2507,0.13212,0.03429,1.84835,0.16012,346,69,0.7,0.59647,0.25618,2.31626,1.69403,0.553,0.02196,0.45,170.0,1.929279488922626,0.2492027138435134,11.894535963410515,2.591878661591821,15.158369745620504,7.005491830380636,0.5308044715997874,0.3683770720480417,100,0.0656642977576095,0.05752884146683032
LP_1406,110.3253,-11.7901,2.597,0.155,8.646,0.314,-0.172,0.047,1.535,0.13,74,-2.44047,0.72917,2.14326,0.44477,0.05583,0.0343,1.61517,0.13508,270,54,0.527027027027027,0.60009,0.21581,1.97336,2.11068,0.32661,0.16022,0.3783783783783784,113.0,2.102170550751191,0.2385150756466859,11.270785016226467,2.224811777362844,39.26863760824433,29.430822556736143,0.4881528444580766,0.2975430058775986,74,0.05843082283008509,0.05602963088306591
LP_1540,170.2306,-59.3058,2.454,0.076,9.161,0.026,-0.008,0.039,0.814,0.064,283,-1.52291,0.58676,1.8803,0.27697,-0.05422,0.03897,1.72791,0.0789,934,186,0.6501766784452296,0.74085,0.27909,1.28659,4.00261,0.47152,0.0,0.4275618374558304,467.0,4.014687538558251,0.319769095126,48.163925366577686,7.490804709310167,30.08002031641101,5.012889358820345,0.5455534665187389,0.37219117014323394,283,0.04057803974835155,0.05468118692526766
LP_1614,241.5615,-52.1413,2.121,0.073,7.804,0.337,0.152,0.036,3.276,0.066,168,-2.26897,0.51494,1.52177,0.20429,0.14211,0.03499,1.97564,0.17788,818,163,0.7202380952380952,0.71939,0.27463,,,,,0.5059523809523809,289.0,1.6882727592341893,0.1434681752030226,9.562793240122271,1.547137717997248,6.65909535967102,5.278383804825636,0.542401341225793,0.3549612379711792,168,0.05955037100113619,0.06815248408632667
LP_1800,337.8983,57.9894,1.329,0.03,8.277,0.112,0.038,0.039,1.761,0.065,330,-1.50772,0.30855,1.95751,0.26948,-0.0607,0.03302,1.79897,0.06764,1017,203,0.4848484848484848,0.59237,0.26208,1.59269,7.07206,0.33657,0.0,0.2909090909090909,490.0,3.658807362859336,0.2815326112403682,41.751472326779805,6.370684222743802,4.53239972912573,1.3581285224928172,0.528682399428343,0.35188153384058046,330,0.030098631622832363,0.055305786314570234
LP_1809,334.7117,57.426,2.596,0.148,8.338,0.292,-0.016,0.055,2.857,0.078,107,-2.35229,0.80745,1.64741,0.2892,0.14572,0.04083,1.88818,0.23325,487,97,0.6822429906542056,0.67329,0.25232,,,,,0.5046728971962616,180.0,2.1603683222844228,0.3763682176119697,12.410808504620752,3.470754332047973,17.54688078171826,12.777556124590609,0.5369687410948101,0.32274111425054053,107,0.060184330270579366,0.07326061719572358
LP_198,112.1278,-20.1067,2.84,0.065,8.441,0.275,-0.127,0.038,1.177,0.06,403,-2.46302,0.39623,2.02839,0.19323,0.02045,0.02096,1.99573,0.0833,916,183,0.6401985111662531,0.67594,0.25924,0.90623,10.18503,0.27739,0.0,0.4540942928039702,661.0,8.895209064332985,0.8404489518821313,212.89082811898083,36.91317686763693,1.2967105631612807,0.8513180832058425,0.4673112138429295,0.288038561480106,403,0.054669553460825644,0.0704733250451964
LP_1994,191.049,-58.08,1.812,0.04,8.824,0.039,0.04,0.045,1.461,0.047,269,-2.09661,0.57105,1.90693,0.21737,0.03419,0.02963,1.85068,0.12203,638,127,0.5947955390334573,0.68505,0.24456,1.35616,5.11202,0.14935,0.1532,0.449814126394052,429.0,3.3209203008872503,0.3068019192508682,40.93934790987547,6.984897967126987,16.287674407553848,3.1403516804683367,0.500234257643692,0.32844982875085577,269,0.04002772800963803,0.06314574116265965
LP_2000,319.0494,57.4778,1.313,0.016,8.157,0.083,0.154,0.045,1.783,0.036,242,-2.51086,0.57157,1.69984,0.2373,0.00279,0.02986,1.82018,0.10434,654,130,0.5537190082644629,0.79598,0.27888,1.03595,7.53784,0.40228,0.0,0.4173553719008264,376.0,4.225959967929375,0.4924101542177401,52.21186156542701,10.497864367769395,2.749355013045905,0.7626724461198975,0.5263065641419201,0.332622442117227,242,0.03273544327128693,0.057889228819195865
LP_2059,153.2595,-60.9018,2.149,0.05,7.996,0.076,-0.107,0.038,0.762,0.045,352,-2.26518,0.33068,2.23266,0.24096,-0.07059,0.02158,1.64918,0.05781,607,121,0.4886363636363636,0.65424,0.26375,1.2405,8.77628,0.28505,0.0,0.3153409090909091,524.0,13.536455355830206,0.7178777599078415,406.1028455351511,51.787770253777886,0.2439854721005654,0.0528306459797486,0.49992127752075655,0.3337976010549405,352,0.026747460297172104,0.05282546852460665
LP_2068,283.9673,-5.092,1.831,0.033,8.27,0.061,0.13,0.033,2.17,0.047,261,-1.63468,0.33261,2.03444,0.31429,0.00439,0.03326,1.87605,0.08128,850,170,0.6245210727969349,0.71792,0.25462,1.44638,3.01064,0.30296,6e-05,0.4291187739463601,424.0,2.847564497953204,0.247484654561738,27.89739957903908,4.583621797759418,6.674769565482937,1.4427971662067156,0.5856708770961078,0.4203324785798169,261,0.03195357303130087,0.05264684951196899
LP_2094,175.5312,-61.9362,1.614,0.028,8.334,0.114,0.042,0.03,0.876,0.038,204,-1.34126,0.42145,1.98271,0.3105,-0.0768,0.04258,1.6351,0.08284,569,113,0.4754901960784313,0.51579,0.26986,1.31522,3.14606,0.25783,0.00182,0.2549019607843137,301.0,2.341363469222358,0.2200371841268085,19.337908601466232,3.334412152772191,11.158106357939149,3.5043410202768728,0.508890707571668,0.2739073925403438,204,0.03594287559644721,0.052768624327296586
LP_2123,297.9696,22.1076,1.547,0.076,8.128,0.057,0.046,0.088,2.127,0.051,90,-1.80949,0.53363,2.19583,0.35287,0.06535,0.03729,1.69695,0.15618,305,61,0.7444444444444445,0.66876,0.21728,1.37447,1.60534,0.33877,0.04885,0.5888888888888889,157.0,1.5294049673818897,0.2913275677024161,8.416732883787152,2.5479157185368053,15.953517590232476,5.263825201524357,0.5323961287327064,0.3607210511905325,90,0.07544846841029666,0.08303454284485444
LP_2219,130.8037,-45.8155,1.416,0.018,8.031,0.071,0.043,0.003,1.303,0.046,568,-2.08796,0.21571,2.75982,0.25552,-0.10916,0.01575,1.88295,0.03955,1444,288,0.6549295774647887,0.81731,0.23504,1.33882,8.34605,0.19243,5e-05,0.5404929577464789,940.0,9.89540750840083,0.6076219243975376,266.1189955779572,36.12589721195361,0.4035748782264701,0.0857586449530161,0.43650103047108374,0.26058515033570606,568,0.06698169055322775,0.09586407210269143
LP_2220,127.4473,-41.3655,1.288,0.012,8.705,0.063,-0.1,0.057,1.057,0.106,182,-2.43741,0.65172,2.07723,0.44575,-0.05413,0.03481,1.62968,0.09004,365,73,0.4230769230769231,0.66893,0.23205,1.14592,6.25056,0.31549,0.00017,0.3021978021978022,259.0,4.4808261493602535,0.7133142107985633,56.78425049003572,14.700444924705742,8.928368410245534,2.649535225295334,0.554595570338731,0.35284235331896163,182,0.052058823925487586,0.054501708054816606
LP_2238,167.7031,-56.8407,1.146,0.012,8.712,0.15,-0.105,0.05,0.44,0.081,133,-1.78523,0.55639,2.24481,0.32887,-0.14213,0.03558,1.35126,0.0678,288,57,0.4285714285714285,0.57248,0.24884,1.39612,3.76206,0.27034,0.01761,0.2781954887218045,190.0,2.1948289886424748,0.3175786963900263,17.226721808212382,4.109198981089048,29.908687811753868,12.554250987084345,0.6495789782341151,0.47548568921203577,133,0.07534338245415469,0.07598638908859975
LP_2253,307.5172,45.9047,1.384,0.023,8.045,0.144,0.027,0.073,1.611,0.106,143,-1.61895,0.27915,2.04853,0.27623,-0.05746,0.02979,1.54888,0.0668,384,76,0.6573426573426573,0.67567,0.25048,1.14228,3.62339,0.28139,0.00562,0.4615384615384615,237.0,2.2343162941138472,0.2678647075004581,18.185496198277576,3.732750826871672,6.099227665657291,2.378477750762205,0.5356655247771487,0.3421202229107764,143,0.05230636717675214,0.0626789737932516
LP_2312,223.1395,-61.5089,1.025,0.01,8.162,0.216,0.042,0.097,1.753,0.105,65,-1.28212,0.43324,1.38123,0.45851,-0.01302,0.07099,1.43901,0.0995,198,39,0.7538461538461538,0.59191,0.23315,1.05747,1.75333,0.13961,0.89601,0.4923076923076923,114.0,2.189776495886375,0.2817921297487094,14.083959428558446,3.052000091271044,10.310393358867938,5.593561204648808,0.4416223187371256,0.22573359641017582,65,0.10011673359596918,0.09294200537559748
LP_2339,290.6811,18.6803,1.034,0.008,7.948,0.232,0.156,0.047,2.652,0.039,105,-1.81816,0.41105,1.99936,0.30623,-0.03752,0.03485,1.49492,0.09743,244,48,0.6857142857142857,0.75774,0.232,1.07296,1.7267,0.11662,0.83503,0.5619047619047619,177.0,2.614713564134797,0.3520602731993008,23.047562634961377,5.177561536334605,3.849240052361176,2.230685441410672,0.48955063001269206,0.28731509520596665,105,0.07151233338187732,0.09292190186194216
LP_589,119.8153,-19.1332,2.826,0.06,8.702,0.043,-0.117,0.033,0.268,0.036,177,-2.00137,0.43719,1.84549,0.29421,-0.00786,0.03106,1.61271,0.07516,524,104,0.5028248587570622,0.54844,0.26163,1.72323,6.09595,0.38861,0.0,0.288135593220339,266.0,3.347239404410903,0.4496837335462578,31.24603543835616,7.018683587264806,16.114063807590487,3.955673369846892,0.5101399762746197,0.2749490954714539,177,0.03758170159482839,0.052687762673909844
LP_597,282.1025,8.7248,2.004,0.085,8.795,0.306,0.119,0.053,2.942,0.115,273,-1.65711,0.50971,2.01175,0.21201,0.08153,0.03329,1.95597,0.12821,1099,219,0.6923076923076923,0.75059,0.24354,1.86324,3.96317,0.37119,0.00083,0.5531135531135531,462.0,3.230065921831752,0.2989638238427641,31.76550714118872,5.428320525878131,19.63560136817881,14.236162906572526,0.5237168977087968,0.3459011333515735,273,0.05642088824620509,0.07982449505683933
LP_658,95.3039,-3.3948,1.4,0.02,9.013,0.02,-0.103,0.039,0.811,0.07,184,-2.43328,1.20394,1.38765,0.34301,0.02797,0.05139,1.75464,0.20283,420,84,0.3804347826086957,0.61771,0.25245,1.40906,10.08106,0.2298,0.01253,0.2554347826086957,254.0,4.287023725906297,0.5911814892124951,48.78749696769377,11.209139011803018,21.11988079904816,4.94889844382408,0.5052576670056294,0.3137975582152198,184,0.04983243104998104,0.05489467526365453
LP_866,261.7528,-39.4088,2.104,0.171,9.521,0.154,0.099,0.047,2.261,0.159,322,-0.0,3.57729,1.80559,0.19638,0.08157,0.09512,1.92579,0.44198,1219,243,0.8385093167701864,0.74961,0.25915,0.88664,3.84359,0.30659,1e-05,0.6242236024844721,592.0,2.764655744930192,0.2604038411464768,29.216010738639483,5.0515886615512615,113.60019700214092,44.81608938837123,0.4844430681029813,0.3003128223516779,322,0.10446420087761152,0.10530053351596312
LP_930,102.8405,-1.8162,2.276,0.064,9.2,0.031,0.032,0.062,1.046,0.08,189,-2.68346,1.22739,1.45169,0.21666,0.09635,0.03252,1.94545,0.21472,508,101,0.6349206349206349,0.66946,0.27641,1.27149,3.77931,0.21754,0.04501,0.4497354497354497,309.0,3.1126652633109826,0.2742495483464925,32.0294693754629,5.296872920269276,49.48234308481126,8.912868746314805,0.5133750343356142,0.2763947675499689,189,0.04858900294428491,0.07178926968227207
Loden_1194,211.9608,-59.7101,0.717,0.004,8.373,0.069,-0.027,0.027,0.764,0.046,74,-1.62097,0.23324,1.53701,0.21373,-0.12791,0.02841,1.25088,0.03869,140,28,0.4729729729729729,0.57899,0.28901,1.17223,3.68476,0.15288,0.74572,0.2567567567567567,109.0,2.889088430082116,0.3399739330587399,24.55759864702343,4.982030821386855,9.612007538313122,2.47682396787145,0.5699779445265397,0.35426695110207956,74,0.06370382921916988,0.05895776332964282
Loden_372,172.7549,-58.4947,1.665,0.041,8.149,0.105,0.092,0.058,1.087,0.06,122,-1.57461,0.44531,1.69097,0.32144,-0.06824,0.04789,1.51209,0.10537,380,76,0.5163934426229508,0.56169,0.24657,1.31906,2.23618,0.31148,0.00512,0.2868852459016393,185.0,2.073607260058986,0.2277113694757472,13.492628153748775,2.6000217513889665,10.444879843741315,3.229250393198546,0.5503128337447376,0.3840846293929605,122,0.04616037814254746,0.05856684413865897
Loden_46,155.9499,-54.6193,1.093,0.006,8.915,0.062,-0.119,0.063,0.483,0.135,115,-1.22062,0.28075,2.1135,0.24812,-0.14511,0.02863,1.46389,0.04183,288,57,0.6521739130434783,0.64408,0.22643,1.39664,11.38536,0.37078,0.00061,0.4782608695652174,190.0,8.430128654381186,1.6218130744100323,129.6740015847666,39.55970106164684,6.340844270233905,2.135730133368139,0.42941773459383004,0.2784993079880999,115,0.07605772135075518,0.07625950345279794
Lynga_2,216.1662,-61.3541,0.918,0.007,8.05,0.121,-0.05,0.035,1.026,0.031,184,-1.63821,0.24439,2.20183,0.28387,-0.11656,0.02656,1.478,0.05347,367,73,0.4456521739130434,0.52125,0.2357,1.14813,2.67798,0.18669,0.07066,0.2445652173913043,266.0,2.24510470129369,0.1978702498863324,20.50936754488127,3.3929488887680384,5.470760869864067,1.7726745447675474,0.553668346426617,0.35225492484477633,184,0.047606375805578714,0.06025517017636423
Majaess_65,87.4379,27.076,0.926,0.007,8.054,0.093,-0.048,0.04,0.808,0.044,42,-1.36637,0.37261,1.74219,0.33846,-0.12513,0.04491,1.13657,0.06845,98,19,0.5,0.75524,0.25997,0.89613,1.09049,0.32212,0.20351,0.4047619047619047,63.0,1.5299719450751983,0.2386340881546737,7.648573393861704,1.936978676038264,14.805380100612696,4.910170034472856,0.6022521435085978,0.39167464059105267,42,0.08173861539789827,0.052612010990986606
Mamajek_4,276.3936,-50.8305,0.442,0.01,8.772,0.041,-0.006,0.056,0.335,0.073,358,-1.41258,0.48485,1.1877,0.28847,-0.2,0.05949,1.67714,0.06668,506,101,0.5810055865921788,0.65835,0.21797,1.13138,9.13369,0.15691,0.05908,0.4245810055865922,566.0,10.968064124242034,0.778642643379625,345.42839066552506,50.41378484789484,1.7125449157080943,0.2976708269854711,0.46562312266380174,0.3249059999388879,358,0.04200784691203431,0.0596965379664545
Markarian_38,273.8232,-19.007,1.662,0.048,7.164,0.161,0.031,0.071,1.061,0.048,45,-1.07992,0.33787,1.3864,0.45722,0.04738,0.08198,1.27647,0.1357,156,31,0.6,0.56932,0.2665,0.96027,1.22598,0.27143,0.54388,0.4,72.0,1.1508999667376398,0.5161781825813283,4.340547006011674,2.951776137533794,3.360899578451481,2.603112679201056,0.6104937017940449,0.38921695112887433,45,0.07302967433402215,0.052612010990986606
Melotte_22,56.8112,24.1892,0.135,0.0,8.005,0.016,-0.017,0.01,0.349,0.036,1236,-1.74569,0.32999,0.22909,0.22169,-0.2,0.06544,1.77512,0.0627,816,163,0.18042071197411,0.58519,0.22871,1.24056,2.96354,0.19247,0.0001,0.116504854368932,1459.0,2.589283808859076,0.1380455057965597,68.46985787661536,8.760638925068513,1.4774084328943626,0.1967128784057472,0.42984210460420763,0.25120104225470563,1236,0.07173817338429876,0.06522965183442343
Melotte_72,114.6221,-10.7028,2.578,0.089,9.097,0.026,0.066,0.063,0.23,0.016,254,-2.07399,0.89093,1.53963,0.24018,0.03461,0.04027,1.87696,0.14952,709,141,0.6811023622047244,0.61879,0.25922,1.40568,2.65316,0.2016,0.0135,0.468503937007874,427.0,2.169840764467592,0.2477819964392311,20.43372069841502,4.047109787519011,61.18606829713091,12.66004422654696,0.517373194143291,0.34606140027422616,254,0.0545738266053713,0.06338594672342426
NGC_1027,40.6822,61.6262,1.069,0.004,8.104,0.129,-0.038,0.047,1.486,0.062,472,-1.98202,0.26015,2.12128,0.21508,-0.07511,0.02112,1.84859,0.0522,879,175,0.4364406779661017,0.60122,0.2498,1.07895,4.1938,0.1914,0.00029,0.2860169491525424,678.0,3.311925308595544,0.1802606670579881,50.41412672078144,6.490425044669941,2.52027395465087,0.8158973369239845,0.4608478216131673,0.2820980816231979,472,0.023806652024944083,0.052612010990986606
NGC_103,6.3188,61.3254,2.984,0.064,7.996,0.142,-0.123,0.035,1.723,0.041,284,-1.70461,0.46628,1.35401,0.21346,0.05924,0.04652,1.86863,0.14168,841,168,0.5633802816901409,0.61247,0.28788,1.26976,2.53467,0.36559,0.00029,0.3556338028169014,444.0,2.329237544412124,0.1574139272737938,21.533799556511525,3.064513073235953,4.601287117456959,1.6407967448772651,0.5946119845759863,0.4305770216591309,284,0.03053145256834445,0.05692146124100707
NGC_1220,47.9197,53.3459,2.493,0.049,7.553,0.224,-0.113,0.027,2.477,0.028,67,-1.39851,0.53196,0.98566,0.24078,0.15086,0.07625,1.57179,0.21543,255,51,0.5373134328358209,0.55643,0.28432,0.83934,0.71392,0.41538,0.80054,0.2985074626865671,103.0,0.6731159074457611,0.1567020113234625,1.963120853990688,0.713079478948324,18.199227899069715,11.480953127800907,0.4579957498579323,0.24728930630917037,67,0.0645488609553818,0.0539781528696242
NGC_129,7.5498,60.2434,1.723,0.026,7.963,0.038,0.002,0.052,1.854,0.026,720,-1.78925,0.29213,1.95467,0.22697,-0.0136,0.02755,2.11429,0.076,1577,315,0.5402777777777777,0.64511,0.25841,1.47708,7.99223,0.26603,0.0,0.3847222222222222,1109.0,5.363031583397711,0.3494694914588313,116.61883138850024,16.29684803157534,0.7874650993751404,0.1298350255002175,0.4533885743386357,0.2809213448699732,720,0.031228968708278654,0.060472440114497594
NGC_1342,52.868,37.3958,0.636,0.003,8.605,0.095,-0.005,0.028,1.263,0.045,478,-2.19537,0.29145,2.23749,0.22305,-0.12632,0.01866,1.77302,0.04236,925,185,0.5543933054393305,0.76295,0.24836,1.3375,3.08755,0.16905,0.00627,0.4456066945606695,743.0,2.873932110161342,0.1465276489962311,42.83413725723936,5.3924803000469135,9.40177765007737,2.372872640591193,0.45290512715968784,0.27500219616920624,478,0.03728190626008384,0.07129208140886784
NGC_146,8.2509,63.3253,2.598,0.103,7.4,0.079,-0.093,0.048,1.849,0.03,221,-1.37353,0.29915,1.61288,0.28877,0.02819,0.05055,1.75552,0.10741,759,151,0.4751131221719457,0.59864,0.28875,1.03021,3.19602,0.13574,0.43671,0.253393665158371,326.0,3.87243007720464,0.5558706278305937,37.93977291042111,8.998762626614626,0.6620720786706737,0.1978987491881664,0.5395105966032461,0.3513040222016988,221,0.038357148239556965,0.05932883636174709
NGC_1496,61.1148,52.6597,1.529,0.033,8.544,0.116,-0.091,0.071,1.808,0.078,74,-1.34022,0.40556,2.07489,0.22709,0.03227,0.03214,1.51388,0.10585,199,39,0.6486486486486487,0.60376,0.18524,1.42121,1.22922,0.24603,0.32259,0.4864864864864865,122.0,0.9477717191453968,0.1293028088822063,4.206282868882029,0.954376882435594,83.19582347094222,29.156884618197143,0.4404185592306021,0.22880246062026066,74,0.08144528659599842,0.09092563604395115
NGC_1502,61.9603,62.3364,1.019,0.01,6.881,0.065,-0.17,0.093,2.236,0.045,212,-0.96185,0.10613,1.54638,0.24622,-0.16606,0.03875,1.64506,0.04263,728,145,0.75,0.64081,0.23954,1.43893,1.64039,0.26542,0.00086,0.5141509433962265,371.0,0.9200756384709528,0.1571542106427426,4.97378387848853,1.3672081727940717,1.5286677015231225,0.4784537774306751,0.5372522899098214,0.34951846284960403,212,0.06801460484376948,0.07005030743814199
NGC_1513,62.4583,49.5031,1.352,0.019,8.23,0.186,-0.004,0.04,2.228,0.045,416,-1.98142,0.40837,1.9725,0.22591,0.00858,0.02915,1.99031,0.10046,850,170,0.5216346153846154,0.60387,0.24643,1.22565,2.70555,0.21609,0.00024,0.3341346153846153,633.0,2.18715697658506,0.1449986949309618,26.005584403217256,3.667521755143036,6.5303037460356,2.944532939028534,0.4947365861679358,0.3249825627831009,416,0.025669521264769967,0.05264894410080345
NGC_1528,63.8535,51.2424,0.986,0.008,8.54,0.106,0.007,0.04,1.149,0.036,380,-1.55347,0.32434,2.10001,0.29775,-0.07429,0.03062,1.83518,0.06191,925,185,0.4526315789473684,0.59913,0.24428,1.08202,3.99146,0.22721,8e-05,0.3131578947368421,552.0,3.3823977913354115,0.2578643298839723,42.868452492075086,6.512228439949585,8.088392052795253,2.325315725122449,0.5300604818452633,0.35362472302309156,380,0.03357850265967819,0.0537894043126076
NGC_1545,65.1883,50.2603,0.692,0.004,8.126,0.238,-0.03,0.044,1.237,0.081,189,-1.89379,0.34346,1.62359,0.27834,-0.12516,0.03479,1.48579,0.06677,287,57,0.5555555555555556,0.64959,0.22553,0.94882,3.18697,0.25399,0.00931,0.3968253968253968,294.0,3.262563924801227,0.2632958325895141,43.96217173736864,6.883272501860974,3.0403309566490555,1.7328171582969898,0.6415208566944101,0.4260769870597296,189,0.043627082759048356,0.053128087951198416
NGC_1582,67.9688,43.6975,0.941,0.008,8.188,0.15,-0.096,0.03,1.278,0.025,203,-1.58718,0.27335,1.86629,0.24127,-0.0713,0.02908,1.65861,0.06337,534,106,0.5517241379310345,0.60749,0.22284,1.27194,5.01332,0.27492,0.0007,0.4236453201970443,315.0,4.185639393113966,0.4329283701328998,49.46257561459099,9.1099234305061,3.11690289839006,1.2200367075427256,0.5107077979192466,0.2747368689179891,203,0.03669180847989376,0.06718880271397444
NGC_1605,68.7425,45.2687,2.463,0.102,7.799,0.423,-0.151,0.038,2.679,0.087,222,-2.27955,0.47959,1.4071,0.21941,0.11094,0.03466,1.94402,0.13887,610,122,0.5585585585585585,0.63903,0.27398,2.17754,2.52902,0.32857,0.13769,0.3558558558558558,346.0,1.930817346651136,0.2425152278663556,15.623153649870163,3.332382326005391,4.029315700050288,4.017531303182555,0.5308832380367329,0.3050882631187516,222,0.034195563370580224,0.05456722994365049
NGC_1662,72.3564,10.852,0.388,0.014,8.847,0.083,-0.17,0.055,1.159,0.088,295,-1.65345,0.34923,1.40229,0.23582,-0.18239,0.0365,1.62395,0.05049,397,79,0.5627118644067797,0.69767,0.21569,1.346,5.6883,0.28483,0.00023,0.4372881355932203,461.0,3.5672731978326047,0.374338310572916,61.2330868983865,11.40249938408798,11.481902276959334,3.06376831852079,0.4239252239210818,0.3013433850458794,295,0.04791911473640999,0.06622279160081157
NGC_1664,72.7428,43.6735,1.279,0.013,8.744,0.039,-0.005,0.044,0.923,0.054,395,-1.86796,0.42534,1.97286,0.2567,-0.04823,0.02857,1.84438,0.07282,778,155,0.430379746835443,0.61255,0.242,1.22659,2.35749,0.17478,0.00407,0.2962025316455696,565.0,2.397180212364651,0.1528923875960141,28.42321616306397,3.9256778013588622,19.51312299691995,3.2146347703878813,0.5182550225900497,0.3540083906561792,395,0.035159391044844425,0.05506166142636779
NGC_1708,75.8913,52.8409,0.906,0.01,8.296,0.113,-0.175,0.048,1.767,0.057,165,-1.98819,0.40088,2.0148,0.27426,-0.08668,0.02941,1.54466,0.07157,390,78,0.6545454545454545,0.70837,0.22376,1.25267,3.4573,0.20779,0.04896,0.5393939393939394,273.0,3.1576088535526687,0.2716407551323753,33.86930038920762,5.529269894804728,5.837054847291191,1.7929502583617547,0.5181234716708026,0.33762926150413897,165,0.053485928363754064,0.07841406993333064
NGC_1750,75.9814,23.6905,0.695,0.003,8.187,0.149,-0.001,0.025,1.236,0.048,459,-1.55015,0.2277,1.92817,0.22128,-0.13816,0.02592,1.79947,0.04463,705,141,0.4444444444444444,0.58222,0.24451,1.10995,6.89415,0.12816,0.04852,0.2810457516339869,663.0,4.66037166876506,0.2452208397722738,92.2536606341793,11.752675590907677,1.6673101421984744,0.6101921936486759,0.43470214256165834,0.2895279797928705,459,0.02332130691100918,0.052641842620472605
NGC_1758,76.1781,23.8133,0.85,0.011,8.742,0.028,-0.018,0.038,1.268,0.065,192,-1.7765,0.51374,1.72806,0.26351,-0.04652,0.0364,1.62073,0.08197,333,66,0.4479166666666667,0.56838,0.25539,1.26037,1.48286,0.22065,0.01515,0.2552083333333333,278.0,1.4548078864020155,0.1344233733655303,11.627685704874954,1.981159105824656,47.479563284833006,8.649498059616324,0.6154351392076951,0.4010386520154774,192,0.05884729072727473,0.0664156091639598
NGC_1778,77.0287,37.0121,1.538,0.021,7.989,0.129,-0.069,0.038,1.382,0.029,241,-1.7729,0.26498,2.00947,0.2408,-0.04332,0.02587,1.72955,0.06574,535,107,0.4854771784232365,0.59255,0.25102,1.16647,2.93228,0.16065,0.08228,0.3029045643153527,358.0,3.1563347900876373,0.2203955491620707,35.82889856671521,5.188438846944808,2.721238097514795,0.8992416652095878,0.5129493052420543,0.2892417403771603,241,0.03294801935184795,0.052721979218110934
NGC_1857,80.0337,39.3339,2.512,0.059,8.436,0.045,-0.123,0.029,1.67,0.036,288,-1.56346,0.4445,1.59119,0.17512,0.05781,0.03749,1.88223,0.12567,732,146,0.5590277777777778,0.57294,0.26664,1.16793,1.84239,0.25927,0.00284,0.3402777777777778,449.0,2.8327442584073013,0.1186859911809083,31.237691251913265,3.6822273676279416,8.736169907053853,1.3710916200888597,0.5364252693596251,0.37242157970947953,288,0.029866005489110864,0.053398086438701885
NGC_1883,81.4798,46.4924,3.802,0.158,8.627,0.092,-0.293,0.049,1.823,0.057,186,-2.33842,0.6721,1.43921,0.19625,0.13419,0.03147,1.96165,0.16944,591,118,0.7043010752688172,0.61074,0.27027,,,0.22976,0.67605,0.4623655913978494,317.0,2.218217461257016,0.1679409257539817,18.23046761785813,2.75654967207222,23.238184281929843,6.048110291793127,0.5140434812250094,0.29366850596853344,186,0.06469289385305185,0.0710004866912169
NGC_189,9.8814,61.0925,1.208,0.028,8.806,0.098,0.048,0.116,1.831,0.118,69,-0.2432,0.53803,2.13946,0.31312,-0.00286,0.06548,1.3736,0.1378,281,56,0.6086956521739131,0.67866,0.23474,1.08206,1.19611,0.2037,0.64067,0.4782608695652174,111.0,1.269483610088398,0.2415215883050392,5.116887876798655,1.5467008469670251,125.02420433783134,47.16062216831783,0.5233387027971986,0.31484155376753997,69,0.06219241238363508,0.06927663548365455
NGC_1901,79.5948,-68.4091,0.416,0.0,8.887,0.116,0.03,0.018,0.208,0.089,108,-0.80074,0.35867,1.65434,0.43675,-0.2,0.06288,1.40025,0.0603,197,39,0.3518518518518518,0.64875,0.26747,1.51551,2.93523,0.28267,0.02428,0.2407407407407407,146.0,3.5755982051838013,0.4127514281793601,35.435666081588444,7.0676256151558885,21.75501561871232,7.252041586977551,0.5262561783329566,0.2771953395665472,108,0.06745980146669366,0.05314282739111653
NGC_1907,82.0576,35.3244,1.45,0.027,8.815,0.058,-0.115,0.049,1.502,0.079,308,-1.92482,0.51202,2.08358,0.23046,0.03023,0.02704,1.95059,0.10451,677,135,0.5357142857142857,0.66616,0.23855,1.10432,1.43306,0.21885,0.00206,0.3961038961038961,473.0,1.4236744796270415,0.1115191798113853,12.070489298725116,1.86006047859348,54.10969982107149,11.033914627508237,0.5273768617170531,0.36126985618888247,308,0.028463525188589734,0.05343243246369767
NGC_1912,82.1752,35.8255,1.069,0.012,8.505,0.043,-0.022,0.025,0.998,0.032,844,-1.70879,0.23339,2.29209,0.19127,-0.06509,0.0184,2.06572,0.04345,1462,292,0.4431279620853081,0.58999,0.23928,1.05775,3.38162,0.11139,0.00956,0.2772511848341232,1218.0,3.477078205658793,0.1703445787336814,68.39168901769472,8.47970450687616,4.677315556373767,0.7421482514001763,0.4401181708205359,0.2709054020784375,844,0.01710927297334462,0.05263803280838995
NGC_1960,84.0843,34.131,1.119,0.011,7.451,0.032,-0.026,0.028,0.904,0.024,350,-1.52615,0.16573,1.74426,0.18868,-0.12251,0.02457,1.73298,0.04246,629,125,0.5428571428571428,0.55076,0.261,1.29128,2.39891,0.21624,0.00048,0.3028571428571429,540.0,1.489226847309078,0.1054499485084164,14.918132315919191,2.169774160217379,1.8935882288034576,0.3087391901740065,0.49528547507357346,0.3212818221297929,350,0.029795089837516112,0.05284758425642733
NGC_2126,90.6392,49.8959,1.254,0.018,9.181,0.021,-0.141,0.05,0.806,0.06,149,-2.63114,0.9139,1.7968,0.25791,0.00089,0.02912,1.72146,0.10135,275,55,0.6241610738255033,0.63829,0.25827,1.3841,2.15218,0.26234,0.00885,0.4496644295302013,242.0,1.945385711249101,0.2097058382642661,17.745801591498964,3.373812878233633,85.48784678095741,16.770298450492486,0.5664688768871338,0.3791077191218498,149,0.04251745343813553,0.05621124509627579
NGC_2129,90.2716,23.3302,1.815,0.051,7.357,0.137,-0.08,0.091,2.213,0.063,99,-0.78953,0.25743,1.90803,0.36079,-0.04218,0.0588,1.54428,0.11621,453,90,0.7171717171717171,0.71078,0.24978,1.39474,1.72067,0.49934,0.00049,0.5353535353535354,170.0,1.156115342619196,0.1868499883668522,4.82220288402351,1.2633750915746655,4.717962900959063,1.9346567912116024,0.5044308260872619,0.32144674341323903,99,0.07593096862820516,0.0797752015109973
NGC_2169,92.124,13.9337,0.936,0.016,6.899,0.058,-0.179,0.057,0.805,0.056,109,-0.99836,0.21869,1.67768,0.75669,-0.2,0.0836,1.31628,0.08835,234,46,0.3211009174311927,0.6898,0.25001,1.19112,1.6772,0.24219,0.12861,0.2293577981651376,144.0,1.072591702645472,0.3573451631300184,5.286634831276264,2.6925627045731955,1.4990657682500674,0.7893081789254777,0.4720346097057208,0.2635347704322045,109,0.062009616052256425,0.05314272792842581
NGC_2183,92.721,-6.2499,0.825,0.01,6.858,0.108,-0.12,0.043,1.657,0.522,169,-1.77242,0.29657,1.51131,0.34802,-0.2,0.04089,1.30246,0.07463,258,51,0.5857988165680473,0.78138,0.22902,1.07541,2.31919,0.12856,0.74127,0.4497041420118343,268.0,3.4010166511205027,0.4222185265225449,45.87651052958759,9.671747557939558,0.1571844656140157,0.0512447823484398,0.5651015756601604,0.36569279765635904,169,0.03820251246000032,0.05762359613594552
NGC_2184,91.7832,-1.9226,0.562,0.002,8.97,0.047,-0.121,0.052,0.655,0.072,120,-2.5542,1.5241,1.14459,0.40408,-0.0831,0.07765,1.43021,0.16111,196,39,0.5333333333333333,0.61329,0.20296,1.31994,5.89488,0.27578,0.0723,0.4,184.0,2.2864737203325984,0.3314544843111885,21.662731685268856,5.180086082183276,43.08109957488077,11.30764676900429,0.536423098082055,0.3186162570848985,120,0.04554200340426488,0.05670129596759306
NGC_2192,93.8202,39.8406,3.382,0.132,9.149,0.037,-0.164,0.057,0.436,0.046,270,-2.24982,0.99491,2.03076,0.23218,0.02548,0.03186,1.84148,0.14233,765,153,0.4814814814814814,0.69589,0.27634,1.27011,3.6581,0.20423,0.00842,0.3259259259259259,400.0,2.6339018632852644,0.1610086705067537,24.962233008143624,3.3867587449877394,56.45684013774363,9.044746783774588,0.5310123526618793,0.36110789175962577,270,0.03336986956655646,0.053505093634372475
NGC_2215,95.1968,-7.2475,0.922,0.007,8.817,0.051,-0.048,0.052,0.794,0.071,162,-1.68829,0.67586,1.79852,0.36877,-0.09184,0.05066,1.54998,0.09694,371,74,0.5185185185185185,0.58348,0.2318,1.43786,4.35115,0.34023,0.00012,0.3580246913580246,246.0,2.567598203936708,0.422415819570378,23.46510614904633,6.245641013647758,27.96259527381566,8.134914530646558,0.5519181642625489,0.3501751106207709,162,0.04022182597079351,0.052612010990986606
NGC_2225,96.6476,-9.639,2.889,0.141,9.095,0.044,-0.199,0.036,1.63,0.056,104,-2.01773,1.74027,1.40447,0.24448,0.10254,0.0593,1.7174,0.34918,470,94,0.7596153846153846,0.68185,0.29481,1.3078,1.74175,0.34659,0.06103,0.5576923076923077,183.0,1.6565894088190114,0.2180503921632778,8.591114738165501,1.901379140224043,144.86066706136594,35.26001739687304,0.5055948533365973,0.3163446930298354,104,0.08279074173543119,0.08770835524175516
NGC_2232,96.9381,-4.6682,0.314,0.006,7.451,0.036,-0.035,0.04,0.236,0.034,279,-1.76496,0.48133,0.25441,0.29416,-0.2,0.10138,1.32305,0.11374,227,45,0.2508960573476702,0.71038,0.24228,1.04506,3.35037,0.18942,0.15646,0.1792114695340501,349.0,2.698181210489601,0.3259592586716525,42.59955659774134,8.798827452961385,0.6631242671350907,0.147585134771517,0.3875439785826645,0.2684712474733795,279,0.04664107824437692,0.058061007999674244
NGC_2236,97.4227,6.8427,2.421,0.053,8.954,0.024,-0.153,0.043,1.674,0.044,585,-2.47858,0.68562,1.82375,0.16702,0.07032,0.02447,2.20337,0.13464,1331,266,0.6,0.6619,0.27354,1.1475,3.52139,0.19531,0.00065,0.4017094017094017,936.0,3.317558497146954,0.1962627326386337,53.617707723377904,7.165429159052199,16.776129001461314,2.42607054575171,0.43755035876592335,0.25970411800740445,585,0.051269502738211244,0.06653153885695937
NGC_225,10.8238,61.7914,0.668,0.004,8.238,0.142,0.143,0.091,0.923,0.078,53,-1.22097,0.35267,3.0,0.95929,-0.19703,0.03825,1.16951,0.0674,124,24,0.4339622641509434,0.68723,0.1912,1.31545,1.58376,0.24927,0.33253,0.3773584905660377,76.0,1.6372100208904297,0.2930504188766602,8.581144574931876,2.449048568701368,20.158340698144364,8.748811878754944,0.5996044384051669,0.3839759268247825,53,0.07986643113689747,0.052612010990986606
NGC_2259,99.623,10.881,2.619,0.074,8.499,0.082,-0.16,0.026,1.996,0.05,179,-2.43945,0.6929,1.49907,0.18866,0.08965,0.03516,1.88991,0.17556,406,81,0.5642458100558659,0.58379,0.26569,1.76667,1.87926,0.35854,0.00185,0.3351955307262569,280.0,1.362474688532722,0.1336728038690179,9.598193890120228,1.70644092649746,32.870815691920875,8.524793241947789,0.5128829075803729,0.3339812213484024,179,0.039817950156390135,0.052612010990986606
NGC_2262,99.901,1.1485,2.824,0.266,8.983,0.061,-0.142,0.039,2.294,0.08,391,-2.38184,0.70843,1.94858,0.20144,0.0829,0.02424,2.09978,0.13733,1004,200,0.6547314578005116,0.80435,0.26449,1.68362,2.97951,0.42851,0.0,0.5063938618925832,647.0,2.371704103076521,0.184417736410558,27.508524527486987,4.219173302243821,34.95688318080479,7.27009456483022,0.4730071139140573,0.29263601581758497,391,0.058708809673890194,0.07986154855790407
NGC_2264,100.2089,9.8836,0.692,0.006,6.744,0.076,-0.041,0.046,0.328,0.11,249,-1.26465,0.23219,0.8327,0.4325,-0.2,0.07851,1.45219,0.08087,368,73,0.3493975903614458,0.73448,0.22645,1.02838,0.73472,0.15353,0.3888,0.2690763052208835,336.0,0.9015962632517116,0.1226242486119795,6.270041686620118,1.422325191091122,0.8845646339823345,0.2534277564335523,0.5437497586606299,0.36389085471557264,249,0.06355360977758787,0.058781369278838265
NGC_2266,100.8286,26.9731,3.114,0.094,9.021,0.023,-0.232,0.04,0.436,0.061,360,-2.10843,0.84058,1.68106,0.17523,0.04369,0.03418,1.99407,0.15016,840,168,0.6583333333333333,0.64051,0.2713,1.34804,3.49358,0.1746,0.01175,0.4305555555555556,597.0,2.503882979423252,0.1765493905252341,30.54412006178799,4.445855002822764,34.36152118735766,5.322267493484953,0.5090637507243396,0.337394873611562,360,0.04980869072055896,0.05882367658832239
NGC_2269,100.8192,4.6274,2.046,0.07,8.397,0.188,-0.105,0.032,1.358,0.094,90,-1.48457,0.55303,1.96715,0.38834,0.00879,0.04728,1.48696,0.13795,306,61,0.4,0.57103,0.25436,1.25879,1.38414,0.2069,0.28995,0.2333333333333333,126.0,0.9688502381942866,0.1767502181016622,3.59100006896452,1.0458306956720755,69.46796655624358,36.24397878353495,0.535939317645084,0.354559824035758,90,0.06407171040384417,0.06172686548609056
NGC_2281,102.0351,40.9961,0.508,0.001,8.736,0.043,-0.032,0.037,0.341,0.057,538,-1.98715,0.33661,1.42587,0.26174,-0.2,0.0317,1.69492,0.0496,681,136,0.5074349442379182,0.69466,0.2228,1.47316,4.70446,0.24677,2e-05,0.379182156133829,811.0,3.017304544000227,0.1723330270352411,57.73050145161073,7.595544576846583,9.43180189243324,1.5530604566199129,0.350107011583147,0.21013089999831194,538,0.0500437992827727,0.07169050651194979
NGC_2286,101.9177,-3.1624,2.042,0.055,8.752,0.086,-0.108,0.052,1.133,0.121,245,-1.99181,0.41886,1.89082,0.20137,-0.00303,0.02479,1.75349,0.07575,557,111,0.4857142857142857,0.60133,0.25447,1.02993,3.2017,0.18724,0.0268,0.3020408163265306,364.0,2.8738954312662326,0.2323338670896274,30.91585886497596,4.852247369400425,18.273371517176603,4.617279075096727,0.4946786017375117,0.2733007713726486,245,0.03199588035747825,0.05324851508328507
NGC_2287,101.5589,-20.6933,0.714,0.004,8.296,0.067,-0.078,0.025,0.225,0.032,765,-1.50378,0.15188,1.6018,0.12409,-0.13967,0.01868,1.94157,0.02992,1126,225,0.4235294117647059,0.53673,0.24101,1.16697,5.54911,0.16073,0.00019,0.2457516339869281,1089.0,3.690339113111751,0.2021637603841756,77.587945982751,10.036960138165842,2.5480370888428583,0.5130030972026691,0.4406833858247421,0.2584308932973276,765,0.018537341024001768,0.05271487352526225
NGC_2301,102.9472,0.4688,0.835,0.006,8.306,0.053,-0.031,0.018,0.251,0.012,607,-2.13273,0.30255,1.82028,0.17336,-0.13869,0.02247,1.77768,0.04693,725,145,0.3476112026359143,0.53489,0.26972,1.16122,2.45576,0.15851,0.00254,0.1878088962108731,818.0,2.468121814070976,0.1212705887624565,41.68870888710922,5.178806075903816,4.852678897196108,0.8450496698402867,0.435075047938463,0.29256846490345695,607,0.031940610491644754,0.06050298476777323
NGC_2302,102.9767,-7.0883,1.167,0.004,8.09,0.072,-0.033,0.018,0.734,0.047,95,-1.84165,0.35952,1.94644,0.24004,-0.09835,0.03113,1.32228,0.07546,190,38,0.431578947368421,0.57088,0.26982,1.16588,1.17064,0.15471,0.58228,0.2736842105263158,136.0,1.3220437212708536,0.1367161941019399,7.690799250338756,1.4194046465257,15.996630919188163,3.96855066999286,0.430127012830443,0.23357236123657202,95,0.050816342124493215,0.053292994448636485
NGC_2311,104.4755,-4.6239,1.91,0.04,7.798,0.193,-0.045,0.04,1.186,0.054,138,-2.08827,0.3795,2.02298,0.30473,-0.02639,0.02979,1.57926,0.08906,365,73,0.4710144927536231,0.68812,0.27058,0.98859,2.65792,0.25931,0.01617,0.3188405797101449,203.0,1.7127759334529105,0.3075626001831091,11.10089601548362,3.1894913369620688,5.657726709062918,2.9940134221894548,0.5533601454597049,0.37876760500812096,138,0.04836674690319166,0.05508910615847649
NGC_2318,104.8825,-13.8423,1.278,0.023,8.709,0.087,-0.013,0.026,1.075,0.106,199,-1.78942,0.48796,2.01334,0.29811,-0.01962,0.03278,1.74559,0.09674,561,112,0.5678391959798995,0.6872,0.21455,1.4591,5.68079,0.24565,0.00387,0.4623115577889447,312.0,3.812706444107624,0.2904010435954533,41.63681341000654,6.316928279891329,12.289168974139969,3.0881657527669537,0.5091654560218307,0.2739589758185022,199,0.03860912783605171,0.07505788555365998
NGC_2343,107.0278,-10.6243,1.04,0.014,8.19,0.15,0.013,0.058,0.674,0.095,103,-2.0501,0.44593,1.79933,0.43158,-0.06579,0.03961,1.41899,0.09077,194,38,0.5145631067961165,0.63772,0.23463,1.1281,0.92814,0.1567,0.49937,0.3786407766990291,156.0,1.082734839445773,0.1336897670256425,6.255871157531684,1.3106771129569668,24.757808783318687,10.00129024169742,0.46676979141220387,0.2718307273481967,103,0.05042946331344956,0.06081178570853282
NGC_2354,108.5228,-25.7374,1.262,0.022,9.204,0.02,-0.061,0.035,0.488,0.052,276,-1.29036,1.07501,1.70669,0.2082,0.04058,0.04965,1.92067,0.17773,847,169,0.6014492753623188,0.68133,0.26027,1.18291,4.2746,0.23315,0.00127,0.4384057971014493,442.0,3.029940660619441,0.2567193586890908,31.71943793842125,5.124925185619455,50.428321955766805,8.472225691726637,0.508250520619402,0.3417479728765237,276,0.03953928854719978,0.05916365182314253
NGC_2355,109.2495,13.7681,1.777,0.02,9.094,0.028,-0.004,0.044,0.301,0.019,380,-2.38128,0.46765,2.40414,0.23884,-0.04064,0.01918,1.83337,0.05794,705,141,0.5078947368421053,0.63179,0.229,1.3806,2.719,0.2314,6e-05,0.3763157894736842,573.0,2.4033686624447923,0.1977312217499975,30.319997859079567,4.815988879432684,40.951596149951136,7.020114038500384,0.5411815305014274,0.3755043398858582,380,0.027160957955238187,0.052612010990986606
NGC_2360,109.4375,-15.6277,1.036,0.009,9.106,0.029,-0.083,0.027,0.396,0.041,822,-1.65164,0.38255,2.04031,0.2,-0.08012,0.02376,2.02276,0.04698,1327,265,0.4099756690997567,0.63684,0.26352,1.38018,3.5903,0.18698,0.0,0.2639902676399027,1159.0,2.744562551452939,0.1505664309082589,48.2907746507299,6.248292422809603,26.432353136667903,3.84864461743842,0.4123812527277625,0.2398527204962606,822,0.01715450115241702,0.05303085563387571
NGC_2374,111.0037,-13.2428,1.211,0.012,8.575,0.047,0.029,0.041,0.515,0.047,110,-1.76904,0.45343,1.34935,0.18176,0.0499,0.03563,1.65477,0.11339,257,51,0.4545454545454545,0.57632,0.29551,1.20644,2.74394,0.22874,0.10558,0.2636363636363636,160.0,3.304400415382236,0.3791953795906158,29.540742501561983,5.869202923079635,12.722679677688228,2.87842814660861,0.5204049214797205,0.32551340782426313,110,0.05076644160060243,0.05482546143149962
NGC_2383,111.1719,-20.9512,2.822,0.082,8.451,0.067,-0.144,0.037,1.087,0.027,371,-2.77802,0.62611,1.63383,0.19007,0.06867,0.02755,2.07371,0.14175,763,152,0.4716981132075472,0.55515,0.26264,1.46718,2.69289,0.31633,0.0,0.2587601078167116,546.0,1.6718692891546514,0.1304601241515459,16.257236871108788,2.498643914474429,17.37613837647828,3.783936697094409,0.5493205378435074,0.3849922507673241,371,0.03336539807737131,0.06412694890698935
NGC_2384,111.2906,-21.0179,2.27,0.13,7.372,0.118,-0.13,0.123,0.91,0.04,72,-0.93798,0.23237,1.78789,0.41617,-0.10296,0.05752,1.34587,0.09667,313,62,0.7222222222222222,0.66229,0.27787,1.24479,1.47535,0.19375,0.46294,0.5,124.0,1.3324074314560426,0.2677062074838586,5.65850875087407,1.7950800774714712,4.161961017613032,1.7383949537789904,0.5358963431689726,0.3561842472800559,72,0.07339522252251125,0.06626317983195208
NGC_2396,111.9972,-11.7174,1.375,0.027,8.202,0.055,-0.129,0.036,0.569,0.031,322,-2.05316,0.35224,2.25163,0.29288,-0.09663,0.02702,1.68287,0.06912,670,134,0.3291925465838509,0.52345,0.26802,1.25803,5.98735,0.23323,0.00036,0.1739130434782608,428.0,4.69202406804508,0.4352519255815051,66.96533304665944,11.474681034643533,2.3776611787202886,0.506614491873909,0.5091393501166005,0.33688980061508,322,0.057200477806560915,0.07083418187393319
NGC_2401,112.3493,-13.9667,4.239,0.223,7.812,0.277,-0.22,0.032,1.285,0.054,130,-2.06934,0.37896,2.00901,0.26244,0.07259,0.02905,1.75292,0.10461,444,88,0.5923076923076923,0.61372,0.26104,1.66558,1.35294,0.53689,0.01552,0.3538461538461538,207.0,1.1465674454061667,0.1517157493989719,5.596452281263131,1.2415543901465382,11.590100316228204,7.82675357022001,0.5045416395435798,0.31475254977512374,130,0.04960412435867594,0.0537135601198839
NGC_2414,113.2877,-15.4479,4.173,0.17,7.157,0.058,-0.224,0.027,1.828,0.013,292,-1.28097,0.2404,1.28395,0.22182,0.13843,0.04951,1.97538,0.11383,1384,276,0.5034246575342466,0.59022,0.26126,,,,,0.3150684931506849,439.0,3.251712022959854,0.3217153957917544,27.43659701647433,4.905443881039949,0.5232024337754843,0.1167599378034641,0.4852924869989431,0.30248843958529575,292,0.029655493488280088,0.05268577217084117
NGC_2421,114.0571,-20.6316,2.368,0.063,7.833,0.171,-0.109,0.034,1.447,0.038,587,-1.80302,0.25799,1.71218,0.1811,0.06183,0.02522,2.15583,0.07776,1344,268,0.5110732538330494,0.60848,0.26896,1.21263,5.87762,0.22917,3e-05,0.3304940374787052,887.0,4.0776129678342885,0.2698355345529233,69.53214153597266,9.782451242811856,0.979071467749262,0.4093717506941999,0.43930001092174586,0.2605911518347451,587,0.029387033790801972,0.05627663600515533
NGC_2423,114.2671,-13.8403,0.901,0.009,9.048,0.021,-0.024,0.044,0.353,0.042,503,-1.41238,0.48727,1.61203,0.20693,-0.05095,0.03736,1.942,0.0748,999,199,0.489065606361829,0.58374,0.26585,1.44529,6.47062,0.19517,0.00012,0.3021868787276341,749.0,4.248560377201176,0.213157763122689,74.57720584871694,9.309850273346228,14.975933129569992,2.004870308656038,0.4340823677655823,0.2575982853990254,503,0.027393935379856793,0.054140606271237755
NGC_2428,114.8221,-16.5504,1.299,0.013,8.888,0.023,-0.03,0.025,0.272,0.022,218,-1.5988,0.40184,1.91511,0.22021,-0.04722,0.02898,1.75318,0.06761,461,92,0.5412844036697247,0.52811,0.24674,1.215,2.97624,0.24746,0.002,0.2981651376146789,336.0,3.384509045668563,0.2615830585974945,40.744523112584,6.232314963261851,18.96403555787499,3.0696975625232907,0.521208689738463,0.2910864542799528,218,0.03413053392235006,0.052612010990986606
NGC_2432,115.2229,-19.0846,1.731,0.029,8.968,0.043,-0.003,0.062,0.772,0.066,274,-2.00567,0.59994,2.04121,0.26425,-0.01867,0.03175,1.80114,0.09999,705,141,0.4416058394160584,0.61648,0.25377,1.30748,2.19631,0.23069,0.00112,0.2810218978102189,395.0,1.9862194486824416,0.1389701767975967,16.85682929833974,2.4436394096236285,55.1092005702064,9.674431417877516,0.5146939114366691,0.34292915557984677,274,0.03658447925871243,0.05516128268266543
NGC_2439,115.1955,-31.6868,3.33,0.076,7.379,0.066,-0.178,0.023,1.351,0.02,774,-1.55762,0.19281,1.58914,0.1523,0.09089,0.02602,2.2834,0.0773,2656,531,0.5542635658914729,0.59578,0.26203,1.69469,6.72114,0.32393,0.0,0.3462532299741602,1203.0,3.943630195606785,0.2551431413278163,60.65608504502847,8.45069129549248,0.3945714192778334,0.0813482675774015,0.47533948588572594,0.29767164337737567,774,0.02850684636656906,0.05436723778184834
NGC_2448,116.0612,-24.8213,1.07,0.018,8.117,0.186,-0.059,0.044,0.062,0.013,222,-1.69311,0.25454,1.49172,0.19034,-0.10245,0.02879,1.61747,0.05071,450,90,0.6216216216216216,0.52989,0.22324,1.18667,5.10987,0.18557,0.04593,0.3198198198198198,360.0,4.871253120181335,0.4552813531899635,75.23551718406527,12.955907327409577,1.740111548374777,0.803243699344779,0.47135303943899737,0.2791717160596618,222,0.05385519355402959,0.053797140217647844
NGC_2451A,115.9537,-38.2344,0.192,0.001,7.716,0.041,0.045,0.037,0.073,0.037,419,-1.30467,0.33311,0.08628,0.21837,-0.2,0.11495,1.52452,0.08944,342,68,0.2386634844868735,0.56248,0.22665,1.15167,3.58413,0.17618,0.07259,0.1431980906921241,519.0,3.3710440001586384,0.2274223237738411,66.7148167616033,9.464068121199531,0.7794310496147416,0.1328154693401823,0.3173984875211653,0.218580869827078,419,0.03052240892606536,0.05672123816030476
NGC_2451B,116.1018,-37.8642,0.354,0.004,7.631,0.026,-0.011,0.015,0.463,0.053,411,-1.70606,0.50683,0.33304,0.43466,-0.2,0.10903,1.51336,0.10745,367,73,0.2992700729927007,0.60024,0.25006,1.21463,4.21014,0.21119,0.00933,0.1849148418491484,534.0,3.4066008983140965,0.3733975765168504,66.95739147817184,12.866208168476646,0.6385596522095283,0.1285198477073983,0.31065104521002834,0.21345638821741908,411,0.02275216450332239,0.053174622356808365
NGC_2453,116.8838,-27.1877,3.838,0.089,7.457,0.218,-0.151,0.034,1.645,0.037,234,-1.80051,0.30438,1.47214,0.20404,0.09756,0.03555,1.88834,0.1156,656,131,0.5897435897435898,0.64488,0.28227,1.99306,2.30548,0.25339,0.35672,0.3888888888888889,372.0,2.0302125278281635,0.2948235136846484,17.211270123549017,4.124179940720969,1.6641293462634803,0.9256293406837224,0.5265601581707434,0.3327929894743398,234,0.03654358054194722,0.05497147297855279
NGC_2479,118.7515,-17.7474,1.561,0.016,9.101,0.025,0.066,0.041,0.069,0.01,157,-1.29509,0.39805,2.03204,0.30365,-0.05064,0.03407,1.61005,0.05661,395,79,0.5286624203821656,0.58765,0.24944,1.24859,2.53042,0.28428,0.00261,0.3566878980891719,240.0,1.920286918031875,0.2139929293212067,14.427424390858038,2.810255685656394,87.46034637965127,17.76438868533138,0.5345185980567542,0.3408748674678417,157,0.03983872469195968,0.05270820026512095
NGC_2482,118.7954,-24.26,1.208,0.035,8.827,0.048,-0.102,0.112,0.096,0.022,152,-0.87304,0.37367,1.74945,0.23552,-0.11233,0.04636,1.50582,0.06954,313,62,0.5,0.54858,0.26293,1.21017,2.74282,0.15273,0.29287,0.2960526315789473,228.0,2.905389312697845,0.3243112100944819,28.980392242229826,5.6377139395161,23.168383896045256,5.1836958124213375,0.5834170387973899,0.38365322149017966,152,0.04653163669264599,0.05812225426776447
NGC_2489,119.0574,-30.0654,1.778,0.055,8.565,0.095,0.051,0.07,1.514,0.05,428,-1.68085,0.32616,1.84384,0.19874,0.02486,0.02589,2.03303,0.07396,1136,227,0.6144859813084113,0.64556,0.2489,1.16929,2.39166,0.19682,0.00124,0.4205607476635514,691.0,2.069179103247585,0.1185239873450612,22.24398118846124,2.9312152500341844,16.51153619427654,4.216570960769402,0.47993017897685036,0.29456479937401425,428,0.044531029496032354,0.06368574879096411
NGC_2509,120.1996,-19.0585,2.831,0.0,9.146,0.0,0.426,0.0,0.055,0.0,325,-1.3892,0.44132,1.73612,0.11876,0.09565,0.02066,2.09647,0.08988,1453,290,0.9015384615384616,0.62861,0.22483,1.06672,3.40256,0.15252,0.18315,0.6153846153846154,618.0,2.9616916910872986,0.2036877974862502,30.7329288515323,4.411110440695168,45.54031701091317,6.5364212050811785,0.44352989455126324,0.2634058783811579,325,0.1308770478526313,0.1138584944399714
NGC_2533,121.7652,-29.8694,2.532,0.1,9.001,0.044,-0.032,0.055,1.04,0.1,181,-0.84345,0.73749,1.68758,0.24865,0.03958,0.05795,1.74566,0.15211,632,126,0.6850828729281768,0.67887,0.24875,1.27264,2.78524,0.2378,0.0453,0.4861878453038674,305.0,3.1614593022272306,0.2400188942961003,29.09199387933536,4.402952041170345,34.452957821837586,6.274794148609323,0.5319521954262398,0.30594295298620905,181,0.055003732070726924,0.07276351229654836
NGC_2539,122.6456,-12.8636,1.239,0.009,8.89,0.019,-0.005,0.023,0.135,0.011,695,-1.42431,0.30103,2.1311,0.21123,-0.12539,0.02532,1.90727,0.04348,1152,230,0.4431654676258992,0.5673,0.27265,1.2801,5.53383,0.20396,0.0,0.2503597122302158,1003.0,3.862658057807788,0.1976125704937221,76.69370418467285,9.65679266880436,10.121392947190897,1.3491577693513943,0.43367092848666067,0.2571500324346512,695,0.01900455054189828,0.052635983572168414
NGC_2546,123.0965,-37.6366,0.903,0.005,8.244,0.03,0.023,0.036,0.536,0.039,305,-1.15542,0.23769,1.63997,0.27511,-0.11285,0.04063,1.69708,0.05406,558,111,0.4229508196721311,0.50372,0.26806,1.05759,3.40118,0.14888,0.05939,0.2032786885245901,434.0,3.6554303798950696,0.2723799697998706,51.02813587242832,7.634710937782902,3.4370851920330923,0.5664119962052245,0.4803654770358862,0.28592368201625523,305,0.032579815004664926,0.05771182705849087
NGC_2547,122.4891,-49.1475,0.384,0.004,7.551,0.095,-0.032,0.076,0.352,0.132,391,-1.54343,0.4094,0.38727,0.35876,-0.2,0.09329,1.51125,0.09175,362,72,0.2429667519181585,0.66313,0.22961,1.35171,1.98494,0.28513,0.00019,0.1713554987212276,486.0,1.700344737900258,0.135980166492978,22.0236503326566,3.431718063224208,1.6147700912307732,0.433677471736525,0.38071126715157416,0.26226915003831974,391,0.04477760452115526,0.058494683076874124
NGC_2548,123.3641,-5.7408,0.747,0.004,8.714,0.032,-0.002,0.026,0.127,0.016,600,-1.3284,0.23545,1.68828,0.17444,-0.17089,0.02729,1.81951,0.03918,920,184,0.4433333333333333,0.57673,0.26319,1.24953,5.90539,0.16562,0.00125,0.2483333333333333,866.0,4.55897672893257,0.2244017987578809,97.39877883255556,12.106987284374744,5.314305149969272,0.7679207366129833,0.44359885696728474,0.27099120618410144,600,0.02028089778128214,0.05297808276347374
NGC_2571,124.7314,-29.7765,1.248,0.023,7.419,0.166,-0.038,0.043,0.435,0.028,212,-1.53248,0.1682,2.02277,0.27943,-0.14599,0.03041,1.50247,0.04147,345,69,0.4386792452830189,0.67164,0.27233,1.43024,2.9008,0.18143,0.0625,0.2735849056603773,305.0,2.172950884006515,0.2319875889622223,22.43706007698886,4.236124122392039,1.1695910847410005,0.4986144783527682,0.5939946792942149,0.4212266890469319,212,0.055131141226417414,0.06787971090826689
NGC_2587,125.8386,-29.5016,2.751,0.079,8.831,0.037,-0.006,0.05,0.223,0.025,324,-2.57535,0.49943,1.97036,0.23337,-0.00137,0.0223,1.83408,0.0748,649,129,0.4722222222222222,0.66813,0.26828,1.31929,10.00569,0.29853,0.0,0.3148148148148148,477.0,7.36096311893382,0.7616286764194983,145.92946789420583,26.89423540383629,4.643623507912347,0.9428198010591368,0.5093477462772664,0.3440104840390743,324,0.029695243707652606,0.053236218808266206
NGC_2645,129.7883,-46.2335,1.707,0.046,7.318,0.086,0.001,0.088,1.439,0.028,124,-1.39718,0.24717,1.61053,0.19837,0.0279,0.03474,1.60601,0.08847,348,69,0.7419354838709677,0.60015,0.27133,0.99675,1.27728,0.12333,0.89118,0.4193548387096774,216.0,1.5447286917456051,0.2050216424883025,10.21672896447678,2.272233730638777,2.0355797773776017,0.6061655957049188,0.5525218759646375,0.3710431142525944,124,0.06607372120568535,0.05387275229993372
NGC_2659,130.6271,-45.009,1.909,0.031,7.543,0.18,0.003,0.055,1.598,0.048,117,-1.33681,0.24443,1.72548,0.2851,-0.03725,0.04023,1.51807,0.06807,404,80,0.717948717948718,0.61266,0.24284,1.52175,2.02279,0.36906,0.00093,0.4871794871794871,201.0,1.3693497523914175,0.1486420352344157,7.485375886864846,1.4264429539090495,4.664299037958123,2.127739145413764,0.5322607714451069,0.35085969491147023,117,0.06691183698621984,0.0639613187106782
NGC_2669,131.6434,-52.9315,1.11,0.009,8.114,0.073,-0.003,0.034,0.866,0.06,263,-2.34256,0.47628,1.49599,0.25559,-0.03321,0.03471,1.72858,0.0935,509,101,0.4106463878326996,0.49119,0.2569,1.26464,2.94704,0.25963,0.00023,0.2015209125475285,371.0,1.8931237857275087,0.1636708527197456,17.55605486532264,2.8665962280929955,7.405818607923328,1.7354755608553671,0.5091978920687606,0.28406425113370287,263,0.04116485906446032,0.0572606342861249
NGC_2670,131.3951,-48.7828,1.394,0.019,8.098,0.054,0.148,0.073,1.417,0.04,264,-1.9032,0.22953,2.3192,0.25061,-0.04158,0.02084,1.73734,0.0525,562,112,0.5416666666666666,0.68988,0.23353,1.15501,3.75117,0.22498,0.00216,0.4128787878787879,407.0,2.393764555643977,0.1998403441948089,25.58710447581636,4.0947677423811575,4.897549764279988,0.9925332472960154,0.4967031284795575,0.27882397432859785,264,0.03296337452840606,0.0652384914101032
NGC_2671,131.5587,-41.878,1.335,0.022,8.617,0.314,-0.02,0.036,2.823,0.071,339,-1.49579,0.51111,1.91699,0.25419,0.04249,0.03697,1.95623,0.12133,943,188,0.5752212389380531,0.68524,0.24727,1.17909,1.6277,0.19202,0.01086,0.4188790560471976,534.0,1.6957690083903203,0.1540520300326252,14.670464601291362,2.476888906538537,28.21994299916644,20.95226202496352,0.5316856721747988,0.3555441815452362,339,0.02922913115572277,0.05558347016853485
NGC_2682,132.8347,11.8133,0.842,0.005,9.578,0.021,-0.045,0.041,0.164,0.029,994,-0.10267,0.41061,1.74518,0.1566,-0.15141,0.04361,2.13024,0.03106,1843,368,0.5603621730382293,0.64461,0.26301,1.26323,2.78005,0.18717,0.0,0.3752515090543259,1551.0,2.6774576166965245,0.1017327468745943,50.44326001978139,5.798954892964576,75.02341929698558,9.356574929568753,0.38535346994542996,0.2299798803011085,994,0.05273683870145,0.06678304550452178
NGC_2818,139.0406,-36.6171,2.908,0.093,9.099,0.031,-0.097,0.07,0.535,0.087,404,-1.42031,0.94336,1.40377,0.19135,0.06138,0.04871,1.98656,0.16898,1100,220,0.5693069306930693,0.59828,0.27856,1.39322,5.91857,0.22499,0.00055,0.349009900990099,634.0,4.4968153248455565,0.350571937971244,67.48062173884783,10.383024752450902,18.613194889575137,3.1571240324776784,0.48467725180388715,0.30027935839462744,404,0.03415272274093628,0.05430489513632396
NGC_2866,140.5226,-51.0991,2.37,0.048,8.045,0.132,-0.015,0.035,2.052,0.033,159,-1.92317,0.54127,1.43526,0.21573,0.05442,0.04354,1.72923,0.1499,364,72,0.5723270440251572,0.52309,0.27606,1.55331,1.0312,0.5259,1e-05,0.3081761006289308,250.0,0.7445394908117632,0.0975777602166658,3.746113527658301,0.8243816249381755,29.60868129257544,11.110480505482627,0.5536945477413584,0.3517428347564182,159,0.03936128135699978,0.053705052571241474
NGC_2910,142.6338,-52.9214,1.22,0.011,8.017,0.111,0.051,0.061,0.79,0.059,196,-1.92757,0.34918,1.91163,0.25471,-0.07136,0.02891,1.56042,0.07037,419,83,0.4030612244897959,0.54222,0.22888,1.15891,0.98727,0.18144,0.06864,0.2244897959183673,275.0,1.1848007354072088,0.1115466515078977,7.553654340157205,1.3029483424928918,13.767113492347272,4.245058401186473,0.5014021563074359,0.30998310958742825,196,0.04482663260222273,0.05780188248383261
NGC_2925,143.3434,-53.4141,0.738,0.005,8.32,0.194,0.008,0.05,0.26,0.074,134,-1.75871,0.49444,1.41957,0.2602,-0.09419,0.04834,1.49463,0.09644,219,43,0.4253731343283582,0.66531,0.27452,1.10692,1.43568,0.14486,0.48315,0.2835820895522388,191.0,1.50735406801841,0.1378249635356401,11.288919621533546,1.9040783359046256,18.50749408179611,8.83703475819342,0.49618117600847694,0.2856851079623122,134,0.046940762605543085,0.052612010990986606
NGC_2972,145.0513,-50.3309,1.816,0.056,8.631,0.078,0.029,0.032,1.575,0.084,121,-1.60761,0.61309,1.48729,0.28479,0.02269,0.0512,1.53997,0.13922,335,67,0.4958677685950413,0.56679,0.24855,1.32949,1.06176,0.34346,0.00361,0.2809917355371901,181.0,1.1725746593990294,0.1056345570067544,6.009039201428271,1.0101718002072255,71.15328621087382,17.50389422969043,0.5298223245318302,0.3602920631966338,121,0.046331858767244785,0.056604921488828064
NGC_3033,147.1585,-56.4067,1.689,0.034,8.841,0.065,0.04,0.022,1.028,0.079,147,-1.29606,0.65128,1.77169,0.3219,-0.04291,0.05578,1.57194,0.1255,441,88,0.5986394557823129,0.6489,0.25662,1.06205,3.19338,0.29825,0.00298,0.4285714285714285,235.0,2.995390237519791,0.3427007394412772,26.167574053483445,5.19451647680794,26.499430348387943,6.588006127200017,0.5400922702233195,0.339448800925249,147,0.04330573555512913,0.058682314287261374
NGC_3228,155.4033,-51.7725,0.461,0.014,7.721,0.128,-0.001,0.067,0.205,0.071,170,-1.24632,0.37224,0.63886,0.42295,-0.2,0.10406,1.45837,0.08432,228,45,0.5,0.6618,0.2571,1.08348,5.323,0.14846,0.37657,0.3352941176470588,255.0,3.028234807288866,0.4190220998289137,39.43243432199899,9.062490606658724,1.3339710708584027,0.4985644904679828,0.5200961249342685,0.38427076601330284,170,0.03866343059082967,0.054270783636972283
NGC_3255,156.6343,-60.6762,4.777,0.145,8.546,0.135,-0.036,0.03,1.305,0.091,225,-1.95807,0.69208,1.6429,0.21762,0.11083,0.04155,1.91747,0.20145,992,198,0.6355555555555555,0.57036,0.27029,,,,,0.3644444444444444,368.0,1.4179442790632597,0.1542642880664767,8.098972538251033,1.5492379481549494,43.4080297059776,15.843530758545748,0.5369672073967674,0.3619742643009912,225,0.04258387605494391,0.052612010990986606
NGC_3293,158.9447,-58.2172,2.283,0.068,7.145,0.039,0.017,0.036,0.947,0.017,560,-1.12052,0.16411,1.54929,0.18884,0.05895,0.03571,2.13388,0.07836,1975,395,0.6071428571428571,0.60395,0.27507,1.23238,2.80812,0.21812,0.00421,0.3892857142857143,900.0,1.912968553010674,0.1373517381487984,18.65513805791536,2.741695487439572,0.7485167661160557,0.1289179222567412,0.4673908633996051,0.2907523924092246,560,0.04491673648104759,0.059679528623642675
NGC_3496,164.8725,-60.3359,2.158,0.038,8.734,0.024,0.153,0.039,1.553,0.045,812,-1.72631,0.46619,1.59247,0.18101,0.07914,0.03054,2.27018,0.11306,2044,408,0.6354679802955665,0.65522,0.26685,1.50022,4.02703,0.26383,0.0,0.4248768472906404,1328.0,3.325220671893596,0.1729702367666704,58.16620234439817,7.368772941519175,9.318141266855848,1.287891466117295,0.4907271601883048,0.31233173650462503,812,0.04484404434124897,0.06155624862377719
NGC_3590,168.2482,-60.7877,2.259,0.109,7.151,0.035,-0.041,0.071,1.615,0.032,203,-1.38487,0.22825,1.68695,0.21428,0.08379,0.03591,1.84508,0.10533,735,147,0.6009852216748769,0.61262,0.25185,1.49491,1.36771,0.27514,0.10625,0.3940886699507389,325.0,1.1052896115607287,0.1407967824761277,5.864763249576333,1.2648097734633292,2.4140680871633773,0.5557872571687675,0.5362208760420953,0.3463148053635273,203,0.039135332094516584,0.054041107084639
NGC_3680,171.4281,-43.2623,1.013,0.009,9.302,0.041,-0.137,0.06,0.31,0.102,103,-0.78748,86031423.36732,1.30762,0.42774,0.09156,2975763.09887,1.72023,14111561.35806,366,73,0.5339805825242718,0.74223,0.24879,2.10403,3.14603,0.56288,0.0,0.3980582524271844,158.0,2.1476322623824946,0.2830039835019086,12.846976998742583,2.844258692818806,156.0267468028743,37.5529876988972,0.5548082083781916,0.363648078262314,103,0.04939161106295097,0.0532196794979804
NGC_381,17.0977,61.5999,1.119,0.011,8.548,0.095,-0.011,0.048,1.436,0.047,175,-1.85086,0.49871,1.99026,0.26609,-0.01218,0.03231,1.68737,0.09854,369,73,0.5257142857142857,0.59785,0.22378,1.40119,1.38889,0.18571,0.10108,0.32,267.0,1.3829185065753735,0.161544625625531,9.917282874821012,1.995492302471072,35.61289662198239,10.584674586006845,0.5526690513368118,0.3513536860881759,175,0.03827629936019638,0.0532074635943901
NGC_3960,177.6381,-55.6779,2.098,0.078,8.975,0.041,0.021,0.079,1.098,0.142,441,-2.13442,0.71637,1.61618,0.18875,0.08846,0.02938,2.15018,0.14384,1152,230,0.5510204081632653,0.62897,0.27178,1.11032,2.13903,0.16861,0.01201,0.3786848072562358,684.0,2.276186353501776,0.1268001815590448,25.27291718466517,3.290116330459556,37.35464605798454,6.007043990767239,0.4800895877981429,0.2948329434171475,441,0.031042038696490113,0.05756917208640579
NGC_433,18.7876,60.1316,1.817,0.058,7.856,0.07,-0.104,0.052,2.242,0.05,192,-2.17442,0.36102,1.98408,0.2622,0.03526,0.02656,1.78091,0.08932,459,91,0.5052083333333334,0.77364,0.25223,1.40166,1.44786,0.13629,0.45722,0.4010416666666667,289.0,1.5321861664388707,0.1172402845316162,11.03718852492495,1.6738845752649651,6.503416061530419,1.4392932833627985,0.513702331618945,0.2774182493749462,192,0.036082434067693125,0.06323740865930952
NGC_4337,186.0171,-58.1258,2.367,0.044,9.172,0.012,0.047,0.029,1.291,0.037,320,-2.40934,1.7616,1.56847,0.15589,0.13975,0.0424,2.20965,0.39723,1049,209,0.628125,0.66664,0.27049,1.36976,2.03239,0.22813,0.01438,0.4375,521.0,2.123409102143093,0.1546476515774116,19.103322404383167,2.8243418311964583,77.7841472196516,11.699157142653698,0.5225054450254207,0.34437462662879453,320,0.040442564646128096,0.05895903031091332
NGC_436,18.9962,58.8231,2.829,0.059,7.924,0.105,-0.088,0.057,1.595,0.026,209,-1.76331,0.35711,1.46119,0.19827,0.07987,0.03712,1.87045,0.11894,829,165,0.6842105263157895,0.5588,0.26208,1.38297,2.85475,0.19777,0.23074,0.3923444976076555,352.0,2.020146781177691,0.1870241714221676,14.54031066358227,2.484155717241691,5.773329098269637,1.709157243543708,0.5523698013457733,0.37018318225458774,209,0.04867183359284672,0.05288107940389409
NGC_4439,187.1215,-60.1015,1.78,0.056,7.723,0.055,0.055,0.07,1.234,0.032,95,-1.46385,0.43637,1.14513,0.29581,-0.01164,0.07023,1.43904,0.14172,282,56,0.5157894736842106,0.47265,0.26546,1.15248,1.49991,0.28997,0.03048,0.231578947368421,144.0,1.5479364713839614,0.3243223224832829,8.349120658515252,2.751789224365209,6.329352196344413,2.234790300944783,0.5233765395463835,0.334341789838382,95,0.05127333281651806,0.059730665015341786
NGC_4463,187.4405,-64.7994,1.684,0.043,7.492,0.181,0.134,0.045,1.615,0.062,157,-1.4612,0.23291,1.90783,0.26018,0.03235,0.03259,1.66845,0.08799,555,111,0.5286624203821656,0.6114,0.2587,1.03103,1.1676,0.11516,0.72791,0.3375796178343949,240.0,1.3953625384847637,0.1545637067567325,7.539147968476033,1.4620363352031345,4.117918365722051,1.892911504067721,0.5084256414859964,0.274052466609659,157,0.04018040936952397,0.0551012552517465
NGC_4609,190.6319,-62.9929,1.366,0.019,7.878,0.07,0.097,0.042,1.233,0.048,461,-1.75762,0.23132,1.80359,0.20098,-0.07664,0.0251,1.81608,0.05355,943,188,0.5704989154013015,0.61112,0.27184,1.0397,3.97702,0.15578,0.00658,0.3427331887201735,724.0,3.0231168291628827,0.2496789556783091,44.802537291215785,7.124016974079458,1.6853782694434172,0.3815929998784387,0.45740513040897557,0.2787463163279044,461,0.03927566707328523,0.05568390732609785
NGC_4852,195.0302,-59.6128,1.245,0.019,8.056,0.06,-0.007,0.062,1.448,0.021,334,-1.63307,0.32626,1.78333,0.2715,-0.07707,0.03634,1.75937,0.07514,983,196,0.562874251497006,0.56166,0.24376,1.59145,3.93236,0.28364,0.0,0.3473053892215569,522.0,2.523922022633513,0.2097901456561728,25.61298049644523,4.088815070713999,4.441604466849602,0.937707281304582,0.5287086470570465,0.35190684053471116,334,0.028660943337169977,0.052612010990986606
NGC_5138,201.8578,-59.0208,1.84,0.044,8.023,0.16,0.125,0.086,0.842,0.056,149,-1.56403,0.37632,1.75837,0.4278,-0.05602,0.05083,1.51179,0.07836,448,89,0.4228187919463087,0.65964,0.26414,1.30131,2.88891,0.38122,2e-05,0.2684563758389262,212.0,2.11846744702548,0.2882727698616404,14.253560525039438,3.235561403499488,7.397357976198307,3.201079568289885,0.5042986641538195,0.3131732374463902,149,0.04662681102821719,0.053846424399568014
NGC_5168,202.7902,-60.9452,2.554,0.086,8.848,0.051,0.099,0.049,1.947,0.096,321,-1.77501,0.78858,1.38933,0.19524,0.09426,0.04408,1.99757,0.1829,795,159,0.6105919003115264,0.6032,0.29024,1.12076,2.16132,0.23728,0.03184,0.3457943925233644,517.0,1.7327628900695782,0.1284778014012399,16.075016573277463,2.404262371830329,43.83778179977774,8.336094318828497,0.5532793214003409,0.3834395748999962,321,0.031570374817136315,0.05373931374081203
NGC_5269,206.1618,-62.9097,1.85,0.046,8.226,0.2,0.168,0.05,1.477,0.06,150,-1.76968,0.52612,1.54964,0.32663,0.04174,0.04673,1.7654,0.13493,386,77,0.5666666666666667,0.66664,0.25205,1.16845,1.24424,0.34188,0.00346,0.4533333333333333,235.0,1.5480083990521645,0.1103973910151388,10.391277870155523,1.5198149720605956,16.19313891993234,7.824278353206884,0.5354264316619652,0.34242778675208535,150,0.04114514003072718,0.06092806843104349
NGC_5281,206.6138,-62.9113,1.461,0.023,7.802,0.091,-0.028,0.055,1.031,0.026,161,-0.92049,0.1547,1.93676,0.21297,-0.04536,0.02877,1.60501,0.05595,423,84,0.4347826086956521,0.61318,0.25934,1.22938,1.18473,0.31208,0.0011,0.2795031055900621,231.0,1.165440615180796,0.1740401543508754,6.398173037661512,1.5676862094801305,9.90704233108083,3.19400750586507,0.5332650483919854,0.3419684945421301,161,0.04745026833861527,0.05556249649351138
NGC_5288,207.1877,-64.676,2.287,0.075,8.588,0.347,0.094,0.055,1.705,0.138,160,-0.88529,0.49794,1.46706,0.28227,0.05258,0.0637,1.64111,0.12714,475,95,0.625,0.61564,0.26656,1.00608,1.40676,0.24585,0.09478,0.375,260.0,1.345216141150941,0.1209466402757839,8.212806256155924,1.3788723029425134,47.15290155923827,38.49780429646083,0.5104296746938661,0.27554359552518887,160,0.05063451145217064,0.05935603569944
NGC_5316,208.5673,-61.8939,1.395,0.023,8.138,0.186,0.052,0.053,1.133,0.062,183,-1.30957,0.24794,1.98564,0.2762,-0.08275,0.03236,1.61174,0.06322,453,90,0.4918032786885246,0.60089,0.28286,0.9101,3.65084,0.20413,0.04118,0.3114754098360656,273.0,3.262696887312368,0.3488486921879828,33.007833858347844,6.227022200251719,4.162775360870925,1.9481360306821207,0.5027668981628944,0.28347157048835064,183,0.03705657192012024,0.0531871399833899
NGC_5460,211.8213,-48.3071,0.707,0.003,8.249,0.16,-0.052,0.033,0.475,0.073,209,-1.23584,0.27117,1.47674,0.22142,-0.16025,0.04107,1.56072,0.05794,379,75,0.492822966507177,0.5447,0.24035,1.3582,3.08845,0.27059,0.00113,0.2727272727272727,312.0,2.6339229175187064,0.2424241664443541,29.086659626862414,4.940475580575191,6.099667351460496,2.4745325589144294,0.5035198661108735,0.3573150735068257,209,0.03466480246947834,0.0575809079407236
NGC_559,22.3808,63.2964,2.353,0.041,8.757,0.037,-0.095,0.034,2.214,0.036,750,-1.7724,0.4149,1.95066,0.18986,0.03376,0.02561,2.19367,0.08734,1949,389,0.7106666666666667,0.70598,0.25392,1.47722,4.09456,0.15556,0.00317,0.516,1283.0,2.698588104399028,0.1325153097360648,42.3058495260525,5.247377895082699,13.508265241664574,2.032660209038065,0.487966163500701,0.3100134139101042,750,0.06512546620064882,0.07998723234272473
NGC_5593,216.4261,-54.8009,1.002,0.012,8.297,0.076,-0.011,0.053,0.916,0.065,114,-2.0602,0.40257,2.11529,0.31924,-0.0851,0.02976,1.41171,0.07053,245,49,0.5789473684210527,0.60257,0.22785,1.18535,1.95029,0.22876,0.08654,0.3859649122807017,180.0,2.082748336875985,0.2040369686955216,16.56322901421017,2.944049520164077,11.963410178686054,2.984084195030868,0.4968602654926213,0.2984329399345344,114,0.05136570123615447,0.0573550201714371
NGC_5662,218.755,-56.6328,0.749,0.004,8.074,0.176,-0.021,0.034,1.116,0.047,345,-1.30329,0.13488,2.2044,0.208,-0.12895,0.0202,1.74366,0.03207,658,131,0.4985507246376812,0.56865,0.24059,1.11748,3.31103,0.14791,0.04029,0.3159420289855073,517.0,3.470732876362028,0.2373932141663905,50.08931862740928,7.160380945412374,2.367308601235988,1.0173009624643317,0.5171834305910911,0.3458600796838674,345,0.027375407604314558,0.05328004993916284
NGC_5715,220.8744,-57.58,1.919,0.059,8.676,0.104,0.155,0.033,2.118,0.071,305,-1.0422,0.37989,1.72025,0.20831,0.02596,0.03932,1.86118,0.09058,927,185,0.6983606557377049,0.65775,0.27109,1.32001,2.734,0.29888,0.00017,0.4754098360655737,518.0,2.200580513896014,0.2329199296358539,21.339004699105672,4.001498913233107,22.22418486463525,6.759559322847142,0.537305812639092,0.3623313350964317,305,0.05398696482640629,0.061342341642263015
NGC_5749,222.1659,-54.5278,1.071,0.011,8.122,0.059,0.027,0.061,1.176,0.044,123,-1.8903,0.51262,1.35363,0.3376,-0.02916,0.05261,1.51118,0.11612,276,55,0.5365853658536586,0.53725,0.27429,1.38042,2.28212,0.26984,0.01762,0.3089430894308943,189.0,2.0872433970817394,0.2872919741314096,16.253267204777423,3.7260247162434736,8.148155804670413,2.1713028482532395,0.5274061472981271,0.3552673243281046,123,0.044962632272327385,0.05388978353015862
NGC_581,23.342,60.6613,2.329,0.045,7.822,0.184,-0.078,0.058,1.407,0.031,264,-1.48282,0.22773,1.72848,0.23014,0.00866,0.03048,1.84406,0.06918,715,143,0.7007575757575758,0.59937,0.25953,1.56226,2.36611,0.26986,0.00275,0.4431818181818182,449.0,2.2506765689651043,0.182843041730826,22.384120252580885,3.5285743341107154,2.965240817652324,1.340441726965765,0.5330833836505962,0.368802359748187,264,0.055828502870282584,0.0565231048448404
NGC_5999,238.0485,-56.4836,2.294,0.081,8.213,0.204,0.135,0.051,1.944,0.045,428,-1.67784,0.34094,1.54264,0.16133,0.16506,0.02778,2.22614,0.1171,1203,240,0.6004672897196262,0.58305,0.24764,1.53405,1.07816,0.2505,0.13618,0.3808411214953271,685.0,1.6538002955007398,0.0908145151940038,15.33497586765629,1.9837810279304904,10.649198029314652,5.188450812816207,0.47763648794891267,0.29300454967692874,428,0.04229719828164676,0.058106886299008495
NGC_6025,240.7343,-60.4253,0.753,0.003,8.173,0.078,-0.001,0.017,0.69,0.031,391,-1.52889,0.15729,2.10228,0.1697,-0.16404,0.01775,1.67065,0.03302,575,115,0.4168797953964194,0.52982,0.25414,1.32795,3.28086,0.25243,1e-05,0.2225063938618925,554.0,2.981686212441866,0.1778725876563386,45.13468351472154,6.056651839082962,3.2998150462828257,0.7398055416190551,0.5258330677672608,0.3682434513071004,391,0.03974194007526214,0.06689765412994751
NGC_6031,241.8985,-54.0109,1.705,0.03,7.705,0.202,0.137,0.063,1.632,0.054,178,-2.01421,0.43241,1.23152,0.24166,0.07663,0.04243,1.83899,0.12472,527,105,0.6067415730337079,0.56937,0.28476,1.13494,1.00919,0.27495,0.00323,0.3258426966292135,286.0,1.169218327369927,0.1338729338892325,6.810184683427077,1.3521462631312466,7.444595585028575,3.764933190273358,0.5108364683682135,0.27515145529691454,178,0.04590166471814743,0.05464162371549252
NGC_6087,244.7276,-57.9032,0.924,0.014,8.192,0.083,-0.118,0.077,0.704,0.027,350,-1.32362,0.20505,1.97585,0.21805,-0.15729,0.02691,1.70212,0.04749,668,133,0.6457142857142857,0.58592,0.23055,1.30433,3.68403,0.2126,0.00073,0.4428571428571428,576.0,3.4122892620805776,0.240280131158356,52.92055894479246,7.681113343572144,2.940191227436358,0.7055945692040057,0.5240342950455955,0.35850652336857597,350,0.04254161251451661,0.05754902104262656
NGC_6134,246.9768,-49.1779,1.078,0.009,9.096,0.024,0.025,0.029,1.3,0.037,945,-1.82449,0.51621,1.8475,0.18837,-0.03244,0.02862,2.138,0.07678,1912,382,0.5068783068783069,0.63658,0.26008,1.34188,3.7676,0.22777,0.0,0.3354497354497354,1424.0,2.511434018240751,0.1131799945694503,41.86270295315138,5.049393739417362,29.79701324204728,3.953310808189488,0.4855754409654278,0.31508320405170415,945,0.01736129983487176,0.05292885426959387
NGC_6152,248.2352,-52.6212,1.534,0.026,8.309,0.098,0.04,0.027,1.283,0.045,563,-1.51321,0.30212,2.0217,0.23307,-0.06479,0.03056,1.94939,0.07092,1228,245,0.5719360568383659,0.58528,0.2535,1.41574,5.11188,0.25871,0.0,0.3641207815275311,885.0,4.499609910401542,0.28864838911355,84.16392867630607,11.665238495572227,2.4203267477450647,0.6409515948501046,0.4419284825047493,0.26014263200613674,563,0.04205452866242206,0.06036027462329552
NGC_6178,248.9343,-45.6412,0.849,0.018,7.123,0.068,0.026,0.085,0.868,0.096,67,-1.306,0.26571,1.8609,0.41839,-0.16844,0.04336,1.15678,0.07196,122,24,0.4626865671641791,0.63295,0.24948,1.22102,0.9311,0.2441,0.23194,0.2835820895522388,98.0,0.7352933725889315,0.1876198738150628,3.124880299083275,1.2348952097371604,4.247824974669106,1.8056228236495844,0.6094066275550407,0.40060337184809286,67,0.07228430234063278,0.06069274548359257
NGC_6192,250.0801,-43.3605,1.553,0.03,7.677,0.234,0.14,0.05,2.222,0.059,716,-1.96401,0.24318,1.70703,0.14544,0.07005,0.02196,2.26743,0.08085,1840,368,0.590782122905028,0.6224,0.2518,1.06988,2.78029,0.228,0.0,0.3868715083798882,1139.0,2.0196781570326885,0.0986706857085497,25.513951864525044,3.163138384187277,1.863040380677827,1.0300456644953373,0.4723895584978539,0.2961683130717319,716,0.0391673767934243,0.05863655245492877
NGC_6204,251.5269,-47.0291,1.129,0.016,8.013,0.073,0.07,0.029,1.523,0.024,299,-1.89852,0.32159,1.71246,0.22052,-0.01122,0.02886,1.85511,0.07934,628,125,0.5418060200668896,0.60121,0.24308,1.16831,1.29265,0.18563,0.01096,0.3612040133779264,461.0,1.1564505128320095,0.0952057919758529,8.986438543131461,1.4252551286416246,11.4660119856844,2.649814619407094,0.5044099134527319,0.34205232567591665,299,0.03061306610641367,0.05282967226415843
NGC_6208,252.3041,-53.7083,1.142,0.009,9.269,0.023,-0.228,0.04,1.082,0.067,452,-0.35769,0.5176,1.65804,0.20101,-0.10938,0.05698,1.89114,0.05391,1689,337,0.6216814159292036,0.58094,0.27086,1.70331,4.04134,0.30611,0.0,0.3561946902654867,733.0,2.816834908895207,0.1580914767361493,30.417480238636685,3.970608282712341,61.07686897522469,8.603957033480167,0.44028556837622135,0.26206704505158274,452,0.05620513308497824,0.058810933875020295
NGC_6242,253.8436,-39.4726,1.219,0.016,7.833,0.086,0.126,0.041,1.374,0.024,757,-1.7084,0.18678,1.70669,0.15657,-0.046,0.0216,2.04861,0.048,1529,305,0.4900924702774108,0.5295,0.26122,1.13987,2.30865,0.19888,0.0,0.2589167767503302,1128.0,2.11498570366498,0.1288796602304497,29.750564195558624,4.024862497823593,2.2882569695783177,0.5487781804362976,0.44932539383493575,0.27829558367514584,757,0.021601541249083606,0.052879745962585115
NGC_6249,254.4574,-44.8141,1.144,0.012,7.346,0.042,0.076,0.06,1.57,0.06,91,-1.3026,0.29931,1.62164,0.3127,0.01013,0.04641,1.54992,0.10201,297,59,0.6373626373626373,0.5342,0.25391,1.18993,1.07278,0.25628,0.11637,0.3406593406593406,149.0,0.8609412835390508,0.1294295195469858,3.4625794264470384,0.8532085288519276,6.406196498649899,1.6957630462189297,0.5256377458639769,0.35884863279071383,91,0.05965379633835918,0.052612010990986606
NGC_6253,254.78,-52.7072,1.594,0.023,9.525,0.014,0.036,0.055,1.036,0.055,615,-0.0,1.48965,1.76381,0.14907,0.04027,0.06347,2.06033,0.15725,2861,572,0.640650406504065,0.64765,0.25099,1.09202,1.32996,0.08163,0.28545,0.4032520325203252,1009.0,1.646542253202237,0.0764052066079141,13.61179163073488,1.6580641036283852,246.0847537523932,31.0077128031537,0.47221000616801984,0.2946299486807458,615,0.052114370044859776,0.06113253725459093
NGC_6268,255.5168,-39.7014,1.409,0.023,8.343,0.052,-0.044,0.045,1.562,0.05,230,-1.17757,0.2834,2.29396,0.31939,-0.01436,0.0318,1.78096,0.07442,536,107,0.4695652173913043,0.58549,0.21664,1.143,1.81216,0.2083,0.02016,0.3130434782608696,338.0,1.740972537385281,0.1229307076457551,14.006624738924527,2.038472830871778,15.727746720675002,2.964050550675916,0.5145894505929042,0.29073470771635923,230,0.0352616328448292,0.05298074154461954
NGC_637,25.7742,64.0411,2.316,0.088,7.265,0.054,-0.003,0.048,1.962,0.027,123,-1.17749,0.28176,1.22098,0.28782,0.12575,0.06157,1.68303,0.121,430,86,0.5609756097560976,0.61877,0.2619,0.66004,1.13935,0.2735,0.70242,0.3495934959349593,192.0,0.9891265406616404,0.2143582677748486,4.29972045036167,1.4623591597680663,4.281143443439721,1.5502952557785383,0.5339040619881945,0.34942364409216387,123,0.04523747529337504,0.052612010990986606
NGC_6425,266.7017,-31.4717,0.969,0.011,8.712,0.024,0.05,0.059,1.094,0.07,216,-1.29787,0.39139,2.35571,0.36157,-0.11723,0.03554,1.60539,0.06771,415,83,0.4351851851851852,0.58335,0.24252,1.25217,2.23767,0.31321,4e-05,0.2685185185185185,310.0,1.93575524564252,0.2119705302085697,17.423949382374897,3.350631332405189,29.570141262171763,5.916490400134123,0.4663355840145754,0.29211392654853624,216,0.03465819516295845,0.05301232984218121
NGC_6444,267.4126,-34.8178,1.638,0.087,8.451,0.383,0.188,0.065,1.616,0.148,193,-0.77524,0.38592,1.58818,0.22748,0.11135,0.04847,1.77579,0.1206,630,126,0.533678756476684,0.60659,0.24835,1.19713,2.40235,0.37126,0.00803,0.3316062176165803,296.0,3.2695627121048414,0.2686065071509974,29.927674588230595,4.749527573732638,9.439022622982634,8.457890360800233,0.5219568004384758,0.29869777940875114,193,0.03600237100828195,0.053317016316107066
NGC_6475,268.4215,-34.8721,0.273,0.0,8.667,0.0,0.114,0.0,0.204,0.0,595,-1.19323,0.27701,1.59289,0.27233,-0.2,0.03965,1.86536,0.0487,791,158,0.4302521008403361,0.56471,0.24494,1.1541,1.48798,0.15288,0.00397,0.2487394957983193,851.0,2.090796386959328,0.0979359880211812,32.154149539509646,3.926429841480184,14.44651100636242,1.76410238594413,0.3998552833497294,0.2493834556747217,595,0.022126491372657806,0.052612010990986606
NGC_6520,270.8547,-27.8821,1.572,0.064,7.937,0.304,0.162,0.069,1.337,0.066,185,-1.22934,0.25913,2.00461,0.28871,0.06791,0.03439,1.82047,0.08785,555,111,0.6486486486486487,0.65739,0.25313,1.33818,0.61712,0.34091,0.02381,0.4378378378378378,305.0,0.833525222871605,0.0568638983993331,4.202737463782367,0.6013253261344192,20.581059993151285,14.704327567004691,0.5094970076952028,0.27419200507604596,185,0.052748245370729065,0.07018751929038936
NGC_6568,273.2109,-21.6117,1.019,0.008,8.891,0.025,0.151,0.041,0.828,0.062,315,-0.89035,0.31898,2.13329,0.2794,-0.12055,0.03616,1.76614,0.05371,784,156,0.5936507936507937,0.64122,0.24878,1.1911,2.66333,0.24571,0.00013,0.4,502.0,2.7761564138961674,0.1992621147959643,32.05178443722594,4.698603485020248,24.27435990540883,3.823001729124818,0.5447464632341709,0.3809953346348773,315,0.030862317906124464,0.05280006477122449
NGC_659,26.1019,60.6713,2.634,0.058,7.374,0.089,-0.083,0.055,2.174,0.047,270,-1.34625,0.23615,1.30519,0.19572,0.11538,0.04221,1.94043,0.09872,1094,218,0.5481481481481482,0.60345,0.28156,1.07264,2.73652,0.16327,0.52649,0.3259259259259259,418.0,2.463471106888332,0.2228476229066017,19.561097480179324,3.292959475222959,1.2095025342433223,0.3207701361850743,0.5262224896983686,0.34897119982432423,270,0.030721736444728226,0.05300095138100921
NGC_6604,274.5254,-12.2434,1.935,0.037,6.809,0.057,0.103,0.077,2.881,0.037,152,-1.13513,0.13389,2.32708,0.38756,0.04007,0.03607,1.74716,0.06115,871,174,0.743421052631579,0.76381,0.20726,,,0.26905,0.33846,0.625,265.0,1.3809443005903363,0.2072095896959527,6.403249519934478,1.576750853589011,1.0060036915784114,0.2807113276176733,0.5427268398155473,0.3552815914019426,152,0.06646074808385237,0.09371708091867435
NGC_6633,276.865,6.6414,0.391,0.002,8.901,0.175,-0.117,0.043,0.549,0.238,278,-1.54609,0.63417,0.98941,0.17689,-0.01796,0.05699,1.84673,0.11982,512,102,0.6942446043165468,0.67544,0.22046,1.10947,2.23366,0.14728,0.10059,0.5215827338129496,471.0,2.4352929784592328,0.1367446428717863,30.946099248005623,4.036797776014044,25.72729260760153,10.896558209703286,0.4691811727624561,0.3122417869211597,278,0.06926088441403656,0.07967229009640504
NGC_6694,281.3173,-9.3785,1.675,0.037,8.001,0.159,0.173,0.024,1.892,0.029,513,-1.63935,0.34161,1.694,0.22347,0.02036,0.03573,2.02296,0.10202,1208,241,0.50682261208577,0.52754,0.26662,1.40171,3.00303,0.32857,0.0,0.2690058479532163,773.0,2.397882883555468,0.1724949360368374,29.514597831882888,4.337117525030891,3.395964409839144,1.3397114657936988,0.44745378536087277,0.2649095359271199,513,0.02763096113103396,0.05262103299300079
NGC_6709,282.8393,10.3438,1.043,0.006,8.197,0.049,0.047,0.021,1.082,0.023,377,-1.8278,0.24921,2.15511,0.22734,-0.08311,0.02222,1.81381,0.05113,679,135,0.5039787798408488,0.52725,0.22741,1.27143,3.16968,0.2379,4e-05,0.273209549071618,567.0,2.618141979503176,0.1871397537273578,34.82719416641216,5.092164145789823,4.519407612756206,0.8346587767482749,0.5269259315437844,0.36125287805919126,377,0.026455403110720855,0.05843772499072605
NGC_6728,284.7119,-8.9423,1.699,0.021,8.762,0.041,0.122,0.049,0.876,0.092,511,-2.02238,0.47512,1.82558,0.22051,0.00075,0.02933,1.9889,0.09355,1170,234,0.49706457925636,0.60354,0.25556,1.45218,5.67041,0.36157,0.0,0.3072407045009784,765.0,5.04330412106153,0.3483984614781235,90.6940490925857,13.06042696985411,6.374134281021735,1.0975738662291057,0.45218734091495216,0.2646207922274534,511,0.02528649660332927,0.05388897107561976
NGC_6793,290.8032,22.1722,0.583,0.002,8.517,0.169,0.126,0.053,1.17,0.057,250,-2.00735,0.36041,1.75969,0.20602,-0.1034,0.02658,1.64492,0.05422,409,81,0.484,0.58213,0.25535,1.27488,3.10366,0.26181,0.00057,0.316,371.0,2.1869286440429554,0.1881902848181773,24.31686410936036,3.9560041687311225,13.523603594486383,5.7039174731155295,0.4378010461175183,0.26238856271749217,250,0.03389446184850852,0.05465872596864745
NGC_6811,294.3895,46.3864,1.107,0.007,9.003,0.012,-0.021,0.025,0.255,0.042,363,-1.36598,0.54,1.74331,0.24628,-0.06964,0.04257,1.80282,0.08242,646,129,0.4573002754820937,0.60109,0.27798,1.60368,4.83898,0.27829,0.0,0.2617079889807162,529.0,3.139041855632076,0.2116281193022877,44.30021260832992,6.295581322679976,22.729725424894863,3.2906509338674783,0.5495371312668091,0.4001661644847013,363,0.03732851028309145,0.06530064290246977
NGC_6830,297.7246,23.0977,2.024,0.046,7.722,0.212,0.159,0.018,1.857,0.034,263,-1.72902,0.28269,1.52187,0.19407,0.09068,0.03073,1.98802,0.09665,699,139,0.5703422053231939,0.62924,0.27469,1.04508,1.77441,0.33109,0.00038,0.3916349809885932,413.0,2.693020744547812,0.1834836247046275,27.70113159404081,3.9497793161840136,1.903279148120589,0.9679051762409332,0.5143788628091042,0.3426683770094822,263,0.03414375696831333,0.05419699724138196
NGC_6866,300.9715,44.1596,1.377,0.021,8.892,0.031,0.063,0.064,0.514,0.078,229,-1.69262,0.52537,1.92816,0.2301,0.02125,0.03016,1.79672,0.10175,449,89,0.4235807860262008,0.64015,0.24134,1.32361,2.52605,0.32696,1e-05,0.296943231441048,326.0,2.5835144632214178,0.2979470140263279,26.880256795645,5.359085969604042,29.011259693382165,6.14347682977636,0.5252556033091683,0.28388300286963963,229,0.04370467962253494,0.05265727126265913
NGC_6910,305.7806,40.7493,1.64,0.031,6.989,0.04,-0.03,0.039,3.311,0.101,422,-1.65362,0.14649,2.10512,0.22614,0.08793,0.02149,2.05662,0.05999,1528,305,0.7417061611374408,0.79062,0.21813,,,0.26748,0.04936,0.6184834123222749,735.0,4.089103645114725,0.4443665868354535,56.05980408215106,10.714881408123372,0.1739195585287132,0.0369000091631781,0.44105565709945793,0.2622758184332803,422,0.09090740854909461,0.11580160716840714
NGC_6913,305.8575,38.4713,1.636,0.047,6.921,0.037,-0.003,0.072,2.832,0.163,241,-1.39612,0.16891,1.45948,0.16786,0.14838,0.03083,2.02636,0.08242,903,180,0.5975103734439834,0.69952,0.26751,,,0.28189,0.10015,0.4315352697095436,385.0,3.4319518518908927,0.3119178706437285,33.141065344668526,5.596763537150809,0.2515553365437454,0.0475817022553676,0.5531558706986757,0.3788340353389961,241,0.03368700308973053,0.05447142204677044
NGC_6939,307.937,60.6499,1.719,0.04,9.183,0.017,-0.007,0.036,1.397,0.034,797,-1.66627,0.66181,1.81107,0.1587,0.04808,0.02733,2.21489,0.10993,2031,406,0.5984943538268507,0.69399,0.26707,1.14669,3.58803,0.17915,3e-05,0.4316185696361355,1274.0,3.018591350559829,0.1373836583659087,48.74004176953874,5.899514187534729,31.26900795455993,3.977809535623365,0.48653896308845673,0.30855463677466116,797,0.036551089989867364,0.06366964478572858
NGC_6940,308.5568,28.3041,1.0,0.009,9.022,0.017,0.008,0.045,0.709,0.055,715,-1.19297,0.30907,2.26511,0.21701,-0.09742,0.02519,2.01298,0.04708,1393,278,0.4979020979020979,0.68548,0.23586,1.27642,8.02996,0.25631,0.0,0.3622377622377622,1071.0,4.017936915745936,0.2116957359193201,78.15334040728358,9.948202754752998,13.460229189706968,1.7925468531127766,0.42943548464716347,0.2602320706880633,715,0.026698568681765556,0.05991228811923973
NGC_6991,313.7985,47.2687,0.551,0.01,9.157,0.013,0.07,0.032,0.32,0.052,332,-1.1596,0.32152,1.72594,0.18561,-0.12442,0.03019,1.79833,0.04235,672,134,0.5813253012048193,0.69392,0.24761,1.40022,9.33495,0.341,0.0,0.4246987951807229,525.0,4.105543903131935,0.484512690221379,64.56802394356352,13.118139839145726,22.23220327461722,4.565628209301554,0.4794524166102803,0.30144190444082103,332,0.0401248836259323,0.06268595528302096
NGC_6997,314.1423,44.6326,0.857,0.013,8.631,0.081,0.124,0.088,2.038,0.092,248,-1.78369,0.28331,1.74502,0.17742,0.02352,0.02206,1.84975,0.05833,535,107,0.6008064516129032,0.67856,0.25074,1.04633,1.37754,0.17614,0.05115,0.4354838709677419,397.0,1.5886610646882418,0.13166862173203,13.898244830361916,2.217436743086084,30.763804449432232,7.550700407617512,0.4910561208583757,0.27219062635507707,248,0.04414861124613364,0.07017710248644429
NGC_7039,317.6554,45.5859,0.739,0.006,7.124,0.037,-0.031,0.051,0.517,0.079,165,-1.62085,0.31816,1.02474,0.36554,-0.2,0.05988,1.3274,0.08049,218,43,0.406060606060606,0.70787,0.23209,0.99095,2.12177,0.1779,0.35331,0.2666666666666666,232.0,2.0055881399081987,0.3489114756552742,20.1877093293123,5.6317524276051545,0.6590417943289321,0.1922349388648146,0.46657631878422046,0.32529328108810524,165,0.041521881513311605,0.054890564888137525
NGC_7062,320.8567,46.3738,2.124,0.059,8.65,0.166,0.036,0.041,1.679,0.076,192,-1.38703,0.37193,1.82084,0.28691,-0.00115,0.03819,1.70137,0.0773,568,113,0.5729166666666666,0.63462,0.25798,1.09112,2.36344,0.22576,0.02504,0.3854166666666667,302.0,1.852043004653248,0.2194670396155157,13.652264536273137,2.780832287220503,32.7186446588517,14.170943053063596,0.5089282239646162,0.2739193955679453,192,0.03992194725296064,0.06159021529081966
NGC_7063,321.1081,36.4906,0.656,0.003,8.187,0.169,0.002,0.025,0.325,0.039,79,-1.30406,0.61843,1.04337,0.29092,-0.09811,0.08865,1.348,0.13145,131,26,0.5189873417721519,0.4118,0.30815,1.10641,1.08142,0.27471,0.08067,0.2278481012658227,120.0,1.1158309054397966,0.158553196352014,6.541888685602891,1.5380699588933329,23.512393961825392,10.689859995427929,0.6169510734557149,0.4210436408064186,79,0.06153812015254148,0.07551711904710458
NGC_7067,321.0723,48.0137,4.654,0.167,7.085,0.044,-0.083,0.047,2.565,0.034,105,-1.04192,0.27177,1.24337,0.31129,0.2,0.08133,1.80486,0.14013,701,140,0.638095238095238,0.62234,0.2866,,,,,0.3809523809523809,172.0,2.1772242843330925,0.3991123181436962,10.108016668933574,2.956992466442278,1.2031895479399513,0.3724911162587621,0.5515663798893047,0.3380209715601483,105,0.05293529875857246,0.05367023886212882
NGC_7082,322.1874,47.1038,1.295,0.016,8.225,0.099,0.028,0.065,0.985,0.052,451,-2.08602,0.25204,2.38706,0.24142,-0.0667,0.01884,1.85676,0.05084,847,169,0.458980044345898,0.6059,0.2423,1.22732,5.98479,0.23339,1e-05,0.3059866962305986,658.0,3.7332786540028233,0.22316749975222,59.97125506605857,8.04441683482021,2.7993478146711284,0.7404096286888788,0.48681802029964805,0.3164614944729988,451,0.02468511632286366,0.05267065714832989
NGC_7086,322.6064,51.5921,1.555,0.025,7.741,0.23,-0.005,0.047,2.325,0.045,845,-1.88799,0.20815,1.89164,0.16028,0.03201,0.01946,2.25799,0.06044,2152,430,0.5988165680473373,0.66229,0.25274,1.4602,3.71405,0.13932,0.00199,0.429585798816568,1351.0,2.6459310895405457,0.1255305992613192,40.822314224097774,5.007316110434857,1.3492809187193415,0.7334880115199307,0.4883160521902777,0.3099923032845793,845,0.0364271147355424,0.06273978754194504
NGC_7092,322.8179,48.2639,0.327,0.023,8.565,0.142,0.179,0.132,0.047,0.004,282,-1.59382,0.53291,0.85021,0.57971,-0.2,0.09417,1.47435,0.10733,331,66,0.3794326241134751,0.62459,0.23362,1.4196,5.28052,0.2891,0.00066,0.2588652482269503,389.0,4.300182099660757,0.5249991287261702,77.41291678728916,16.14143885084696,4.744457588483352,1.839872753241805,0.505418968470139,0.36646046234120616,282,0.04587179452966483,0.060949420807613
NGC_7128,325.991,53.7117,3.133,0.184,7.189,0.09,-0.046,0.031,2.941,0.031,249,-1.54877,0.25492,1.24693,0.19876,0.2,0.04321,2.03885,0.1202,1366,273,0.5783132530120482,0.62352,0.27616,,,,,0.3654618473895582,393.0,1.1507903602334155,0.1175667014876484,5.318996521570018,0.9730804889328942,2.90516159067218,0.8030763080775344,0.5135235665911265,0.3346313262238121,249,0.03626454156595047,0.053237114489028944
NGC_7142,326.3063,65.757,2.168,0.069,9.502,0.031,-0.099,0.067,1.429,0.065,527,-0.16072,0.99754,1.79578,0.18345,-0.00757,0.05805,1.9488,0.0841,3434,686,0.715370018975332,0.66219,0.26825,1.6312,5.10141,0.33868,0.0,0.4629981024667932,904.0,3.109069228118222,0.1706416514266575,29.42148306381928,3.80829989170668,107.978039847913,15.960925524842864,0.47013966417879677,0.292533735500438,527,0.07411306405007448,0.07268594042275367
NGC_7160,328.4459,62.5841,0.894,0.015,7.26,0.136,-0.036,0.055,1.188,0.079,69,-1.47318,0.23709,1.50322,0.38254,-0.19262,0.04827,1.17253,0.06778,205,41,0.7971014492753623,0.68815,0.23607,1.02357,1.03982,0.20238,0.51738,0.5942028985507246,124.0,0.865363533262875,0.1152800978078266,3.6596499413197927,0.817745587873697,4.972335845744135,1.91285327131496,0.44325109287997555,0.232839680669485,69,0.11203687870824407,0.11372515097332578
NGC_7209,331.1915,46.5209,1.178,0.017,8.625,0.095,0.048,0.064,0.699,0.089,410,-1.3171,0.37601,2.1028,0.28701,-0.04673,0.03488,1.89418,0.08294,1087,217,0.5121951219512195,0.61968,0.23211,1.33706,7.02632,0.23281,2e-05,0.3560975609756097,620.0,5.292627862716008,0.4517445882245665,85.10751004252121,13.816543133733246,4.954868297966834,1.3497322327852508,0.4862051077604919,0.30213214910047204,410,0.025664262482488,0.05479578159210469
NGC_7226,332.6055,55.395,4.098,0.25,8.591,0.311,-0.126,0.032,1.856,0.151,97,-1.81493,0.83041,1.60014,0.38346,0.14503,0.05007,1.72473,0.23,432,86,0.6082474226804123,0.68311,0.24664,,,,,0.4020618556701031,156.0,1.3420565368614354,0.1634668733475983,5.785219451204272,1.2036691428310746,67.40314519881716,50.263659773903775,0.5242545286003472,0.3560225490601861,97,0.054939669770310694,0.05379749111023473
NGC_7235,333.0843,57.2744,3.112,0.104,7.148,0.055,-0.125,0.038,2.702,0.03,308,-1.11327,0.23223,1.47581,0.21159,0.13337,0.04747,2.01997,0.12666,1635,327,0.448051948051948,0.61455,0.26814,,,,,0.2857142857142857,446.0,3.151894293206127,0.2694607914768582,24.398986367754247,3.967733427617521,0.5762729250048471,0.1187780977388179,0.47359095505165577,0.29983182831749433,308,0.029053203142579274,0.052735144749128285
NGC_7243,333.7764,49.837,0.864,0.005,8.13,0.084,-0.004,0.037,0.803,0.042,371,-1.58348,0.198,2.36433,0.24041,-0.14158,0.02051,1.67917,0.03969,587,117,0.3773584905660377,0.52607,0.24656,1.10189,3.39326,0.14528,0.04271,0.2048517520215633,511.0,3.275942861014544,0.2225487944172481,48.17191954629512,6.866124362467667,2.800309589687929,0.6728093489766713,0.4997933361287134,0.3396587115513827,371,0.04265881378662311,0.06544250109183841
NGC_7245,333.8087,54.3372,2.798,0.094,8.796,0.043,-0.085,0.033,1.288,0.074,522,-2.28948,0.52831,1.65815,0.1759,0.03788,0.02658,2.06282,0.10409,1186,237,0.6360153256704981,0.63376,0.26959,1.23325,4.55327,0.24517,0.0,0.4042145593869732,854.0,3.136688884925722,0.1753022370035518,48.39368906325905,6.311781144650536,12.918475629301051,2.115400870950477,0.44474835506210625,0.2619466746817387,522,0.059464591684017014,0.06640273895067168
NGC_7296,336.9918,52.3319,2.41,0.058,8.4,0.176,-0.089,0.057,0.793,0.076,211,-2.01106,0.52478,1.55355,0.24275,0.03305,0.03796,1.84449,0.12405,642,128,0.5592417061611374,0.57248,0.263,1.67885,3.91729,0.32359,5e-05,0.3270142180094786,329.0,2.4806556044212926,0.4449273192593832,21.30515525136037,6.112735102495218,11.790040494303335,5.854214107902163,0.5311851211509572,0.30775210378555723,211,0.03485438965307917,0.05288629439663252
NGC_7423,343.7852,57.0933,3.688,0.125,9.124,0.042,-0.186,0.059,2.111,0.098,240,-2.5822,1.46805,1.62208,0.18444,0.11605,0.03529,2.08226,0.29385,776,155,0.8125,0.76736,0.28671,,,0.4181,0.09979,0.5541666666666667,435.0,2.079437956653268,0.1733033823133524,18.59999635743048,2.976132446000024,71.52982142636776,13.373367568103022,0.5494372486139724,0.386205572336857,240,0.08102967338419921,0.07093256825119292
NGC_743,29.5908,60.1331,1.045,0.025,7.823,0.304,0.001,0.055,1.768,0.089,77,-1.94908,0.42584,1.37749,0.31383,0.01777,0.04463,1.54888,0.11172,178,35,0.6753246753246753,0.57795,0.23557,1.22811,1.66916,0.18769,0.51628,0.4155844155844156,129.0,2.3195926081183096,0.2727919203354767,17.750833349413853,3.584811809364315,3.747841823007762,2.7304377435683884,0.47839368255737735,0.26216885246357613,77,0.07810540434832748,0.06684692441557413
NGC_744,29.6555,55.4796,1.265,0.026,8.343,0.135,-0.046,0.041,1.268,0.112,129,-1.51319,0.50189,2.21429,0.44258,0.01204,0.04209,1.67217,0.13341,315,63,0.5271317829457365,0.59651,0.20233,1.36121,1.28271,0.15441,0.51859,0.4651162790697674,197.0,1.4152427937370904,0.1664085975165637,8.769776662284281,1.77808174867136,25.11952753058657,9.322529685703492,0.5290255742749511,0.3541439111291486,129,0.04395768458134909,0.06113759731095535
NGC_7510,347.7746,60.5894,2.95,0.115,7.02,0.031,-0.187,0.056,3.065,0.038,481,-1.13481,0.16524,1.85802,0.27022,0.12583,0.03904,2.17257,0.07601,2997,599,0.7338877338877339,0.70225,0.24897,,,,,0.5301455301455301,834.0,2.0603219870779133,0.2725924956365641,15.891290736835126,3.531032573148598,0.658932345642455,0.153783603985958,0.47057730248249363,0.2930163115812707,481,0.07959186691824267,0.08668869558527459
NGC_7762,357.3992,68.0458,0.931,0.014,9.206,0.024,-0.052,0.051,2.543,0.04,491,-2.94781,0.96977,1.71415,0.12501,0.11735,0.01731,2.46201,0.17612,1394,278,0.659877800407332,0.71479,0.25256,1.18664,3.00478,0.16339,0.00574,0.5030549898167006,815.0,2.201572013361442,0.1012075219561942,25.25140106321793,3.061320114735691,63.63770663615185,8.478753533374409,0.44084056013248596,0.26177337140239665,491,0.06652706418341406,0.0857266485636632
NGC_7790,354.3582,61.2169,2.853,0.074,7.457,0.295,-0.109,0.048,1.931,0.033,369,-1.66282,0.26095,1.6712,0.21389,0.09764,0.03196,2.07218,0.09567,1273,254,0.4715447154471545,0.60616,0.27833,0.99877,5.91121,0.18652,0.08554,0.2981029810298103,543.0,3.2157509823875494,0.4466416184125457,33.42462852828099,7.720839894097957,0.8569064477360349,0.6147999134068017,0.48447078704920166,0.30127442095138723,369,0.026160151217858273,0.052612010990986606
NGC_886,35.7879,63.8207,0.988,0.013,8.51,0.11,-0.017,0.077,1.825,0.082,224,-1.49548,0.37535,2.08716,0.25791,-0.05621,0.0322,1.7342,0.0787,613,122,0.6473214285714286,0.7691,0.25431,1.123,4.71547,0.2083,0.01314,0.5178571428571429,369.0,4.286250310484114,0.4029001582065173,54.26572217916454,9.364985959850875,5.963131861790142,1.827635224196388,0.5299951744158022,0.3068360004109504,224,0.04569718217666789,0.07934755938343367
NGC_957,38.3705,57.5497,2.05,0.07,7.375,0.079,-0.029,0.052,2.291,0.014,552,-1.42264,0.20146,1.73459,0.20728,0.05749,0.03086,2.13163,0.08129,2071,414,0.5851449275362319,0.66122,0.268,1.40625,4.41725,0.192,0.00894,0.3967391304347826,875.0,5.337366709390995,0.5707262029139892,82.94111149614562,15.675001951690266,0.2859105289144643,0.0749970021097533,0.468607241342131,0.29171037095954094,552,0.03956088970920957,0.06026720299471671
Patchick_3,79.1101,45.5825,1.587,0.049,9.141,0.037,-0.123,0.074,1.365,0.081,77,-3.0,2.65107,1.71937,0.2643,0.12303,0.05165,1.85575,0.54973,213,42,0.6883116883116883,0.70495,0.22685,1.6919,1.39512,0.39247,0.03502,0.5844155844155844,130.0,1.970692360662209,0.2310019156045912,12.78067163864054,2.576368324189217,108.25459084550494,23.69120831624296,0.4493284530227778,0.23776121109010018,77,0.08519026805256984,0.11180734861648373
Pismis_11,138.9667,-50.0076,2.211,0.19,6.833,0.101,0.006,0.13,3.411,0.085,68,-1.32005,0.21777,2.40552,0.80237,0.14617,0.04718,1.67125,0.0997,467,93,0.8382352941176471,0.70411,0.16363,,,,,0.6764705882352942,125.0,0.5754477637681046,0.1092591721386835,1.322710277514475,0.3990702460464115,5.146776057210245,1.960587010667117,0.5235175457812097,0.35277179676838977,68,0.09807623199694876,0.107955277960904
Pismis_12,140.0067,-45.1311,2.099,0.09,9.072,0.041,-0.128,0.081,2.022,0.119,281,-1.41152,0.57579,1.94637,0.2237,0.03421,0.03142,1.85632,0.09405,911,182,0.6654804270462633,0.67928,0.25586,1.28506,2.2192,0.19448,0.02754,0.4697508896797153,468.0,1.9927306670660685,0.1343922393320005,17.083733672849906,2.428762754195174,69.0903205502165,11.790840150999056,0.5433841205275042,0.37442972657023527,281,0.04449163082239474,0.059109119865475346
Pismis_15,143.6816,-48.0463,2.089,0.103,9.091,0.049,-0.042,0.048,2.183,0.048,193,-2.16342,0.97081,1.63294,0.19834,0.09921,0.03247,1.92848,0.18875,554,110,0.6424870466321243,0.6424,0.27445,1.27803,1.79985,0.21097,0.09095,0.3730569948186528,317.0,1.5972075270222443,0.1698890698365572,11.504626122357314,2.16189491579784,107.18339041305951,23.49297714091038,0.5149769720618179,0.29275706169657006,193,0.04939439878694182,0.05715767261525991
Pismis_27,92.7173,20.62,1.763,0.067,6.948,0.023,-0.098,0.057,2.161,0.196,63,-1.60816,0.25233,1.8728,0.34709,0.02455,0.03559,1.43308,0.08101,205,41,0.746031746031746,0.76374,0.21628,1.37283,1.11705,0.26064,0.32925,0.6349206349206349,110.0,0.9565612730019096,0.3564698993811437,3.892402560440224,2.210342941255458,2.279199024927231,1.299884220980584,0.44591823891114285,0.22958352799401602,63,0.09963668434794909,0.12523380710399387
Pismis_4,128.8007,-44.4462,0.677,0.003,8.306,0.058,-0.051,0.025,0.207,0.028,137,-2.13578,0.62627,1.32249,0.29855,-0.05107,0.05031,1.54473,0.12028,235,47,0.4525547445255474,0.5668,0.23702,1.19622,3.55058,0.22147,0.0753,0.291970802919708,199.0,3.477240434110424,0.4453647912289949,39.40932326697414,8.535559718763508,5.133351732465807,1.3061899226925315,0.4911627165693427,0.2939931582924589,137,0.04379963779592462,0.052612010990986606
Pismis_5,129.3686,-39.6462,0.905,0.011,7.002,0.087,-0.051,0.058,1.586,0.122,201,-1.59566,0.19591,1.87341,0.29049,-0.2,0.02938,1.37069,0.05276,332,66,0.6567164179104478,0.72733,0.22001,1.06545,2.28093,0.11378,0.71518,0.5074626865671642,333.0,1.6903943186862465,0.3715487489761317,16.82633905606228,5.794274308185855,0.5970495346202158,0.2378566841379827,0.6355295878378735,0.5127839605618421,201,0.03394304187497004,0.052612010990986606
Pismis_8,130.4128,-46.2724,1.747,0.072,7.146,0.131,-0.037,0.123,2.227,0.059,78,-1.73509,0.41254,1.28454,0.2869,0.12316,0.04991,1.62109,0.13416,250,50,0.6153846153846154,0.691,0.2527,1.14527,1.00954,0.46133,0.02265,0.4230769230769231,126.0,0.7019836317690437,0.1526912243347996,2.450256925902223,0.8361542776721196,5.712002311991294,2.601555758055128,0.46292171326118847,0.25011771843260433,78,0.0686467980551504,0.07110622129204205
Pismis_Moreno_1,334.6217,63.2209,0.894,0.016,7.046,0.127,0.054,0.091,1.898,0.049,57,-1.3495,0.27412,1.72937,0.40645,-0.2,0.04887,1.13364,0.07912,164,32,0.5789473684210527,0.73298,0.23198,1.00108,1.05572,0.31439,0.10037,0.5087719298245614,90.0,0.9353327553799876,0.1927782659236194,3.63551375534053,1.178590719040667,3.057976952084063,1.335087361636506,0.528155662374916,0.30588287204733744,57,0.06598062719236951,0.07559430890771673
Platais_8,137.2215,-58.3813,0.135,0.001,7.709,0.05,0.153,0.037,0.055,0.063,165,-1.32708,0.62807,0.05919,0.32097,-0.2,0.2023,1.18179,0.15563,129,25,0.3575757575757576,0.57851,0.19413,1.13915,2.29293,0.19504,0.36426,0.2545454545454545,224.0,3.8300396373081824,0.459629059243393,67.39066416813957,13.776881389320264,0.7592770331861728,0.1781433367137838,0.3321636999289292,0.24112640057585896,165,0.037919222686483414,0.052699128764224834
Platais_9,139.4009,-43.8957,0.187,0.002,7.836,0.071,-0.005,0.042,0.253,0.092,174,-1.46328,0.50445,0.13866,0.38546,-0.2,0.14972,1.20671,0.12744,136,27,0.2356321839080459,0.57759,0.23601,1.09105,4.27594,0.19061,0.40665,0.1551724137931034,215.0,4.213294443854034,0.7421819892168153,73.3539224755497,20.70481822588209,0.9344943028522418,0.304818683856235,0.38127075983959036,0.28055053986451206,174,0.051762391811973396,0.06254263219185327
Pozzo_1,122.3438,-47.3146,0.343,0.008,7.105,0.074,-0.042,0.044,0.269,0.059,668,-1.1162,0.30115,0.01648,0.27706,-0.2,0.15483,1.64677,0.10563,610,122,0.2290419161676646,0.69913,0.24298,1.15546,3.58429,0.07278,0.84385,0.1586826347305389,821.0,3.897057897226528,0.4730755973199035,90.4468223269087,18.78957201910396,0.1408013071386571,0.0378307164524461,0.4476033048863048,0.31123375335494297,668,0.06415973866226529,0.0681168402075978
RSG_1,75.5537,37.4988,0.31,0.014,8.383,0.105,-0.101,0.068,0.736,0.069,151,-2.90204,1.78845,0.47125,0.37488,-0.07251,0.1157,1.41786,0.25753,179,35,0.4966887417218543,0.65889,0.20603,1.22882,3.9679,0.35166,0.01388,0.3973509933774834,226.0,2.7915980189401366,0.3820204294300625,35.84635543265265,8.15011955236356,6.738372158874143,2.236359693900192,0.5166012728688426,0.35840951098764534,151,0.041045209702775275,0.05345775289812748
RSG_5,303.5534,45.6018,0.329,0.01,7.758,0.03,0.077,0.054,0.069,0.006,309,-1.61568,0.67192,0.18933,0.38708,-0.2,0.1523,1.42434,0.14786,259,51,0.4045307443365696,0.67087,0.22177,1.11459,4.22408,0.145,0.38919,0.3074433656957929,434.0,4.838381979072298,0.3313240568400712,114.05632476964306,16.228243966543527,0.5022045310882077,0.0794310416950501,0.3057568687087804,0.18286808621564937,309,0.039187995175128096,0.06313309940164188
Roslund_3,299.6941,20.5111,1.617,0.028,8.02,0.075,0.112,0.08,1.149,0.059,183,-1.52326,0.27965,1.8407,0.31683,-0.03686,0.03678,1.62667,0.06933,496,99,0.5737704918032787,0.59557,0.2341,1.39609,3.29558,0.24249,0.00824,0.4262295081967213,288.0,2.375410778746053,0.2654638663467228,20.439789201451987,3.987610526174975,5.122990935623315,1.3347678839124495,0.513037924033624,0.27657252024257445,183,0.040476083156264504,0.0675463277782461
Roslund_5,302.636,33.7857,0.533,0.001,8.333,0.138,0.049,0.015,0.353,0.023,238,-1.88084,0.44239,1.08524,0.60818,-0.2,0.0673,1.44526,0.08117,346,69,0.6092436974789915,0.76134,0.22519,1.11232,6.11676,0.23205,0.02506,0.4705882352941176,383.0,3.778975234657693,0.4069661795854485,61.60400238482762,11.69452734146526,3.494548489360133,1.2934846088266223,0.45525795542743946,0.31488187749636826,238,0.05465360096264661,0.06930226301902512
Roslund_6,306.7021,39.6764,0.347,0.004,8.514,0.102,0.07,0.016,0.062,0.006,405,-1.32218,0.73903,0.33251,0.4107,-0.2,0.1642,1.64433,0.12844,502,100,0.528395061728395,0.69018,0.21408,1.05557,5.19139,0.10103,0.41106,0.4024691358024691,619.0,6.173369589869337,0.3203256888444163,157.55540521679373,19.91588139101332,2.0728443541683363,0.5528681081558268,0.4870101249952711,0.3464966397577538,405,0.027274997781462876,0.05484416200696779
Roslund_7,313.1984,37.8073,1.219,0.02,8.034,0.163,-0.009,0.07,1.127,0.064,306,-1.84071,0.27015,1.89316,0.2479,-0.05065,0.02684,1.77671,0.06277,617,123,0.5686274509803921,0.68186,0.24347,1.15477,11.03114,0.14166,0.08094,0.457516339869281,480.0,11.301613245390062,1.1272423621581062,286.1779137668446,51.44775339677175,0.3778886836735443,0.1572604226748775,0.5027487964256923,0.3393245170039476,306,0.0340813732257796,0.06258267872588896
Ruprecht_1,99.0778,-14.163,1.459,0.02,8.685,0.077,-0.065,0.059,0.736,0.078,191,-1.72605,0.47856,1.50468,0.20921,0.01592,0.03666,1.70998,0.10439,403,80,0.5235602094240838,0.59322,0.25738,1.31722,4.16785,0.26085,0.00283,0.3612565445026178,291.0,3.4922491252739114,0.4604949071103071,40.75377706201732,9.018814881833194,11.880429312044072,3.3688651041335835,0.4829114924930384,0.3201512618518217,191,0.03766248991739055,0.05363264094090993
Ruprecht_105,188.7075,-61.5584,1.858,0.075,8.179,0.27,0.112,0.095,1.959,0.171,163,-1.5434,0.34908,2.04309,0.28199,0.0365,0.03221,1.74245,0.10351,540,108,0.5460122699386503,0.66424,0.24477,1.32233,5.21087,0.38984,0.00013,0.4110429447852761,252.0,5.445612186666883,0.7382101862241093,61.21853613052189,13.87211102879951,2.466704122007361,1.6322348436804783,0.5091096416234746,0.2744081483981686,163,0.04034683833087585,0.06488740952991641
Ruprecht_107,199.9324,-64.9404,3.26,0.084,8.09,0.223,0.131,0.03,1.652,0.09,167,-1.9268,0.5953,1.44219,0.27696,0.13686,0.04723,1.97092,0.20386,533,106,0.6706586826347305,0.67314,0.26687,,,0.48551,0.08932,0.4850299401197604,279.0,2.144001935369414,0.225536310521059,16.48958131607299,3.075463136629367,7.460885435661084,4.075882976802874,0.5102737133584494,0.27488120934966503,167,0.058318942505849194,0.08019644119792715
Ruprecht_108,203.003,-58.511,0.961,0.013,8.242,0.193,-0.111,0.056,0.804,0.067,50,-2.41523,0.39428,1.56161,0.22775,-0.01479,0.02732,1.30612,0.0752,83,16,0.52,0.47248,0.24015,1.75079,1.96375,0.36,0.0779,0.24,76.0,1.278531618867334,0.1830318153326216,7.23815090776023,1.703689816026931,24.119725813519047,12.129427295852764,0.590269410412336,0.3758566892044245,50,0.07253699469925674,0.06276169293857277
Ruprecht_111,219.013,-59.9733,1.388,0.025,9.058,0.043,0.035,0.062,1.706,0.115,245,-1.61887,0.61569,1.58069,0.22175,0.05452,0.03487,1.88859,0.1077,740,148,0.6612244897959184,0.68196,0.26627,1.13604,1.98654,0.27541,0.00059,0.4693877551020408,407.0,1.8972330053809048,0.1202429043805988,15.73375195254576,2.170901174407408,72.63863941905164,12.335947646554672,0.5239451159412215,0.3533007990929713,245,0.05031297426585153,0.06237127173026368
Ruprecht_119,247.0378,-51.5041,1.882,0.04,7.997,0.16,0.18,0.05,1.972,0.083,331,-1.84016,0.274,2.05712,0.2547,0.04222,0.02579,2.00613,0.07595,874,174,0.6072507552870091,0.69033,0.25737,1.20628,3.21885,0.21571,0.01355,0.404833836858006,532.0,4.160130396395672,0.3664345348778602,58.37523684206067,9.65670883981309,1.7012625595128568,0.6870530234311981,0.5287590131616323,0.35847012698647107,331,0.03487667546985107,0.05426972601907486
Ruprecht_120,248.7919,-48.2856,1.755,0.082,7.391,0.385,0.177,0.057,2.407,0.081,55,-2.74133,0.97623,0.9528,0.31816,0.12996,0.048,1.60891,0.23514,221,44,0.6,0.67165,0.26782,0.92527,0.97447,0.28889,0.43447,0.4181818181818181,88.0,1.346862505257683,0.117889778248107,5.324753789031662,0.8773372276771408,4.620622289082514,4.166309352012974,0.4522376836518126,0.23300543434915644,55,0.0783644357689662,0.07361257234979439
Ruprecht_127,264.4668,-36.3057,2.137,0.084,7.125,0.064,0.153,0.04,2.989,0.044,165,-1.13982,0.30526,1.67127,0.31365,0.1065,0.05757,1.80485,0.15177,913,182,0.6363636363636364,0.69785,0.27407,,,,,0.4363636363636363,270.0,2.012416496757357,0.2428829323043275,11.165220192179603,2.307428438288736,1.1943530080108542,0.3031535685937891,0.5437968557436474,0.35697242071337043,165,0.045855335738356935,0.057202581461504406
Ruprecht_128,266.0588,-34.8722,1.702,0.109,8.716,0.422,0.134,0.097,2.759,0.149,311,-2.20313,0.71679,1.69321,0.18514,0.13661,0.0327,2.1553,0.20483,846,169,0.6913183279742765,0.73416,0.26541,1.67854,2.07309,0.29484,0.03853,0.5016077170418006,526.0,1.8530588736895008,0.1312088476072909,17.4769899075112,2.548102252070626,29.75317828100553,29.234525012143205,0.531816919066733,0.36187012873575036,311,0.052168759082174554,0.06589804429093718
Ruprecht_145,282.6172,-18.2013,0.588,0.001,8.985,0.02,0.062,0.039,0.691,0.073,265,-1.65978,0.45321,1.91475,0.24618,-0.06475,0.03101,1.78534,0.0699,496,99,0.5320754716981132,0.67119,0.21602,1.32645,4.55717,0.22773,0.00181,0.4188679245283019,406.0,2.993649418300901,0.2081348807973121,38.01624264939567,5.487489906918666,25.411529695325346,3.850203735077968,0.4914741323559823,0.2707088950093578,265,0.032511134438069224,0.06764758461902154
Ruprecht_148,71.657,44.7159,3.009,0.248,7.439,0.266,-0.14,0.063,2.292,0.071,97,-1.66145,0.28446,1.30675,0.22422,0.11327,0.04191,1.63876,0.10637,388,77,0.6185567010309279,0.60006,0.26649,1.15977,2.01979,0.31502,0.53058,0.3814432989690721,157.0,2.171137543074612,0.2400177212810696,12.621903704662577,2.4391167686104764,2.1770837564600622,1.3982313273036469,0.5465164502280568,0.3876460869039162,97,0.052336109257857845,0.052612010990986606
Ruprecht_16,110.7985,-19.4735,2.61,0.095,8.37,0.107,-0.046,0.043,1.027,0.05,121,-2.35058,0.65564,1.49442,0.3052,0.04415,0.04069,1.6547,0.14569,369,73,0.4462809917355372,0.58324,0.27714,1.14619,4.2975,0.30358,0.01679,0.2809917355371901,175.0,4.520672571090041,0.6419696791503505,42.23767494131594,9.919848973448651,5.550089626327528,1.8891483986749191,0.5453535988012846,0.3866519060422771,121,0.0525203961514346,0.059832961368455916
Ruprecht_171,278.0051,-16.0778,1.468,0.028,9.482,0.017,0.07,0.048,0.934,0.035,833,-1.60841,0.93128,1.91575,0.12464,0.01878,0.02491,2.21371,0.09573,2687,537,0.6398559423769508,0.62669,0.24489,1.20218,3.27741,0.14623,0.00029,0.4177671068427371,1366.0,2.833246274104978,0.1071302255437339,40.85804085606501,4.694590955445508,74.25444589675944,9.013361209620324,0.4768095267397779,0.29904052121415375,833,0.048635216592915344,0.0627409808705175
Ruprecht_18,111.1584,-26.23,2.305,0.07,8.16,0.198,-0.053,0.052,2.127,0.057,375,-1.63239,0.30596,2.0061,0.24449,0.02044,0.02867,1.97639,0.08065,1263,252,0.648,0.74174,0.26087,1.21334,3.2632,0.15396,0.07849,0.4826666666666667,618.0,3.3852931388327177,0.1619190529647515,40.28280773485052,4.950022184398377,3.5882299472770147,1.6942964476062132,0.480475878698353,0.296583571837662,375,0.05393379256499996,0.07567307146508684
Ruprecht_19,111.4636,-21.8184,1.371,0.023,7.931,0.125,-0.048,0.031,0.344,0.031,100,-1.81787,0.41848,1.17652,0.28774,-0.00649,0.05121,1.4571,0.11282,217,43,0.53,0.50448,0.27573,1.08946,4.64126,0.20634,0.20165,0.27,153.0,4.7379032706476005,0.6250775546510188,53.353967380345495,11.8079571471003,1.598944100887714,0.5805331060444551,0.43999796830012733,0.2541633636089383,100,0.05618093537847159,0.052612010990986606
Ruprecht_25,114.1863,-23.3838,5.623,0.188,8.933,0.066,-0.366,0.041,1.859,0.099,54,-1.0702,2.88105,1.03252,0.25107,0.12098,0.19361,1.3998,0.73388,400,80,0.7407407407407407,0.60477,0.29312,,,,,0.4074074074074074,94.0,2.18657837952715,0.4690779629143592,8.58624125501434,2.893298090086089,99.81525323783112,36.896995670391945,0.5305124847188186,0.363228929694978,54,0.08378192299559803,0.05341872379308285
Ruprecht_28,114.897,-30.9305,3.679,0.24,9.413,0.099,-0.045,0.052,0.901,0.147,214,-2.88749,2.86045,1.52695,0.20151,0.09319,0.03153,2.10786,0.36158,707,141,0.780373831775701,0.56614,0.27683,1.17354,3.68894,0.23634,0.02253,0.4205607476635514,381.0,3.139685853039767,0.2459658268675817,32.500034697171,5.00884706130581,79.63723544511743,21.91345915574459,0.5340104586432174,0.34528089202529644,214,0.07801882160659163,0.05687451582998876
Ruprecht_34,116.4748,-20.3889,2.489,0.058,8.34,0.131,-0.095,0.032,1.104,0.057,193,-2.54289,0.41819,2.02915,0.25841,-0.04012,0.02392,1.53154,0.07493,374,74,0.4818652849740932,0.70808,0.26349,0.86615,5.88847,0.25455,0.00311,0.3575129533678756,286.0,4.351000934418949,0.641158027436496,58.03216052290674,14.05350203191901,3.7699124144895273,1.4582836069790317,0.5169582663665826,0.3349557628557281,193,0.03704184160389102,0.05292122206004839
Ruprecht_35,116.5551,-31.2759,3.249,0.231,7.4,0.219,-0.153,0.051,1.953,0.034,142,-1.71808,0.3174,1.55355,0.24001,0.15217,0.03752,1.90509,0.12959,450,90,0.5915492957746479,0.67401,0.25857,1.36461,3.87431,0.40529,0.16892,0.4014084507042254,226.0,3.5937326523147606,0.6288738260813395,33.02209264744459,9.275611942078989,0.760668458636877,0.4390738496984004,0.5251410661200739,0.3140051616959476,142,0.04521100607342283,0.057915368749352374
Ruprecht_4,102.2404,-10.5289,3.584,0.069,8.85,0.042,-0.175,0.046,1.666,0.063,161,-2.46296,0.7678,1.62565,0.18922,0.12066,0.02942,1.92204,0.18655,738,147,0.6956521739130435,0.65624,0.25225,0.81898,2.24363,0.21126,0.76935,0.515527950310559,273.0,2.976954710211784,0.2206404842863108,22.53882093317022,3.3641468385461124,31.41006295241729,5.586324333993371,0.5341936665655754,0.3419606758967842,161,0.05721825822052871,0.07162475390357383
Ruprecht_41,118.4387,-26.971,3.676,0.158,8.398,0.352,-0.114,0.042,1.298,0.074,350,-2.6518,0.51848,1.6817,0.2089,0.0995,0.02539,2.1292,0.12716,798,159,0.6028571428571429,0.64121,0.27299,1.07007,6.03767,0.12446,0.57366,0.3942857142857143,561.0,8.27824481210515,0.4455666884077927,179.06139766287808,22.96123607724861,1.396362026841694,1.1458421150336435,0.5179312615755927,0.3468424934241858,350,0.03547814813025317,0.05420843727635272
Ruprecht_42,119.3979,-25.9202,5.205,0.128,8.452,0.182,-0.236,0.038,1.55,0.078,160,-2.37574,0.6028,1.69667,0.19703,0.11285,0.02977,1.83281,0.15734,689,137,0.6,0.60751,0.27407,,,,,0.34375,256.0,3.497730641017525,0.4476554591686801,28.244834872405264,6.106329774780305,10.024459369615936,4.72703376053471,0.5601332973902915,0.3436350560228308,160,0.04018227561298016,0.052612010990986606
Ruprecht_44,119.7119,-28.569,4.139,0.234,7.217,0.055,-0.232,0.042,1.972,0.026,240,-1.24513,0.24587,1.73423,0.26774,0.09682,0.04277,1.97073,0.11186,1171,234,0.5708333333333333,0.67892,0.25884,,,,,0.4041666666666667,377.0,3.3464959559794067,0.3232799547768226,27.555003486638416,4.849996462309565,0.5981354320367662,0.1296978818349279,0.5231367808248254,0.34527674128838476,240,0.034669660661309776,0.0552651219171341
Ruprecht_48,120.6803,-32.0497,3.223,0.072,7.97,0.255,-0.115,0.046,1.493,0.04,191,-2.29572,0.59323,1.50527,0.19454,0.09056,0.03815,1.87172,0.17762,515,103,0.581151832460733,0.59947,0.26005,1.52612,2.1212,0.12816,0.74662,0.3612565445026178,302.0,1.6634110206480937,0.1889375796755123,12.203882279954176,2.410944732881949,7.647191929488972,4.7374592973492025,0.5123352553870307,0.27586350824592687,191,0.040635836721194696,0.05771008488172895
Ruprecht_50,120.8674,-30.8772,1.978,0.072,8.922,0.052,0.035,0.057,0.33,0.037,42,-2.43853,1.19122,1.82664,0.436,-0.01064,0.0402,1.13079,0.1147,81,16,0.5476190476190477,0.59055,0.25056,1.12676,1.15185,0.48611,0.01056,0.3809523809523809,65.0,1.3284450932267429,0.1703759251476153,6.955494438514268,1.5041244397325708,120.13567484208046,29.69571105657914,0.5722468557674489,0.3493122717889685,42,0.07680098373375653,0.052612010990986606
Ruprecht_54,122.8531,-31.9433,3.839,0.129,8.153,0.36,-0.158,0.038,1.488,0.123,316,-2.87892,0.43741,1.81797,0.16732,0.09348,0.02014,2.0768,0.11147,781,156,0.5537974683544303,0.58893,0.2597,1.26453,6.12523,0.23748,0.16769,0.3322784810126582,491.0,4.967666754770781,0.4990736828144036,75.49945429620045,13.649306514837916,1.883892804764816,1.5983249772591517,0.5456813013380691,0.38196299979819004,316,0.028008502926072595,0.05440203906341272
Ruprecht_58,123.7095,-31.9354,2.834,0.051,8.698,0.088,-0.124,0.02,1.068,0.065,208,-2.44313,0.51452,2.05746,0.23012,0.06066,0.02275,1.88554,0.10836,605,121,0.4182692307692308,0.62092,0.25075,1.32397,2.7738,0.27703,0.00216,0.25,295.0,2.168499490299656,0.2051379264083658,16.451606112150436,2.855915081932628,30.32436371616984,8.091156917584822,0.5077861395450726,0.2733910816784078,208,0.04206029527351984,0.052881691654126255
Ruprecht_60,126.1027,-47.1948,4.116,0.487,8.914,0.052,-0.116,0.054,1.601,0.19,280,-1.65459,0.81926,1.73683,0.20369,0.07352,0.04217,1.87636,0.18305,729,145,0.5821428571428572,0.73045,0.28423,,,0.45759,0.0154,0.4142857142857143,443.0,3.423779619157767,0.3851441488654661,41.14364729336678,8.058541007550403,19.938717111792748,4.577178407385276,0.5358768542109683,0.37196013046473136,280,0.031989106541411634,0.053834873915476825
Ruprecht_63,128.1793,-48.3037,3.521,0.192,8.545,0.222,-0.125,0.021,1.756,0.168,382,-2.67287,0.49378,1.94778,0.22763,0.07228,0.02315,2.03616,0.10712,899,179,0.5104712041884817,0.61993,0.26827,1.29218,5.58895,0.3534,0.00038,0.3246073298429319,577.0,5.634412297423276,0.4442796674145597,96.9285801308763,14.984976640840102,3.6186630762461465,1.9325128782746248,0.5269073697673193,0.3499067126183608,382,0.02598371484778418,0.05303916814062258
Ruprecht_66,130.1517,-38.0681,4.154,0.218,9.031,0.055,-0.144,0.052,1.956,0.061,451,-3.0,0.96529,1.70203,0.16235,0.11883,0.02431,2.24564,0.20357,1220,244,0.7184035476718403,0.75832,0.2876,,,0.31076,0.62797,0.4855875831485587,775.0,5.005854426240412,0.4836554003110542,88.77533810080463,15.631472760811842,12.09783522448237,2.623921345270162,0.4468131115975419,0.26449322041975604,451,0.07960672410501861,0.08146005723130917
Ruprecht_67,130.4531,-43.3448,1.439,0.031,8.155,0.149,-0.012,0.038,1.716,0.038,91,-1.3856,0.31436,2.66425,0.4696,-0.07169,0.03531,1.48763,0.06595,306,61,0.5274725274725275,0.67073,0.24049,1.11348,1.90894,0.32993,0.01094,0.3846153846153846,139.0,1.2629173074388544,0.342719761813825,5.751649612540618,2.4104171266618457,24.84320246830769,13.455244272293983,0.5318123616967309,0.36008529150826074,91,0.0523350638069097,0.05289781084296476
Ruprecht_68,131.1504,-35.9056,2.71,0.036,9.244,0.032,-0.102,0.046,1.415,0.056,461,-2.19397,1.54908,1.42414,0.16161,0.07612,0.04224,2.09098,0.24945,1117,223,0.5878524945770065,0.59079,0.28442,1.38508,4.91203,0.17922,0.00422,0.3232104121475054,732.0,3.184449852218294,0.1771194509941917,44.90890733449723,5.84244246659844,39.05417891328875,5.83908404426314,0.45655190630317494,0.2689968232143779,461,0.044764614369988985,0.05473865721342296
Ruprecht_71,132.3106,-46.8617,1.795,0.056,7.426,0.028,0.095,0.076,1.25,0.074,146,-1.63379,0.18977,2.76555,0.50328,-0.05012,0.02817,1.63987,0.04825,481,96,0.6164383561643836,0.81515,0.23082,1.50273,2.16238,0.22697,0.03905,0.4863013698630137,236.0,3.2721444501400283,0.3495192762619233,28.702335140766383,5.417862975238831,0.929143448239408,0.1853336325273313,0.5314936393683853,0.3054417908768239,146,0.04657183052090004,0.07349151308679698
Ruprecht_76,141.081,-51.6517,1.911,0.034,7.95,0.341,-0.014,0.044,1.655,0.072,43,-3.0,0.9842,1.74098,0.60914,0.09438,0.04336,1.50765,0.22019,160,32,0.5348837209302325,0.6367,0.19763,1.43173,1.58044,0.45758,0.05461,0.4186046511627907,66.0,1.3319317874111498,0.2937449727273409,5.021324774756012,1.7353440142916212,17.749318717928418,15.226658553034762,0.5315747670050079,0.3107613565305077,43,0.07606348725472867,0.058772276985426225
Ruprecht_8,105.4287,-13.5236,2.027,0.061,8.553,0.051,-0.002,0.057,1.411,0.027,129,-1.56684,0.67403,1.83971,0.30971,0.04283,0.05057,1.67057,0.1747,336,67,0.5116279069767442,0.65894,0.2674,1.08001,4.71719,0.13144,0.73789,0.3565891472868217,195.0,5.101865797201148,0.4357555792374162,57.66412124794948,9.361217553379191,6.1957562244934765,1.2413897376078062,0.5278711448619249,0.3547027843476996,129,0.0441809177898909,0.052612010990986606
Ruprecht_82,146.4085,-54.001,1.995,0.077,8.64,0.104,-0.006,0.036,1.195,0.096,182,-1.87732,0.56714,2.34582,0.34274,0.00647,0.03211,1.80088,0.11487,483,96,0.5934065934065934,0.64318,0.22072,1.27991,1.97577,0.32147,0.00039,0.4230769230769231,290.0,2.215469280603623,0.1793692248949608,18.7588835908073,2.943688481850914,23.269819343304576,6.66224154142944,0.5140749699068411,0.27728827532294026,182,0.0426913134057948,0.06714340930149257
Ruprecht_84,147.2877,-65.2649,1.788,0.049,8.317,0.199,-0.007,0.05,0.741,0.101,110,-1.73955,0.38429,1.79561,0.34975,-0.01919,0.03795,1.4967,0.08287,347,69,0.4454545454545454,0.59972,0.23779,1.36435,1.58644,0.20955,0.15038,0.3090909090909091,159.0,1.2397577794272745,0.1617816410269713,5.814626685446831,1.2765711165814997,35.68438060947435,18.131050522476965,0.5314410643193603,0.3724036168254491,110,0.05277824986585933,0.05483780952416186
Ruprecht_91,161.9483,-57.4822,1.022,0.004,8.052,0.116,0.014,0.033,0.316,0.04,253,-1.57912,0.28339,1.59868,0.24684,-0.0887,0.0351,1.67828,0.06169,477,95,0.4624505928853755,0.52741,0.29644,1.28586,3.48656,0.2197,0.00367,0.2450592885375494,370.0,3.2967702800062115,0.292819126990973,41.586604441252106,6.917210081014052,2.710482068253157,0.8528715680667239,0.5418285121431754,0.3041394565733442,253,0.03869412029743277,0.05489461669243978
Ruprecht_93,166.0466,-61.3718,2.015,0.05,8.503,0.126,0.019,0.056,0.89,0.087,193,-1.06897,0.25739,1.81795,0.18757,0.03966,0.0296,1.73498,0.06854,502,100,0.533678756476684,0.55214,0.25231,1.27357,1.43856,0.20571,0.11058,0.3005181347150259,296.0,2.159290120723618,0.1280980169161623,17.993820264428802,2.4033050126926816,17.696061619670765,5.652000076871566,0.5132897455748409,0.27657213453407403,193,0.03615973013536861,0.05292970934043393
Ruprecht_98,179.8986,-64.474,0.459,0.016,8.711,0.078,-0.127,0.082,0.77,0.154,112,-0.44323,0.24102,1.73953,0.24012,-0.16802,0.04529,1.4521,0.04916,259,51,0.5178571428571429,0.69753,0.1966,1.14572,4.4918,0.21315,0.13951,0.4464285714285714,170.0,3.514425938011698,0.6848916786066777,33.80061044103812,10.425972116724692,15.208117394185104,5.428282303522933,0.5042400516397102,0.33077009778589817,112,0.04721541841550918,0.060782026481890905
SAI_24,44.792,60.5598,1.93,0.076,7.092,0.08,-0.016,0.075,2.033,0.04,271,-1.72494,0.15266,3.0,0.42144,-0.03167,0.01751,1.80617,0.04854,1072,214,0.7564575645756457,0.84346,0.18587,1.29294,2.23779,0.10004,0.59043,0.6642066420664207,476.0,3.124652132758004,0.3107977992105007,31.34950417761476,5.627496023137987,0.3942478408724061,0.1014032544322904,0.5247190088723263,0.3470989037033602,271,0.07203695813917078,0.10513465994807425
SAI_25,45.1034,57.3394,2.122,0.189,7.043,0.066,-0.086,0.063,3.346,0.239,141,-1.36619,0.31426,1.90341,0.33514,0.10855,0.04952,1.78868,0.15719,959,191,0.6950354609929078,0.72726,0.22128,,,,,0.5319148936170213,239.0,4.843244855387423,0.3812180921996984,36.96729129740626,5.709808218055023,0.2986636513396747,0.0647154073785205,0.5415639793364752,0.353548238179489,141,0.05689856986151631,0.07317486691706512
SAI_4,5.9021,62.7076,2.553,0.073,7.536,0.165,-0.115,0.032,1.829,0.055,105,-2.12784,0.32097,1.94353,0.28946,0.04149,0.02716,1.57727,0.07663,368,73,0.6476190476190476,0.68804,0.24061,1.33058,2.26213,0.16512,0.62656,0.4285714285714285,173.0,2.066794442536989,0.3446668846867117,12.960306261409656,3.487517847141159,2.6508474488974496,1.2341532958323624,0.5444354008942753,0.38744784384446773,105,0.05394866524581884,0.05368180147274524
SAI_47,81.0015,42.3156,4.072,0.483,7.599,0.398,-0.296,0.027,2.112,0.311,40,-1.38863,0.51737,1.25916,0.27345,0.15563,0.08195,1.42047,0.25608,235,47,0.625,0.67996,0.26955,,,,,0.4,65.0,1.973377384308232,0.590432254105972,7.393267033276058,3.399455203069283,5.3723414517795325,5.508318481073204,0.45430261347374085,0.23405619847817277,40,0.0875605183573053,0.06773495183814407
SAI_81,118.034,-28.1249,3.534,0.16,8.367,0.39,-0.086,0.067,1.892,0.103,188,-1.36629,0.41697,1.62057,0.27388,0.07867,0.04558,1.75769,0.11606,849,169,0.6542553191489362,0.5886,0.25294,,,,,0.4414893617021276,311.0,4.2382811286638855,0.3588644443798899,39.56711641252458,6.384554720741554,5.883904284033392,5.368416330579863,0.546943585236575,0.36187862937685567,188,0.04644582250365465,0.056766337409567505
SAI_86,122.0601,-36.6058,3.294,0.063,8.814,0.07,-0.13,0.051,2.057,0.104,171,-1.75178,0.85474,1.5354,0.25719,0.06973,0.05042,1.71489,0.19208,628,125,0.5497076023391813,0.63163,0.27704,,,0.6356,0.0,0.327485380116959,265.0,2.527716220047852,0.3227225534752871,18.674883928385384,4.030527252385706,34.89330357070562,9.39920961364592,0.5072534086842888,0.2732457435143802,171,0.039770117347749066,0.054730614251459885
SAI_91,129.2342,-50.0438,3.235,0.094,8.536,0.285,-0.071,0.017,1.754,0.092,128,-2.44465,0.99927,1.12491,0.21955,0.16785,0.04736,1.92707,0.28859,419,83,0.5234375,0.56276,0.28668,1.13295,2.16448,0.44715,0.21698,0.3046875,195.0,3.1574929940149823,0.3910949186437498,25.14133605012064,5.29338803011571,13.665063273287169,9.417756610134363,0.5322529097099954,0.35079133521129763,128,0.0441455939542801,0.05379123333789428
SAI_94,131.1523,-46.2949,3.933,0.208,9.006,0.087,-0.148,0.05,2.216,0.096,120,-2.25247,2.39375,1.29559,0.28618,0.14792,0.07625,1.86912,0.58375,393,78,0.65,0.62963,0.2893,,,0.77119,0.11373,0.375,198.0,3.553581468051477,0.5848147862130219,31.361456638355552,8.343897782877695,32.32985627640301,10.767141149710172,0.5557258183335081,0.3833352338302334,120,0.05097957107181922,0.052612010990986606
Skiff_J0507+30.8,76.7845,30.8397,4.779,0.197,9.114,0.037,-0.353,0.066,1.815,0.071,273,-1.59881,1.83305,1.50364,0.18382,0.1216,0.06007,2.01517,0.38632,810,162,0.717948717948718,0.62303,0.28147,,,0.34211,0.32936,0.4395604395604395,469.0,6.854651502037615,0.4142855152275419,115.78558365040207,15.62841787845206,11.229114515317963,1.7923422936426483,0.5610688522658853,0.39788818723610514,273,0.052345538283625107,0.05389069628318003
Skiff_J0614+12.9,93.6841,12.8646,2.916,0.117,8.536,0.31,-0.151,0.054,1.924,0.095,86,-1.23183,0.63733,1.48493,0.28125,0.04892,0.06385,1.45252,0.17698,312,62,0.6744186046511628,0.56472,0.24935,1.50878,1.3943,0.29054,0.28686,0.3953488372093023,144.0,1.4512921487311106,0.2498084668342262,7.205938709187043,1.993527284813639,47.67705662856432,36.49858409074327,0.5317553435340049,0.36100272336766664,86,0.06463730812966191,0.05293227007079676
Skiff_J0619+18.5,94.8931,18.5567,1.477,0.026,7.952,0.095,-0.126,0.036,1.167,0.064,141,-2.11916,0.2967,2.44078,0.3477,-0.11996,0.02585,1.34111,0.05728,423,84,0.4964539007092198,0.58829,0.22672,1.29237,7.14411,0.35626,0.00037,0.3120567375886525,211.0,5.005364203198264,1.4240723348351525,53.07894826540549,23.25718449986996,1.6868547603328323,0.8261037278747057,0.533802253142365,0.34624182736508075,141,0.04322697708873126,0.05320323945394273
Stephenson_1,283.5556,36.9065,0.351,0.001,7.789,0.096,0.182,0.088,0.432,0.098,194,-1.79899,0.58165,0.65604,0.50985,-0.2,0.10287,1.28024,0.13758,204,40,0.2628865979381443,0.75699,0.21058,1.31425,1.86263,0.31748,0.00307,0.2216494845360824,245.0,1.4905924424631347,0.2838736872923956,13.95271774744496,4.214006018835187,4.4090110890584,1.6501641679987584,0.5747670896244198,0.40337700840645957,194,0.09414891298111985,0.07283892106964726
Stock_1,294.1005,25.2128,0.386,0.01,8.733,0.046,0.059,0.074,0.33,0.035,202,-1.25124,0.61875,0.90502,0.29941,-0.1185,0.0911,1.66187,0.11164,346,69,0.6237623762376238,0.6745,0.22037,1.15623,3.87321,0.16364,0.1435,0.4504950495049505,328.0,3.577142996849064,0.3371157755018709,50.132327105579385,8.672402783143255,10.786539428076924,2.1879515056712906,0.5133037356647965,0.36984935093752075,202,0.04605985171552718,0.05722468003744334
Stock_10,84.9381,37.8819,0.351,0.001,8.132,0.122,-0.12,0.096,0.683,0.129,184,-1.81309,0.30522,0.92876,0.28714,-0.2,0.047,1.36492,0.05957,194,38,0.4130434782608695,0.66038,0.25599,1.13015,2.72627,0.13768,0.65792,0.266304347826087,260.0,3.0532808474448023,0.3687602963452505,43.943995669476,9.049879992514246,3.0839012058531705,1.0741774486225035,0.5112357443640386,0.36701908495668195,184,0.04611219015805293,0.05953513164467336
Stock_14,175.9447,-62.5326,2.237,0.05,7.251,0.033,0.152,0.027,0.882,0.02,180,-1.32351,0.20042,1.73549,0.21838,0.02671,0.03302,1.72179,0.07635,557,111,0.6444444444444445,0.67474,0.28179,1.21195,2.85503,0.2272,0.11143,0.4055555555555555,296.0,3.8641867895249487,0.5658020826546873,40.89482081633417,9.862944989428776,0.4358446208758481,0.1102098934833229,0.5093951006942876,0.2742137137631787,180,0.052010320807581494,0.06426754549708118
Stock_20,6.2957,62.6175,2.41,0.058,7.25,0.052,-0.033,0.035,1.476,0.024,98,-1.78554,0.15858,1.68876,0.16824,0.10295,0.01869,1.75007,0.05868,298,59,0.6428571428571429,0.61223,0.24138,0.62708,1.74363,0.14211,0.97081,0.4081632653061224,161.0,2.071712227446571,0.2468784068454286,13.683296223682907,2.795918658306798,1.299598708504969,0.3077810901846602,0.5330086724936398,0.36084016789662837,98,0.05641214655595368,0.05385597378280524
Stock_21,7.589,57.9266,1.831,0.055,8.597,0.14,-0.055,0.074,1.718,0.072,78,-1.70949,0.90796,1.49785,0.28006,0.05218,0.06872,1.50281,0.24649,170,34,0.5256410256410257,0.59552,0.25817,1.5442,1.33358,0.40556,0.01503,0.3333333333333333,119.0,1.3077348980042316,0.1661304792079422,7.24105523145665,1.5582793606209948,54.60069111896463,21.16285718251228,0.5015016946984523,0.26756274515904555,78,0.05653935976482544,0.0557124308363391
Stock_23,49.0734,60.5102,0.596,0.001,8.152,0.206,-0.053,0.079,0.972,0.063,134,-1.29267,0.63492,1.22683,1.03476,-0.2,0.12725,1.52816,0.14253,301,60,0.7761194029850746,0.70744,0.19683,1.04208,6.14854,0.16591,0.31507,0.6417910447761194,238.0,5.719112851322925,0.6675002734130311,84.39381133216298,17.001425180183382,1.6814710691330974,0.8665285317351913,0.5330762365385527,0.3324109459583438,134,0.07793688509304054,0.10147527222730408
Stock_24,9.958,61.9671,2.499,0.09,8.092,0.302,-0.067,0.054,1.838,0.083,140,-1.40406,0.30841,2.19303,0.41285,-0.00799,0.04517,1.60953,0.08312,439,87,0.6357142857142857,0.70928,0.22939,0.91162,1.93839,0.2645,0.07669,0.5071428571428571,229.0,1.9617239438440264,0.2669873872608776,13.62304537025272,3.0914051508679106,9.072475352268343,6.636248276136865,0.5404575936131641,0.3411717385682546,140,0.04869380569259285,0.0706503374380302
Stock_4,28.0646,57.0626,1.28,0.023,8.276,0.178,-0.23,0.062,0.73,0.131,160,-1.60527,0.29599,1.96548,0.28658,-0.12941,0.0314,1.49726,0.05871,415,83,0.81875,0.62841,0.20147,1.26281,3.18883,0.20639,0.066,0.63125,291.0,4.036936855422576,0.3407491906589169,49.91331893140852,8.053006956805275,3.782540190707,1.666104336796851,0.4724017497356571,0.2990178235458313,160,0.10357368847980891,0.10750617037763785
Stock_5,31.1578,64.3684,0.92,0.005,8.067,0.148,0.122,0.078,1.678,0.057,157,-1.35936,0.30765,2.41551,0.69125,-0.2,0.04465,1.53077,0.06674,446,89,0.7515923566878981,0.78896,0.22141,1.38269,5.69801,0.17951,0.14178,0.6560509554140127,275.0,2.913207178606642,0.4381120006126225,28.228368231434025,6.962891110811798,4.133464632084715,1.7388840739633686,0.5015795258063039,0.2833221246572503,157,0.07982236681696782,0.11984527721173945
Stock_7,37.4486,60.6425,0.659,0.002,8.175,0.176,0.067,0.039,1.743,0.065,146,-1.66092,0.31778,1.77637,0.34195,-0.12721,0.03754,1.42261,0.06264,260,52,0.6643835616438356,0.64342,0.24377,1.26421,3.06462,0.32937,0.00078,0.4657534246575342,243.0,2.098251322893695,0.3288061968710816,20.50937367147838,5.239008418576873,7.295374690916061,3.4948083460390653,0.5526287728824734,0.3881503845089575,146,0.05043054708051205,0.056841957025139146
Teutsch_1,84.8731,33.3502,3.53,0.098,7.661,0.418,-0.253,0.016,2.052,0.115,82,-1.86635,0.36256,1.84084,0.29399,0.10007,0.03432,1.57581,0.11909,314,62,0.5121951219512195,0.68646,0.25543,,,0.22363,0.99268,0.3780487804878049,124.0,0.7364117575785808,0.2345848262314462,2.321319063186249,1.132616393179851,19.73627382724743,21.29720538513376,0.5358933465066351,0.35645267618988513,82,0.05519933710725542,0.052612010990986606
Teutsch_103,142.157,-46.6078,2.438,0.135,8.662,0.103,-0.027,0.023,2.748,0.068,50,-1.63162,0.96305,1.43276,0.42885,0.01268,0.08388,1.28803,0.22752,235,47,0.48,0.66161,0.29405,,,,,0.34,74.0,1.0636049624441355,0.289350966666105,3.2030191809605824,1.34573327116039,143.36411582123478,69.1677797338107,0.4540382991067872,0.23410280357814509,50,0.07065408693062278,0.05960388997805173
Teutsch_12,96.4397,13.6167,3.516,0.109,8.877,0.054,-0.204,0.047,2.159,0.083,201,-3.0,1.15685,1.7249,0.2079,0.10066,0.03222,2.04152,0.24226,532,106,0.7114427860696517,0.69758,0.26973,,,0.17673,0.95858,0.4676616915422885,344.0,3.198205485230585,0.3553819693081294,35.49922507941278,6.89332115889677,21.2217467296382,4.893308702272591,0.5141948486625756,0.28999546419744426,201,0.06468417877570622,0.07300485739558556
Teutsch_126,333.4545,55.6993,1.921,0.043,7.997,0.076,0.051,0.057,1.358,0.047,210,-2.13913,0.29954,2.04334,0.25741,-0.03647,0.02474,1.63835,0.06453,483,96,0.5285714285714286,0.72736,0.26336,1.15888,3.98828,0.25163,0.00201,0.3809523809523809,321.0,3.0959880579949264,0.3506065079612674,33.58407496316752,6.609440694141088,2.957104072421552,0.7787639761828611,0.519484191976882,0.2801232729426604,210,0.03444690002428084,0.06027805360052006
Teutsch_13,100.979,1.4142,3.722,0.101,7.438,0.111,-0.297,0.014,2.147,0.04,166,-2.01797,0.34976,1.89401,0.23241,0.1495,0.02822,1.97559,0.13585,688,137,0.5542168674698795,0.68541,0.23597,,,0.66871,0.07817,0.4277108433734939,258.0,5.972630161045287,0.6329414659801172,63.45612334984996,11.902281076897571,0.4320424928596529,0.1369691252625967,0.5600906780533476,0.3435704675034257,166,0.03857870466338313,0.05746089321631298
Teutsch_132,77.5143,38.8156,3.122,0.142,7.219,0.068,-0.212,0.039,2.207,0.059,62,-1.63146,0.46984,1.95104,0.40785,0.04135,0.05062,1.39538,0.1626,309,61,0.6129032258064516,0.73106,0.25404,,,,,0.4677419354838709,100.0,1.645354038824456,0.3807481811050268,6.6699262901449,2.4069986551921465,2.482441171675315,0.9765355404207348,0.5356151716398554,0.352523165587614,62,0.06449934543657661,0.06142115514943809
Teutsch_35,294.2069,35.6896,0.491,0.0,8.0,0.0,-0.01,0.0,0.031,0.0,149,-1.77353,0.2708,1.05648,0.18234,-0.1318,0.03268,1.45281,0.04389,193,38,0.6308724832214765,0.60581,0.24389,1.13015,4.16828,0.17476,0.36403,0.4026845637583892,243.0,2.885448726650077,0.4208051870898485,38.387886412722935,9.208733433652334,2.604988431112396,0.624901402540143,0.44298135788928433,0.32931107977040697,149,0.06445483898094193,0.05600554531506652
Teutsch_38,131.5044,-38.0093,0.639,0.001,7.842,0.1,-0.004,0.065,0.262,0.059,180,-1.90142,0.38679,1.07083,0.44167,-0.2,0.05814,1.35238,0.09236,296,59,0.8055555555555556,0.75174,0.18719,1.10183,6.43608,0.07765,0.9721,0.6888888888888889,325.0,6.647111954072257,0.8609573971138825,136.2961715423263,29.76108028799589,0.5099367867225519,0.161818219615053,0.6021453319021781,0.42449192888610393,180,0.06535616297189407,0.09251768047522427
Teutsch_61,113.6625,-19.7875,2.454,0.096,7.427,0.247,-0.113,0.051,2.011,0.052,89,-1.86285,0.33179,1.32641,0.2027,0.05917,0.03746,1.46888,0.10691,349,69,0.5393258426966292,0.55881,0.25853,0.65194,0.87138,0.14925,0.78261,0.3146067415730337,137.0,1.5009804011575325,0.182589125000815,6.90264624922417,1.4324835102262374,3.872437196044552,2.344442814878083,0.5314451203833018,0.37024151530318344,89,0.05283570869630168,0.05406490291332723
Tombaugh_1,105.1289,-20.5783,2.372,0.048,9.121,0.026,-0.095,0.057,0.869,0.065,341,-2.04914,0.67262,2.16353,0.19858,0.05235,0.024,2.01566,0.11845,810,162,0.5161290322580645,0.76116,0.25994,1.5239,2.26343,0.26586,5e-05,0.3929618768328445,517.0,2.3934724395891505,0.1605170515192052,25.85392135451927,3.667222543589996,51.10619840094833,7.868328569522037,0.5554968304121299,0.38587270341037044,341,0.029191412056878384,0.05263243266501988
Tombaugh_5,56.977,59.0395,1.545,0.03,8.353,0.097,0.02,0.028,2.505,0.027,614,-1.69668,0.2829,1.87119,0.18755,0.04192,0.02415,2.15666,0.07241,1544,308,0.6856677524429967,0.67949,0.24546,1.34852,4.94403,0.1508,0.018,0.5195439739413681,1035.0,3.813569961267896,0.1673742438712692,66.71146935338045,7.97260053850797,3.37908793495672,0.8559696443818734,0.4506714767101505,0.2779610879009963,614,0.06981286983509469,0.08757000770470535
Trumpler_1,23.9179,61.2871,2.424,0.049,7.42,0.075,-0.046,0.05,1.815,0.022,147,-1.22464,0.17716,1.68581,0.19299,0.0613,0.03131,1.72354,0.07188,557,111,0.6462585034013606,0.57362,0.23392,1.32742,1.4441,0.2381,0.23251,0.3877551020408163,242.0,1.2188088799375827,0.1949171083032252,6.18342650096943,1.6061894692718204,4.253738588924783,1.3268458210050516,0.5084344704039593,0.27404216286610356,147,0.054750335185868984,0.06113339222084731
Trumpler_12,151.6243,-60.2906,3.121,0.125,8.891,0.021,-0.02,0.055,0.782,0.049,303,-1.5378,0.60118,1.95738,0.26476,0.01625,0.03826,1.84828,0.11627,711,142,0.5379537953795379,0.60399,0.24879,1.14598,2.28753,0.21668,0.02026,0.3696369636963696,466.0,2.4951319803810628,0.1551329346734191,27.00040306279501,3.689244380356725,28.815738388435143,4.176563572792741,0.5325950829681172,0.36777089342087715,303,0.02864137590820564,0.052612010990986606
Trumpler_14,161.0047,-59.5491,2.271,0.099,6.72,0.061,0.025,0.056,1.786,0.027,491,-1.16849,0.12809,2.41181,0.32556,0.06825,0.02464,2.07858,0.0625,1994,398,0.615071283095723,0.81024,0.20883,1.12524,1.19233,0.17162,0.06041,0.5234215885947047,793.0,1.277797788062709,0.0954562695929954,9.126878544073492,1.369529973615883,0.5750130865832046,0.1181854618614498,0.46582700439191604,0.28904738267679714,491,0.048375074663193025,0.08605661989903973
Trumpler_15,161.1859,-59.3719,2.296,0.115,6.906,0.051,0.013,0.041,1.637,0.059,316,-1.38681,0.15076,1.86049,0.21305,0.05461,0.0263,1.94673,0.06358,1052,210,0.6772151898734177,0.75199,0.24262,1.06596,1.20857,0.23977,0.01873,0.5158227848101266,530.0,1.5027930138463412,0.149843390094375,11.516866749043436,2.07084896959088,0.6993034292646989,0.1501824886249869,0.5213320457751578,0.34294212609514796,316,0.05057265603432485,0.07250333649607694
Trumpler_19,168.61,-57.5744,2.357,0.049,9.59,0.045,0.039,0.035,0.629,0.063,781,-0.59271,1.24388,1.80482,0.14993,0.0202,0.03849,2.13063,0.09987,2684,536,0.6606914212548015,0.64738,0.26163,1.14517,5.73551,0.13998,0.00109,0.4046094750320102,1297.0,3.796966385679097,0.1441424603302916,60.71891840825309,6.979457350825554,64.07313489652022,9.915647480229058,0.47615248952115957,0.29842626049878407,781,0.05497872265585536,0.060967894946608335
Trumpler_2,39.2675,55.8947,0.669,0.002,8.027,0.155,-0.042,0.037,1.189,0.044,263,-1.78901,0.42429,1.64675,0.34975,-0.07505,0.04519,1.77987,0.09631,498,99,0.467680608365019,0.60872,0.22053,1.18217,3.44233,0.22773,0.0024,0.3346007604562737,386.0,2.743340643238482,0.2773712598273487,31.95997762176284,5.795326710100624,3.329611274507577,1.3329217984283004,0.506360997202934,0.2818622782190091,263,0.03264600347742775,0.054415923403669984
Trumpler_21,203.0571,-62.7919,1.264,0.025,7.802,0.12,0.073,0.054,0.828,0.036,125,-1.69402,0.38053,1.33541,0.21869,0.022,0.04386,1.6083,0.11698,253,50,0.504,0.524,0.26767,1.01719,1.1429,0.1338,0.58092,0.288,188.0,1.1066701116600437,0.1118299439119079,6.527270417893414,1.1810502743223534,9.711099290743022,3.2074122861157988,0.5032988786105737,0.3219650459813581,125,0.04471992844359213,0.053353445066984154
Trumpler_3,48.021,63.1954,0.659,0.004,7.748,0.113,0.025,0.054,1.1,0.052,298,-2.057,0.33259,1.59832,0.22834,-0.11659,0.03047,1.67914,0.06515,444,88,0.4899328859060403,0.62715,0.24543,1.15226,3.3126,0.15394,0.074,0.3154362416107382,444.0,2.6134663437576515,0.2075806564182132,35.22344859025428,5.458521868391936,1.5891618336598246,0.4812698504979462,0.43075126289609317,0.2799884246868959,298,0.0333085493144204,0.053482627382160045
Trumpler_32,274.2983,-13.332,1.605,0.031,8.874,0.036,0.079,0.033,2.431,0.02,566,-1.6662,0.42366,2.08815,0.19236,0.05121,0.0236,2.12673,0.08871,1422,284,0.6166077738515902,0.74902,0.2573,1.13232,2.20989,0.16045,0.01189,0.4734982332155477,915.0,2.276950239818116,0.1057267837326294,28.94419628647116,3.5239543011342263,25.848688044617013,3.807250183746098,0.43744374539713676,0.2606583187766284,566,0.05425940426538851,0.07997471523462596
Trumpler_33,276.1694,-19.72,1.333,0.024,7.836,0.154,0.061,0.096,1.488,0.081,107,-1.35373,0.32926,1.44779,0.28315,-0.02758,0.05107,1.47234,0.10056,313,62,0.5887850467289719,0.57382,0.27799,1.07978,1.16156,0.17785,0.33598,0.3457943925233644,170.0,1.289313391803259,0.1822405698471196,6.832165910124744,1.59881313926019,10.033249125827306,4.262675553702922,0.5320930723959352,0.36106356035715,107,0.05027200539753794,0.052612010990986606
UBC_118,282.6416,9.7908,1.435,0.027,8.34,0.111,0.091,0.054,1.558,0.059,193,-1.90597,0.59937,1.62655,0.26168,0.00221,0.04531,1.7277,0.1374,412,82,0.466321243523316,0.54024,0.26643,1.26909,3.20781,0.31092,0.00015,0.2642487046632124,283.0,3.0127722437822406,0.2572545240639532,31.594342350234488,5.124533936815915,6.924536044135493,2.09612036173584,0.48590052739539197,0.3053246488491915,193,0.0361525459626758,0.0536231459246226
UBC_133,303.7123,28.3677,1.45,0.035,7.813,0.174,0.187,0.052,2.964,0.034,185,-1.74656,0.24176,1.92657,0.24627,0.02364,0.0251,1.76183,0.06441,710,142,0.7675675675675676,0.69678,0.22669,1.0035,4.04972,0.23649,0.02889,0.5891891891891892,327.0,3.046054361269058,0.2774997493357619,27.43308686994167,4.645336819202852,2.3698743543710896,1.030811045497517,0.5330255731065386,0.34136804111879454,185,0.07426419511826729,0.08645548940305965
UBC_136,304.4793,32.606,1.348,0.022,8.223,0.161,0.18,0.085,2.483,0.095,221,-1.83575,0.31813,2.02623,0.25877,-0.02534,0.02747,1.76851,0.07021,710,142,0.7104072398190046,0.74846,0.23485,1.29987,4.07766,0.18156,0.05194,0.583710407239819,378.0,4.142765007899644,0.3143509128047132,48.84508703105767,7.400444912506512,3.421205111679224,1.3701288796214754,0.5344363405102711,0.34574762715325796,221,0.05788718525434411,0.08523624061736737
UBC_151,312.0139,47.4341,1.628,0.022,8.213,0.207,0.129,0.055,1.144,0.064,197,-1.74898,0.45115,1.90722,0.35155,-0.03849,0.03941,1.71344,0.09017,413,82,0.5279187817258884,0.68176,0.2505,1.01031,3.72381,0.17503,0.08751,0.3857868020304568,301.0,5.505586548273088,0.3648264598716498,81.84511152072929,11.497722167291776,1.9952956475362864,0.9914753923976888,0.47241082656739153,0.2993492771802732,197,0.0384995922234046,0.05832760500273245
UBC_152,314.3412,47.3672,1.281,0.026,8.001,0.225,0.155,0.074,1.864,0.092,50,-1.64265,0.91828,1.37034,0.42915,0.07545,0.08077,1.5209,0.26555,172,34,0.5,0.6527,0.23831,1.24954,1.84429,0.21429,0.53701,0.44,75.0,2.0078139073549424,0.3270209046307777,9.802934173199851,2.583528658992282,10.224543186448106,5.943136829770773,0.5258990873409126,0.30385610374007715,50,0.07071067811865475,0.06229336802995721
UBC_154,317.0953,46.325,2.936,0.147,8.833,0.076,-0.005,0.046,1.734,0.091,220,-2.01125,0.64183,1.95049,0.25601,0.04804,0.03331,1.79961,0.13628,536,107,0.55,0.77305,0.2725,0.6592,4.72437,0.21205,0.19062,0.4090909090909091,341.0,6.933328267699795,0.5758113783824015,112.10229859227798,17.89483107430394,6.072751114316899,1.438426096852546,0.5143617531705452,0.29050178081427347,220,0.03476903248344295,0.06255994185165646
UBC_157,328.7513,49.712,1.149,0.011,8.254,0.086,0.001,0.022,0.893,0.028,77,-2.08215,0.99212,1.52583,0.31109,-0.04765,0.06183,1.27112,0.1631,183,36,0.4285714285714285,0.32955,0.2466,1.33928,1.54334,0.33037,0.02326,0.1688311688311688,110.0,2.17961097831745,0.1924875688926585,14.169953464393116,2.33795263187648,12.66576937844158,3.264618941819062,0.45928815174623705,0.24264336375251458,77,0.05676839207278769,0.05561350210018352
UBC_162,327.7942,53.0065,2.044,0.057,7.73,0.385,0.005,0.031,1.948,0.058,294,-2.28273,0.30687,2.24433,0.24134,-0.02303,0.02107,1.78188,0.07065,714,142,0.7585034013605442,0.76262,0.23194,1.14684,4.87658,0.14965,0.07426,0.608843537414966,517.0,6.676882795871372,0.5352807197233372,128.30329495509812,20.020768340709367,0.4185643062075658,0.3767597536949533,0.5355470149973685,0.3701901305014961,294,0.06845103023948136,0.08679122477994791
UBC_166,334.2468,54.2546,2.96,0.111,7.389,0.12,-0.037,0.043,1.477,0.039,437,-1.88539,0.24667,1.91607,0.22041,0.05366,0.02621,2.04562,0.07539,1287,257,0.5423340961098398,0.64946,0.26943,1.17,4.51696,0.16623,0.07355,0.3638443935926773,674.0,6.527848740537817,0.3747802890983229,114.73101596142062,15.127705423935929,0.2134613052383557,0.0653528869531557,0.44644931073677047,0.2648625387555755,437,0.03624800710756352,0.05989103233627327
UBC_169,342.6267,49.4942,1.372,0.03,8.475,0.049,-0.121,0.045,0.591,0.077,59,-1.58943,0.38401,1.66884,0.32007,-0.11263,0.04215,1.22452,0.07136,136,27,0.576271186440678,0.49566,0.2695,1.51537,2.90865,0.42024,0.00886,0.3050847457627119,93.0,1.891346658630232,0.4041916418643381,11.754668638229438,3.944585643322217,25.39742047009872,8.991589484749493,0.5767648318506332,0.3681381564803196,59,0.06433265060775263,0.054426276937047005
UBC_172,343.3946,54.3292,2.456,0.032,8.35,0.153,-0.073,0.037,1.231,0.047,316,-2.66128,0.459,1.92798,0.25383,-0.02545,0.02502,1.71682,0.08065,982,196,0.569620253164557,0.67563,0.26264,1.26221,6.00527,0.23608,0.00023,0.4082278481012658,496.0,7.307854706808245,0.5416460088148537,121.12600658141687,18.09597594780581,1.848258026292268,0.707262149055424,0.5324648634813531,0.35645231363936675,316,0.029700385466779687,0.05463625233566744
UBC_175,344.432,54.3751,1.274,0.019,8.655,0.174,-0.016,0.112,1.076,0.176,98,-1.42136,0.73996,1.46352,0.36288,0.01061,0.06711,1.59602,0.16139,299,59,0.5918367346938775,0.59746,0.23229,1.08235,2.13288,0.11682,0.85204,0.4081632653061224,156.0,3.569062510022389,0.2667421739433255,30.15790237359437,4.503735398038961,14.983003087461324,6.406390294116103,0.5326594212943342,0.36030852759531545,98,0.05170851628875231,0.053815102394264756
UBC_177,339.7207,67.063,1.079,0.027,8.101,0.066,0.103,0.081,2.221,0.115,74,-2.31926,0.39324,2.55055,0.50191,-0.07278,0.0263,1.3508,0.06471,191,38,0.7162162162162162,0.86875,0.2098,1.53322,2.6118,0.2076,0.33516,0.6216216216216216,127.0,3.4712688558956986,0.5413088349305973,31.00738137631727,7.881566591775218,4.069442431389669,1.2051621328828537,0.4369921429981333,0.22677004410924678,74,0.09411664927451022,0.12466673014704391
UBC_178,346.2013,63.3254,0.827,0.005,6.92,0.046,-0.047,0.07,2.114,0.034,342,-1.61862,0.1493,1.78166,0.23981,-0.18821,0.02622,1.57744,0.04001,576,115,0.6023391812865497,0.66949,0.23362,1.04061,1.92068,0.10801,0.39222,0.4122807017543859,548.0,2.885985577424496,0.1513421477544767,42.56265648605034,5.40944247156636,0.1954210192155831,0.0323311700143372,0.5037435074206839,0.3458327952140811,342,0.03837466019544924,0.05574046697804253
UBC_179,350.9415,59.5013,1.16,0.01,8.325,0.081,0.156,0.071,1.935,0.074,142,-1.52625,0.49928,1.69698,0.34041,-0.02316,0.0612,1.62356,0.13294,426,85,0.5774647887323944,0.61549,0.23514,1.06546,2.4774,0.21089,0.07463,0.4014084507042254,224.0,3.239407983542658,0.2641857990521986,28.845851382754383,4.5534325981927095,7.326838829587127,1.7902637668154675,0.5334275819085843,0.34334200858737557,142,0.04317792013681283,0.05509276495427874
UBC_194,37.7173,48.3366,1.276,0.028,8.486,0.032,-0.112,0.063,0.772,0.078,124,-1.84952,0.51094,1.73755,0.32444,-0.11293,0.04521,1.36232,0.09347,308,61,0.4758064516129032,0.57865,0.24985,1.42841,3.51482,0.35197,0.00093,0.2983870967741935,183.0,2.25631779474628,0.3210019230055776,16.869459662773394,3.968684655684119,18.150927741021,4.474699958589631,0.5327999583820832,0.3615234363905242,124,0.04777307340257919,0.055033463721955375
UBC_198,82.1311,35.6967,1.8,0.034,7.475,0.041,-0.122,0.048,1.485,0.087,259,-1.86273,0.23975,2.46267,0.29879,-0.08948,0.02376,1.63179,0.06203,883,176,0.5212355212355212,0.67699,0.24769,1.10317,3.98933,0.19245,0.01432,0.3861003861003861,394.0,5.734629127134936,0.4999514280652281,73.74352407634186,12.124789971833849,0.4048331912951957,0.0767539505152515,0.5589857511272798,0.38607596853253706,259,0.03258873982125071,0.052612010990986606
UBC_237,118.6061,-29.7412,1.721,0.044,8.498,0.146,-0.118,0.063,1.2,0.089,157,-1.95962,0.35136,2.36445,0.25719,-0.09397,0.02434,1.46596,0.05966,511,102,0.5668789808917197,0.63463,0.22376,1.19395,3.76991,0.28611,0.00256,0.4140127388535032,246.0,4.488729085474181,0.578443452765203,46.216124556912014,10.054026523388176,6.810930912705745,2.7272698930069232,0.50944597695153,0.27476780816720786,157,0.042707892048096815,0.06580706040630363
UBC_245,129.3148,-45.2286,1.977,0.074,7.274,0.086,0.002,0.033,1.644,0.062,231,-2.0937,0.25832,2.1414,0.23446,0.00135,0.02251,1.7609,0.06651,561,112,0.6103896103896104,0.71363,0.25842,1.15295,4.72386,0.24641,0.00335,0.4372294372294372,372.0,7.513770392218404,0.5673516001253793,132.5128620909192,20.00581939366669,0.1418214645091462,0.0353148497279258,0.4932987631675358,0.27314798288057407,231,0.04686883037815022,0.06983685562518879
UBC_249,137.0107,-52.9449,1.724,0.036,8.178,0.142,0.152,0.044,1.004,0.12,235,-1.81844,0.3411,2.26766,0.3481,-0.06896,0.03191,1.6854,0.06413,715,143,0.6042553191489362,0.71519,0.2429,0.99713,4.21405,0.1949,0.01939,0.4638297872340425,377.0,6.365230174276054,0.3834607938392459,92.50423362667884,12.467756421200134,1.6286898524741995,0.5759974580364867,0.5352355665986616,0.34687081588492014,235,0.03741026473180557,0.0622848881744384
UBC_251,140.4339,-51.2188,1.792,0.02,7.881,0.115,0.147,0.062,1.55,0.047,183,-1.75522,0.33785,1.81709,0.269,-0.03656,0.03486,1.59637,0.08682,478,95,0.5136612021857924,0.59776,0.26227,1.05222,2.61976,0.21177,0.02899,0.3005464480874317,277.0,3.859760566072562,0.234636092260445,41.82161635830523,5.640442113712337,1.8180222170901128,0.5402532720598913,0.5123442745481247,0.27647238411409486,183,0.0369472650004036,0.05297051005275944
UBC_253,139.5608,-56.014,1.572,0.017,8.332,0.21,-0.064,0.046,1.048,0.096,103,-1.8642,0.52559,1.86317,0.37712,-0.03352,0.04132,1.49844,0.10434,306,61,0.4854368932038835,0.60538,0.25779,1.57852,2.42233,0.36054,0.00169,0.3495145631067961,153.0,2.131865772775826,0.3445884942811809,13.561145428116252,3.5549722955049106,15.838119910412964,8.711443381553378,0.5321995011450851,0.36058349630524156,103,0.05042291343099319,0.052612010990986606
UBC_270,169.8047,-59.5529,2.232,0.08,7.908,0.171,0.076,0.039,1.213,0.045,276,-1.79008,0.35664,2.21388,0.37899,-0.04313,0.03472,1.76677,0.0799,758,151,0.6086956521739131,0.73561,0.27118,1.30178,5.01115,0.24495,0.0004,0.4094202898550724,444.0,6.542208622144647,0.5496221981455479,106.77017934075484,17.150305960429588,0.7577920203694423,0.3222480910033578,0.5431184136690996,0.37957755028859286,276,0.03484119658769856,0.05324057749724474
UBC_290,191.927,-59.3591,1.579,0.025,8.019,0.03,-0.124,0.069,0.992,0.033,394,-1.54849,0.21033,2.23793,0.26472,-0.1076,0.02467,1.80467,0.04845,1125,225,0.5964467005076142,0.59358,0.21692,1.15707,3.46092,0.1383,0.04069,0.3934010152284264,629.0,5.10806457049113,0.2916095464289764,80.26184558534925,10.56681789924918,1.3016399157054774,0.1935226715388461,0.48440783637040635,0.30003435158246083,394,0.041393742482398944,0.05907431707046815
UBC_292,200.3783,-61.2716,2.053,0.031,7.48,0.057,0.13,0.047,1.386,0.029,466,-2.00229,0.24591,2.07408,0.21157,0.00614,0.02162,1.9466,0.06123,1044,208,0.5450643776824035,0.65811,0.26733,1.07421,5.21595,0.08498,0.42257,0.3798283261802575,720.0,8.765870700276059,0.291570893203841,209.28446977383632,23.316993627481807,0.1442988924914273,0.0248423463879592,0.4587808488275292,0.2730299645380678,466,0.033983544580243864,0.06020637548018442
UBC_300,223.0187,-65.3262,1.753,0.05,8.54,0.165,0.105,0.051,2.168,0.065,179,-2.01899,0.55822,1.97121,0.29343,0.00826,0.0347,1.68733,0.12179,500,100,0.6424581005586593,0.71605,0.24013,1.40676,3.24757,0.18432,0.10703,0.4916201117318435,294.0,2.94914645421687,0.2235305059652464,28.62470701568729,4.33416053888583,12.113201726833664,4.95413890579928,0.5133048362923537,0.2766221044408301,179,0.05197765436255991,0.08120426634813144
UBC_303,221.9018,-56.254,1.705,0.059,8.829,0.128,0.114,0.042,1.711,0.101,139,-2.26525,0.88929,2.04968,0.31831,-0.00541,0.04112,1.63667,0.151,419,83,0.5971223021582733,0.68556,0.27131,1.10362,4.95461,0.30084,0.00307,0.4172661870503597,222.0,3.8670296457585978,0.4633626600592301,37.67221976479711,7.731067241357761,17.905184029751204,6.430460998442635,0.5336914144503989,0.34406873736009774,139,0.04468922524157318,0.056276525777056684
UBC_31,61.0997,32.8479,0.315,0.012,7.321,0.124,-0.128,0.062,0.846,0.093,390,-1.46326,0.45026,0.1574,0.31466,-0.2,0.11969,1.52533,0.10347,358,71,0.3948717948717948,0.68599,0.19503,1.02862,5.07471,0.09378,0.83114,0.3282051282051282,544.0,7.849558025807812,0.5175235415019722,240.73213068795863,33.71402388142827,0.086989320863251,0.0276641623113631,0.30809587898310375,0.2020782387590605,390,0.03514308262436328,0.06309698679488011
UBC_316,248.7602,-47.9595,1.599,0.037,8.684,0.581,0.142,0.057,2.714,0.106,93,-1.43608,0.67758,1.3326,0.32247,0.07907,0.05989,1.57028,0.1613,267,53,0.6451612903225806,0.80701,0.29479,1.48715,2.28158,0.75778,0.0,0.4838709677419355,153.0,2.785989604832272,0.3937018882309259,21.688569466787133,5.076378031940162,22.272506390036725,30.24879483983401,0.5221311045098819,0.33039051357048177,93,0.059870011406129284,0.06846395642507466
UBC_319,249.7013,-44.7682,1.305,0.02,8.069,0.172,0.175,0.074,1.799,0.055,223,-1.58278,0.35176,1.83081,0.30249,-0.01449,0.03746,1.79888,0.09651,609,121,0.5605381165919282,0.61094,0.24649,1.04773,3.16342,0.22877,0.00709,0.3632286995515695,348.0,3.84693524699868,0.2390083820342645,44.17547430351289,6.017317868658387,2.653498086957536,1.111323540830925,0.5308166102222465,0.3050564250307251,223,0.03412516762176616,0.05492552613129559
UBC_340,270.7707,-22.6504,1.265,0.024,7.413,0.066,0.161,0.05,2.376,0.076,148,-1.60267,0.29067,1.91041,0.37394,0.04108,0.03942,1.75369,0.08968,436,87,0.6081081081081081,0.70731,0.23697,1.00439,1.57668,0.17117,0.37146,0.4932432432432432,238.0,2.285510681800216,0.2320491124585982,17.714646384557863,3.225242698864253,1.461058188217225,0.3464996101505559,0.5400017422351461,0.33912084805327214,148,0.04451189161120666,0.06765662446371885
UBC_347,276.7298,-10.9679,1.267,0.034,8.727,0.203,0.069,0.078,3.004,0.075,72,-1.62864,0.97777,1.52208,0.29244,0.09506,0.06364,1.61153,0.26902,232,46,0.6805555555555556,0.68214,0.24592,1.42542,1.14163,0.38889,0.02834,0.5138888888888888,121.0,1.5279928008962214,0.212535833329372,7.925985983421373,1.830883700512659,67.2894068451783,35.08391259031385,0.455899943217388,0.23759117167598945,72,0.08260726960191625,0.09216898758826941
UBC_356,288.8649,-4.1782,1.057,0.009,8.174,0.128,0.059,0.066,1.743,0.025,71,-1.48151,0.49503,1.33572,0.31912,-0.05745,0.06011,1.3034,0.11654,202,40,0.676056338028169,0.58117,0.23008,1.19401,1.42074,0.30569,0.05995,0.4366197183098591,119.0,2.7553460457134,0.2552124154821628,20.31586371857864,3.466005473270017,7.347924903699027,2.502318098700221,0.44266117935504806,0.22952899220158174,71,0.08522750953885473,0.07709365444769047
UBC_36,16.4461,59.6334,1.752,0.075,8.679,0.197,-0.07,0.043,1.345,0.1,43,-2.09789,0.57941,2.40729,0.59429,-0.0168,0.03509,1.2337,0.11272,107,21,0.4418604651162791,0.73674,0.22892,1.22573,1.33639,0.41435,0.04634,0.3023255813953488,62.0,1.553075473069854,0.2436801712865384,7.404149495845507,1.887992498071652,64.49481792954538,33.560976718819326,0.5733149428813983,0.34856520269240976,43,0.08281604708203955,0.052612010990986606
UBC_361,289.9783,15.155,1.508,0.021,7.858,0.155,0.171,0.071,2.144,0.055,127,-1.49037,0.46145,1.8139,0.36557,-6e-05,0.04886,1.65231,0.13181,410,82,0.7244094488188977,0.67085,0.24665,1.59465,3.16394,0.38459,0.00021,0.5354330708661418,219.0,2.5559448898511583,0.4217161429856738,20.249181629626367,5.405126807822456,3.561168507313176,1.5871391867899485,0.5340512211199562,0.34520563944209637,127,0.06703548137701805,0.07554758386171691
UBC_364,306.2665,29.7233,1.591,0.067,8.719,0.052,0.068,0.048,1.925,0.109,62,-0.83211,0.68605,2.04787,0.4481,-0.0136,0.06959,1.35896,0.16276,258,51,0.6774193548387096,0.61572,0.25229,1.31281,3.74285,0.33631,0.13374,0.5,104.0,2.3271451826190748,0.4937267350131303,12.63504597544766,4.210435139326659,41.440326976506974,14.673718736760028,0.45865382819004163,0.24776312428778638,62,0.08555313398615393,0.08658652674722163
UBC_366,299.8455,37.222,1.725,0.059,8.651,0.046,0.053,0.045,0.975,0.062,79,-1.94093,0.69299,1.69038,0.30602,0.01535,0.04271,1.49662,0.12298,164,32,0.5316455696202531,0.59449,0.27628,1.3454,2.24963,0.31586,0.03548,0.3291139240506329,121.0,2.76592221692033,0.3808965479417717,22.95902021315772,5.244895417720775,19.500540529154627,4.910357425719436,0.5269943178850696,0.2608286825709101,79,0.0561416109498397,0.055609119082459274
UBC_373,306.8544,37.6696,1.235,0.014,7.216,0.061,0.006,0.053,3.124,0.037,68,-1.59575,0.39703,1.44789,0.32226,0.05867,0.06582,1.44458,0.16914,201,40,0.6470588235294118,0.6822,0.25442,0.71305,0.95336,0.21212,0.7124,0.4558823529411764,112.0,1.5836391737092743,0.2745140744842756,8.48543588468083,2.36238146959271,1.9378753732422829,0.6042856395023664,0.4437508237152904,0.2276559001230428,68,0.08000655218181302,0.08247137045339024
UBC_378,311.5493,48.8763,1.428,0.045,8.714,0.242,-0.034,0.058,2.106,0.141,104,-1.42736,0.55976,2.21201,0.48806,-0.0196,0.04397,1.56747,0.11972,375,75,0.6153846153846154,0.7094,0.21272,1.05864,3.98037,0.20513,0.22789,0.5,168.0,4.649064995982236,0.5438418928067643,42.35510505238711,8.554166040775032,12.220648049635663,7.243138335866794,0.5435813242714427,0.38907616881040324,104,0.051471016086575595,0.060978418665715794
UBC_381,316.2846,48.7282,2.037,0.049,8.003,0.21,0.059,0.067,1.902,0.078,47,-1.861,0.46985,2.01595,0.37282,-0.00457,0.03935,1.27064,0.1177,190,38,0.6808510638297872,0.57689,0.24501,1.34415,3.37274,0.43891,0.0369,0.4468085106382978,79.0,2.8661599603014385,0.5000419107163654,16.504040616460134,4.623631222382291,6.101122096412872,3.40953145703456,0.5131309326095217,0.2853889347606917,47,0.08009373740274169,0.06773159339275564
UBC_382,324.9847,49.3185,2.124,0.051,8.34,0.243,-0.008,0.036,1.226,0.079,114,-1.86095,0.59912,1.89865,0.29719,-0.05509,0.04379,1.42595,0.11439,325,65,0.5350877192982456,0.60766,0.27446,1.3683,2.98223,0.2807,0.02197,0.3157894736842105,175.0,2.575307989430244,0.2947167080424291,19.351324252705027,3.8443853322577306,11.305487910698078,6.712629324843334,0.5308145006495364,0.36052682004783254,114,0.046713840688613034,0.05399776565654259
UBC_386,319.7971,61.9458,1.135,0.025,6.894,0.034,0.036,0.029,1.505,0.049,89,-1.18058,0.20182,1.8705,0.51032,-0.16703,0.05647,1.23134,0.06593,219,43,0.6853932584269663,0.75325,0.24283,1.08336,2.00973,0.1601,0.65105,0.5168539325842697,150.0,2.3351880331117765,0.2868085548849096,18.103947994283228,3.779301030683618,0.4327396670679784,0.0964804771220542,0.4960785854516532,0.26347827718574107,89,0.0713965255465068,0.08944400334906354
UBC_387,326.0693,58.775,1.526,0.026,8.569,0.129,0.056,0.079,1.746,0.069,40,-2.41166,1.30578,1.3165,0.41085,0.13686,0.06659,1.67217,0.36462,166,33,0.775,0.59165,0.22277,1.32142,2.03438,0.24731,0.69093,0.525,71.0,2.5266705102181928,0.4644407005159263,13.553656491834865,3.9724707518919256,27.34913062064736,11.412550482503924,0.5291495025660367,0.30776442221927364,40,0.09291724812972026,0.078251349512425
UBC_389,338.3499,58.366,2.092,0.04,8.068,0.193,0.024,0.047,1.641,0.049,63,-1.32367,0.40471,1.61463,0.3954,-0.01676,0.05631,1.23423,0.08656,231,46,0.5238095238095238,0.6378,0.25399,0.97409,1.604,0.25572,0.22275,0.3968253968253968,96.0,2.257623730119153,0.2566481545639948,12.036122807212674,2.3766699833201503,9.71657908241884,4.7251097462493945,0.45324704444288155,0.23441263640889318,63,0.06537040172424169,0.06925080497915691
UBC_395,345.6054,57.1708,2.2,0.311,7.487,0.747,-0.138,0.03,2.117,0.408,182,-1.77403,0.41203,1.78528,0.30507,0.01774,0.04175,1.80855,0.12683,631,126,0.6098901098901099,0.68056,0.26627,1.06801,2.94934,0.16522,0.19729,0.4505494505494505,293.0,4.555396210336759,0.4314952282353703,48.78506477137511,8.471735952989055,0.6290904814360158,1.0875558380451529,0.5219424145119566,0.298673339883466,182,0.04400322632635362,0.0682676025312457
UBC_396,337.3219,66.513,1.018,0.01,7.132,0.103,-0.071,0.049,2.679,0.04,31,-0.48232,0.22977,1.7156,0.78783,-0.00075,0.14315,1.15097,0.10072,128,25,0.4516129032258064,0.69384,0.26536,1.11837,1.47388,0.30978,0.52712,0.2580645161290322,45.0,1.726322244916812,0.4667988172729411,6.396498750771118,2.6685668963085445,2.1186425029593927,1.0167207189964365,0.6067916771894999,0.38944564310522656,31,0.09622737097577906,0.06361766958682355
UBC_397,347.7247,58.6083,3.159,0.257,7.064,0.279,-0.107,0.062,2.693,0.049,110,-1.88379,0.46093,1.42214,0.21467,0.15038,0.04717,1.769,0.19396,735,147,0.5727272727272728,0.61406,0.29422,,,,,0.3727272727272727,173.0,2.083052087130727,0.3898901036403147,9.278970009946658,2.7654676244250225,1.2488211028950051,0.884400382034865,0.5615244230661042,0.3459608547104263,110,0.04716612264612782,0.05280798741882178
UBC_41,23.2363,59.7873,2.065,0.098,7.984,0.138,0.006,0.076,1.489,0.066,41,-1.62051,0.56476,1.30684,0.29393,0.18984,0.05647,1.52674,0.22229,140,28,0.5609756097560976,0.62702,0.27811,1.13951,1.23962,0.61538,0.33171,0.3414634146341463,64.0,1.6574478985011472,0.2795121795812912,7.294392453194094,1.9841396125967008,13.213287190243316,5.526854189405483,0.5908412038275269,0.38661953076881944,41,0.07750404789033359,0.052612010990986606
UBC_413,17.6551,60.4656,2.228,0.093,7.883,0.248,-0.043,0.065,2.051,0.135,47,-1.35505,0.44341,1.56986,0.33531,-0.00343,0.07705,1.25593,0.14269,213,42,0.723404255319149,0.67555,0.26619,0.86052,2.22813,0.2,0.8378,0.5531914893617021,81.0,2.121480170664717,0.274903894004644,10.10438809250285,2.20221599608245,7.559446218662502,4.6204768570575885,0.471923424511021,0.2624307937587748,47,0.09355183010431399,0.09626685822260081
UBC_422,40.5922,58.1741,2.35,0.135,7.397,0.275,-0.149,0.03,2.272,0.032,292,-2.1784,0.33117,1.79067,0.22458,0.0053,0.02778,1.77454,0.087,1353,270,0.5856164383561644,0.66906,0.27159,0.98949,6.0001,0.13937,0.16125,0.4006849315068493,463.0,8.70404711192162,0.7676604640494399,126.86144435881975,21.021262625215343,0.1966393130356571,0.1287069083394556,0.4853860566667649,0.30254217188670507,292,0.04041659875334153,0.059566910234667085
UBC_424,50.9981,51.2684,1.957,0.043,8.693,0.205,-0.139,0.04,1.97,0.074,97,-1.52443,0.56204,1.62541,0.24598,0.01685,0.04443,1.49637,0.12405,303,60,0.6701030927835051,0.67219,0.269,0.98511,3.38778,0.27596,0.05522,0.4123711340206185,162.0,3.085202667184244,0.4544555585045691,24.77724036818532,5.999110824165293,19.90430720396872,10.559328761900248,0.5327629480525602,0.3610568105353597,97,0.06079760268985684,0.053867524269418356
UBC_429,72.5697,44.7611,2.412,0.137,8.832,0.309,-0.197,0.068,2.163,0.132,83,-2.05981,0.83239,1.71887,0.3318,0.0553,0.04396,1.55719,0.16094,306,61,0.6385542168674698,0.65767,0.27121,1.70631,2.25186,0.21465,0.6873,0.4578313253012048,136.0,2.3441278780606183,0.4844735593437897,14.308390537835711,4.659416302496412,47.46890510299994,37.1434218376922,0.536151059438363,0.355927360420048,83,0.059353127993285466,0.059336794411021646
UBC_433,87.7114,28.7104,4.048,0.15,9.106,0.018,-0.306,0.052,1.863,0.079,141,-0.81411,1.61587,1.36291,0.21874,0.08334,0.09817,1.6477,0.3259,646,129,0.8936170212765957,0.72302,0.27713,,,0.16667,0.94499,0.5815602836879432,267.0,5.4293493197703295,0.545997466232274,58.30642572967006,10.547439299321953,21.89190630084892,4.062787871267298,0.5220278700958023,0.2991352253903757,141,0.10898403926633267,0.09662390711976412
UBC_436,94.9238,26.2351,2.886,0.113,8.753,0.092,-0.179,0.062,1.253,0.106,237,-2.60493,0.55707,2.35008,0.31633,0.01829,0.02397,1.79379,0.09289,604,120,0.4430379746835443,0.6882,0.25437,1.0835,4.34672,0.17779,0.06287,0.3291139240506329,342.0,6.420775170691531,0.4938348925664983,94.3322263458484,14.361373165181837,6.002607072605934,1.5658987830062745,0.5011350298424528,0.27113424176967044,237,0.035910897301050286,0.05493196072383723
UBC_437,89.5432,22.0685,1.756,0.07,7.825,0.313,-0.122,0.046,1.847,0.087,141,-2.03494,0.26772,1.90986,0.26608,-0.06101,0.0279,1.41848,0.05279,359,71,0.574468085106383,0.64937,0.24602,1.08773,3.7533,0.14734,0.3805,0.4113475177304964,222.0,5.705475813451232,0.5611128749296824,72.93778138610232,12.953475305719808,0.916320602117961,0.6801556425122832,0.5580926120664927,0.3761363862642248,141,0.04178847389886818,0.05320586245050714
UBC_439,94.5438,10.7607,2.572,0.126,8.458,0.042,-0.175,0.047,1.389,0.029,129,-1.93008,0.45997,2.01388,0.26686,0.0221,0.03034,1.61647,0.10248,471,94,0.4961240310077519,0.69413,0.27329,1.12642,3.70395,0.09088,0.9675,0.3565891472868217,193.0,5.683599498440178,0.5394087181047057,56.8143593570944,9.87716355818744,5.052913760729079,1.0052161067599927,0.5365120972503697,0.3225761022511543,129,0.04539728546689755,0.053333483414405795
UBC_442,100.5755,-4.6164,3.864,0.372,8.953,0.074,-0.202,0.101,1.455,0.152,110,-2.39205,1.15938,1.23651,0.20251,0.13829,0.03814,1.82466,0.25362,472,94,0.8181818181818182,0.69092,0.28954,1.1308,3.31599,0.27518,0.28989,0.5636363636363636,200.0,3.791585049442368,0.4055372958387508,31.78490238132383,6.001800684748358,28.234436077049534,7.181115113150502,0.5368934559295567,0.3214261230120554,110,0.0854890430191705,0.08665802971299795
UBC_445,108.4906,-6.5962,2.45,0.101,8.772,0.1,-0.182,0.072,0.839,0.155,101,-1.64099,0.78151,2.07023,0.4692,-0.05479,0.05428,1.50044,0.12881,323,64,0.5346534653465347,0.66101,0.25552,1.42412,4.49409,0.25611,0.05868,0.4059405940594059,155.0,4.257503393193049,0.6460102045702601,37.620106976431714,9.338404056343908,15.72461329113382,5.324045011756335,0.5314674918705369,0.3626668125589454,101,0.049632225372638304,0.0537501770972209
UBC_448,113.5211,-8.0799,2.925,0.145,8.921,0.109,-0.189,0.031,0.38,0.071,259,-3.0,0.66385,2.09311,0.27663,-0.04515,0.02477,1.60939,0.07655,830,166,0.4401544401544401,0.57492,0.27963,1.16252,4.11942,0.17554,0.03493,0.2702702702702703,373.0,5.76591018161698,0.3063574069526204,73.3919194137503,9.384958052628347,11.359304829183133,3.1996915539504487,0.5441504902259311,0.3755946054791298,259,0.04268810690925006,0.06057054414384329
UBC_449,115.22,-12.8883,3.505,0.221,8.939,0.086,-0.152,0.074,0.855,0.107,184,-2.50446,0.75319,2.0751,0.27619,-0.00989,0.03655,1.61555,0.11583,469,93,0.6086956521739131,0.7198,0.27075,1.22764,4.69401,0.13424,0.34755,0.4076086956521739,296.0,5.916948045595728,0.6873148455419658,84.44403023463951,16.92885263133046,10.29037134859355,2.899671786135505,0.5156404381375771,0.2783297183861086,184,0.0446658004496975,0.0640533283707718
UBC_450,110.1304,-19.3429,2.647,0.076,7.936,0.158,-0.13,0.035,1.078,0.025,299,-2.13233,0.40159,1.98956,0.23595,-0.02254,0.02831,1.77817,0.0907,632,126,0.5284280936454849,0.63654,0.25247,1.06524,4.86476,0.17564,0.02009,0.3377926421404682,457.0,8.1734342993292,0.3866228705520561,167.13465226610217,20.450082361596635,0.5163372981402956,0.1981873143363348,0.5048949548459025,0.34265743636181556,299,0.02967265795597138,0.052612010990986606
UBC_451,100.7118,-23.6898,1.707,0.061,8.472,0.057,-0.1,0.071,0.221,0.043,33,-1.27439,0.65171,1.40956,0.59524,-0.06954,0.08787,1.0593,0.11242,104,20,0.5757575757575758,0.58746,0.23572,0.96593,2.25664,0.43233,0.07158,0.4848484848484848,52.0,3.0637644409829594,0.5960182457800026,18.463900805831187,5.672859899711013,16.057448643723212,5.364789775250987,0.5683848378709815,0.3408723449848306,33,0.08603395906609154,0.062459373829073246
UBC_460,113.7776,-21.3186,2.61,0.127,7.597,0.071,-0.111,0.052,1.131,0.05,351,-2.38943,0.32081,1.84006,0.22179,-0.00526,0.02363,1.85028,0.06696,1038,207,0.5441595441595442,0.65494,0.2785,1.04725,5.04057,0.08872,0.48484,0.3475783475783476,542.0,8.193128618041463,0.380176668889069,150.3077647685811,18.27759422491565,0.263038054405804,0.0535937718436487,0.5209166646680154,0.3424271185250695,351,0.027412885425133402,0.052612010990986606
UBC_462,118.9329,-24.0267,2.884,0.132,8.29,0.212,-0.054,0.069,0.578,0.037,175,-2.10878,0.3736,2.84811,0.54733,-0.05544,0.02668,1.62299,0.06572,601,120,0.5828571428571429,0.85138,0.22548,0.99064,3.80168,0.22829,0.01762,0.5142857142857142,277.0,6.539902725113564,0.5122949380572999,82.26098622289855,12.683443095625286,2.370315126632014,1.2134107008892725,0.5078568459255361,0.2735101654924488,175,0.043086233959947255,0.08742525518048454
UBC_467,123.1703,-25.6778,4.722,0.135,9.143,0.015,-0.046,0.071,0.527,0.049,108,-1.31822,1.37171,1.66609,0.25208,0.05679,0.07383,1.61474,0.28327,353,70,0.75,0.6958,0.26319,0.57547,5.817,0.17582,0.6944,0.4814814814814814,189.0,6.620017023053511,0.8654941021914241,81.17772556783304,17.8386583338339,17.122340167708877,3.808794986269042,0.5487764424891741,0.3787524221679746,108,0.06939743532359431,0.06009623301392167
UBC_472,120.7474,-35.0834,1.753,0.052,9.049,0.084,-0.069,0.135,2.209,0.073,55,-0.49562,1.0747,1.73999,0.38603,0.02202,0.09952,1.28039,0.22727,189,37,0.7454545454545455,0.84,0.24964,1.89906,2.39139,0.35556,0.20653,0.5818181818181818,96.0,2.391018936961365,0.3274107556284635,14.503034489587796,3.299894649151886,77.1864594454927,23.050298339737083,0.48125543992187747,0.26753403831357486,55,0.09551703519279187,0.10426452007656624
UBC_475,123.8921,-33.9119,1.962,0.042,8.109,0.136,-0.058,0.071,0.82,0.045,82,-2.11883,0.55101,1.74992,0.4465,-0.07486,0.04595,1.32441,0.0962,241,48,0.4268292682926829,0.57799,0.24734,1.31153,1.82044,0.2725,0.08821,0.2804878048780488,117.0,1.5850087136634663,0.2760956393588162,8.013724835379222,2.240814375178942,16.038567412113967,6.733379763416282,0.45822067944045725,0.24715382030525607,82,0.054959309226876515,0.05296408624929739
UBC_479,124.4104,-42.6083,1.42,0.032,7.248,0.061,0.061,0.082,1.338,0.24,112,-1.82576,0.1854,2.37385,0.27799,-0.06034,0.02018,1.50045,0.04979,364,72,0.7321428571428571,0.71922,0.21024,1.20324,3.30799,0.13613,0.61959,0.5892857142857143,194.0,3.0564901195886187,0.3995641062443229,25.588540199054272,5.619734474902815,0.6917584764694172,0.180336740161746,0.5509246228339044,0.38011994331921206,112,0.06487848587959767,0.07922676646497248
UBC_483,133.7452,-47.4599,1.817,0.037,7.501,0.215,0.169,0.085,2.033,0.049,60,-1.62215,0.29373,1.43471,0.40239,0.00833,0.04769,1.34486,0.09306,235,47,0.6166666666666667,0.79288,0.25908,1.0459,1.87106,0.23295,0.47663,0.5,97.0,2.521172044669876,0.4312077525905419,14.189060189895526,3.90699084580883,2.233810710945213,1.2654082196684655,0.45379977608885497,0.23485516350306812,60,0.0759089446005566,0.08922058233180731
UBC_484,138.0128,-44.8231,1.951,0.065,8.127,0.324,0.013,0.059,1.575,0.155,74,-1.56071,0.49954,2.09051,0.46476,0.0378,0.04557,1.50823,0.12069,235,47,0.4459459459459459,0.63525,0.24028,1.50396,2.33245,0.36667,0.02885,0.3513513513513513,107.0,2.6637465330298373,0.3975563766457149,16.554157766546826,4.058911058152123,8.09269010431445,6.355158709202758,0.4542837586000669,0.23571174607554835,74,0.05778316401676294,0.061439537739690894
UBC_485,138.1869,-44.9023,1.675,0.035,8.646,0.167,-0.011,0.073,1.546,0.109,83,-2.29716,0.74965,1.66698,0.33894,0.01802,0.04177,1.55202,0.14467,242,48,0.5662650602409639,0.77322,0.26114,0.99865,2.21226,0.37358,0.00662,0.4457831325301205,130.0,2.8085379688270256,0.4088133164388597,20.399897978482663,4.89207840552431,21.695616950117067,9.83204035550362,0.46331323119684675,0.24992290788110288,83,0.06124153766323187,0.07642262722663565
UBC_493,141.2453,-57.3629,1.607,0.062,8.913,0.09,-0.017,0.091,1.071,0.154,44,-2.31775,1.51953,1.3183,0.31661,0.18586,0.04622,1.7867,0.37806,154,30,0.7272727272727273,0.70142,0.25571,1.39183,2.02883,0.35897,0.51847,0.5227272727272727,76.0,2.8787524078784785,0.3424296689241927,17.953353461755245,3.6495741676275513,45.58840719525228,13.233876164377172,0.6089485849486309,0.3880211588139852,44,0.07421860067109023,0.061601076333732775
UBC_496,159.6792,-54.1991,1.592,0.032,8.195,0.184,-0.095,0.046,0.566,0.1,45,-1.70739,0.51904,1.42599,0.2902,-0.02299,0.05045,1.20352,0.10476,102,20,0.6444444444444445,0.56896,0.24475,0.9667,1.86177,0.12253,0.98072,0.3777777777777777,74.0,2.898813712723708,0.344235023985414,21.87526449652647,4.447751192381921,7.16220400606782,3.36578959434182,0.6163330157644231,0.4213778761556028,45,0.07135759750395435,0.052612010990986606
UBC_499,158.6585,-59.7434,2.277,0.05,7.369,0.04,0.013,0.042,1.314,0.055,227,-1.81217,0.26083,1.86789,0.2737,-0.00477,0.03166,1.6923,0.06901,773,154,0.5638766519823789,0.64202,0.27239,1.09304,3.0324,0.13922,0.22013,0.3524229074889868,355.0,5.635663970813109,0.3559660135776459,70.63920359337226,9.711048561283771,0.331096207160353,0.0547882862881842,0.5442150519298742,0.3588676348142377,227,0.033281820116658596,0.052612010990986606
UBC_500,162.7053,-55.8775,2.292,0.051,8.309,0.221,0.024,0.042,1.318,0.072,187,-2.25065,0.44896,1.7638,0.26601,0.01198,0.02966,1.68003,0.09409,589,117,0.4919786096256685,0.6383,0.26993,1.00909,3.36638,0.18487,0.09466,0.3368983957219251,279.0,6.432760449731103,0.2812173481408178,81.52182521991195,9.7023551040324,2.498768976541709,1.305866034510906,0.5081741564509437,0.2736674565693619,187,0.03682413938434634,0.05532089484529185
UBC_502,159.5509,-59.5341,1.681,0.057,8.678,0.122,0.011,0.074,0.748,0.147,111,-1.45057,0.71226,1.68769,0.38103,-0.01553,0.06256,1.62475,0.16085,330,66,0.6666666666666666,0.66615,0.23389,1.06115,2.16145,0.29298,0.01498,0.4864864864864865,185.0,2.2222914857810405,0.2907427014874396,16.063610182857285,3.538087403994174,29.65902318233872,10.587300570461045,0.5295675728669326,0.35813150525133236,111,0.059218048462865075,0.06383365486473143
UBC_503,156.2841,-62.3372,1.95,0.053,9.1,0.039,-0.028,0.053,0.798,0.087,59,-1.79704,1.35898,2.17819,0.54811,0.02135,0.05719,1.42669,0.22012,121,24,0.4067796610169492,0.60486,0.2076,1.39959,2.35619,0.29972,0.18475,0.288135593220339,83.0,2.311959875118829,0.5671185065465779,15.51948169382862,5.914125860378781,81.11903713219898,31.759348939072503,0.5996348000807241,0.3848444484457115,59,0.08315205202684407,0.05804318767105469
UBC_514,158.5283,-73.2565,1.813,0.038,9.495,0.077,-0.21,0.064,0.552,0.114,86,-1.12418,1.58014,1.62694,0.33335,-0.09971,0.08423,1.32485,0.09346,268,53,0.7790697674418605,0.65115,0.22128,1.19649,3.28044,0.17647,0.47996,0.6046511627906976,153.0,6.805473594031686,0.5290506942535667,82.64896775685236,12.63608222296658,37.823574231691104,8.85506886913905,0.5222895735160246,0.330966387561341,86,0.08605870795194688,0.09482330162018901
UBC_520,186.089,-66.6655,1.868,0.046,8.75,0.134,0.016,0.067,1.567,0.102,78,-2.23605,0.65145,2.25421,0.44904,0.02377,0.03122,1.48141,0.10333,251,50,0.4743589743589743,0.61441,0.24055,1.59802,2.43774,0.46245,0.00115,0.3205128205128205,115.0,2.136795566827643,0.326524937780139,12.135745079275924,3.032974533697154,46.33760197803208,18.39907788147533,0.45980878899170496,0.24833411197825422,78,0.05653935976482544,0.05549178732517087
UBC_521,187.5219,-64.1667,2.488,0.26,8.753,0.318,0.13,0.09,2.338,0.158,141,-1.44499,1.2102,1.53675,0.32594,0.13958,0.07005,1.82938,0.33772,512,102,0.6950354609929078,0.71163,0.27479,,,0.57206,0.05189,0.475177304964539,239.0,3.457136766500504,0.4124413733924956,30.5114013948116,6.248948036236728,18.55828520333193,14.110339654192543,0.509085368392729,0.27459950567817626,141,0.06470400109182299,0.07764418973552212
UBC_527,204.5524,-66.6686,1.658,0.017,8.308,0.18,0.054,0.067,1.077,0.086,60,-0.89286,0.67821,1.68379,0.3805,0.00379,0.07456,1.30694,0.1678,168,33,0.5833333333333334,0.55688,0.24057,1.43077,1.60338,0.54762,0.00054,0.35,95.0,1.912713783766801,0.2286435286835835,10.92285962439732,2.2331166524934773,18.606455459674173,8.598900073969489,0.5183578883414945,0.2900112926079421,60,0.06510524030225844,0.05438363040540095
UBC_532,226.4587,-62.231,1.709,0.088,7.807,0.263,0.137,0.077,2.667,0.075,81,-1.90387,0.53111,1.50241,0.27764,0.05098,0.04633,1.44699,0.15264,319,63,0.5925925925925926,0.77332,0.28696,1.29955,1.2488,0.22222,0.76946,0.4074074074074074,129.0,1.1170945976447069,0.2433263663658141,4.431500059688304,1.5125898487749472,14.469357281928202,10.058347382767606,0.5314152368538645,0.36168437069447346,81,0.05637263958751844,0.0535822374026974
UBC_533,230.315,-53.1699,1.228,0.021,8.378,0.198,0.018,0.042,0.882,0.066,44,-1.90837,0.49936,1.29474,0.30042,-0.01794,0.04156,1.15961,0.09208,81,16,0.4545454545454545,0.59861,0.28075,1.03907,1.41066,0.23333,0.51587,0.25,64.0,1.8283545797901195,0.2446144090919491,11.110700524068722,2.485141120288109,21.491095703106623,10.913675132379677,0.5718753414375056,0.34872974870388374,44,0.08193990600949258,0.05855016957738456
UBC_534,238.6451,-57.8798,1.563,0.04,8.049,0.227,0.099,0.066,1.587,0.065,103,-1.52446,0.42175,2.0172,0.34532,0.01611,0.04079,1.64926,0.1168,294,58,0.5825242718446602,0.64097,0.23078,0.89476,2.46638,0.09635,0.97435,0.4368932038834951,163.0,3.1480419993696973,0.3567589941745951,26.047627130881057,5.119312937415249,4.297657816745956,2.3998798362630467,0.5234554981025885,0.34829573588525126,103,0.05143463061258648,0.05849390276951475
UBC_557,256.1699,-38.9853,1.421,0.034,7.584,0.086,0.115,0.044,1.629,0.047,103,-1.96028,0.41482,2.17296,0.36966,-0.02272,0.03407,1.59785,0.10228,352,70,0.6019417475728155,0.63925,0.25446,0.87165,2.12018,0.19992,0.22931,0.4271844660194174,165.0,3.0906117658242525,0.2690958290419921,23.37258526569866,3.8365142000528807,1.6416979171551158,0.4222602692010275,0.5314764870011703,0.3746220739769771,103,0.051838852489591185,0.05442207825367261
UBC_563,256.741,-30.7016,1.06,0.013,8.161,0.298,0.107,0.082,1.896,0.074,62,-1.7028,0.32578,1.93788,0.3367,-0.00022,0.0365,1.38682,0.06923,129,25,0.4838709677419355,0.55817,0.26457,1.39775,0.98935,0.41583,0.00888,0.3064516129032258,92.0,1.1827076719830862,0.1396496081408691,5.9217429025036985,1.1955312031329897,24.465294718084152,17.4989067761281,0.5457087369417698,0.33797050410057256,62,0.0648055102127829,0.052612010990986606
UBC_57,62.9579,42.7351,1.747,0.068,9.217,0.039,-0.142,0.064,1.541,0.065,66,-1.80149,1.01594,1.8227,0.28757,-0.00103,0.04257,1.38745,0.1335,192,38,0.5909090909090909,0.68669,0.25221,1.53876,2.18207,0.36111,0.02093,0.4242424242424242,105.0,1.7935783558123926,0.2775599101024991,9.979849712497098,2.518329368277676,165.1490191742694,44.23416369160257,0.46984269763888536,0.25730164114709037,66,0.06798565291604475,0.07155829181522531
UBC_574,282.3222,-4.4007,1.411,0.052,8.615,0.368,0.157,0.046,2.699,0.082,406,-1.60267,0.47759,1.87529,0.21484,0.08191,0.03245,2.10775,0.13117,1114,222,0.6600985221674877,0.70313,0.24457,0.81118,1.60318,0.18883,0.06808,0.5123152709359606,674.0,2.851123276801923,0.0775134977645158,35.59560567157115,3.832336909354572,11.577202054085484,9.88882566447214,0.48147423223254104,0.2963539173830181,406,0.057224324043779015,0.08187448621955568
UBC_576,284.6941,0.3995,1.285,0.031,7.413,0.404,0.018,0.131,3.053,0.169,47,-1.455,0.36099,2.36678,0.92484,0.02723,0.05687,1.28552,0.10532,180,36,0.5531914893617021,0.80408,0.17714,0.85994,1.44193,0.1629,0.91776,0.4680851063829787,73.0,1.0530544224254628,0.2081603259300441,3.5710977146370846,1.1174614600760095,7.247667585640742,7.113327836047603,0.5230582674636569,0.3006022578571545,47,0.07251862056689433,0.06784984404886636
UBC_582,299.8677,38.547,1.098,0.017,7.267,0.053,0.044,0.064,0.518,0.05,40,-1.19431,0.27873,2.35353,0.61992,-0.09834,0.07036,1.12864,0.08601,97,19,0.4,0.41961,0.29037,1.27282,1.10061,0.35,0.17453,0.175,56.0,1.249814979218172,0.1233848539635249,5.236573530063152,0.9297045626279024,3.5314478224385364,0.7608094917833346,0.5983526327155091,0.385715915141884,40,0.09309714012793303,0.07743076310818392
UBC_586,301.088,46.8217,2.54,0.122,9.073,0.103,0.008,0.067,1.397,0.115,172,-2.48871,0.65274,2.06657,0.33749,-0.01089,0.03034,1.5702,0.08365,569,113,0.5174418604651163,0.70716,0.2717,1.11952,5.66096,0.2381,0.01216,0.3720930232558139,261.0,8.454907257708406,0.7448629945933648,118.5948315932778,19.60327976095273,9.97548999253542,2.8837739592304144,0.5085359744449678,0.2739732261650669,172,0.03810143907917599,0.058936718738941504
UBC_591,325.0155,49.3149,2.067,0.038,8.086,0.233,0.025,0.028,1.209,0.072,57,-1.2822,0.54132,1.34957,0.47945,-0.03734,0.09895,1.26706,0.10226,204,40,0.5087719298245614,0.58208,0.26897,1.20807,0.91132,0.29167,0.15089,0.2982456140350877,86.0,0.9235850400020182,0.1706522334702253,3.095562846677918,0.9100526501565346,39.37860929662782,24.090654348623257,0.47077512495158025,0.26076535160688064,57,0.06679491366075177,0.05333784896331203
UBC_599,11.6844,60.0701,4.079,0.245,8.487,0.206,-0.269,0.059,1.417,0.064,49,-2.57745,0.93228,1.995,0.43926,0.11318,0.03914,1.54433,0.22741,221,44,0.6122448979591837,0.60811,0.22513,,,0.85417,0.32653,0.4285714285714285,79.0,2.544262270480034,0.5887491539024527,12.798619474490556,4.621541024368573,23.979320539282767,14.295019578334866,0.45286678211579534,0.23304572393972936,49,0.08005211771005454,0.07487371265474141
UBC_615,104.8662,33.0989,2.624,0.309,9.527,0.087,-0.184,0.039,0.207,0.014,358,-3.0,0.98327,2.50745,0.28916,-0.06885,0.02039,1.61844,0.05785,645,129,0.441340782122905,0.7268,0.26267,0.96928,5.78154,0.0497,0.99436,0.3184357541899441,516.0,11.91193207909733,0.3514961164960042,321.1712288049272,35.12255422075512,10.477637446780152,2.391316828351005,0.4956637608382273,0.31835284772062517,358,0.030391645192463856,0.052612010990986606
UBC_626,106.473,-2.3083,4.37,0.507,8.849,0.058,-0.167,0.073,1.17,0.208,199,-2.60915,0.87393,1.38258,0.20162,0.11847,0.03267,1.96975,0.19627,533,106,0.6934673366834171,0.66988,0.28811,0.48322,5.27907,0.30797,0.11487,0.4522613065326633,337.0,9.04810406033066,0.925189922195088,166.02607974445354,30.348150192689907,4.254256652630253,0.9630823812700632,0.5147653881650804,0.29065505756097787,199,0.06003358119739543,0.06942227652250234
UBC_63,79.639,37.8083,1.478,0.02,7.347,0.03,-0.106,0.051,0.746,0.045,79,-1.67419,0.4335,1.6649,0.31684,-0.08091,0.05338,1.28158,0.11199,228,45,0.5316455696202531,0.64538,0.27333,1.13726,1.81318,0.22587,0.22177,0.3670886075949367,121.0,3.377791733635159,0.3892245656492677,26.27829656623241,5.230253592356912,0.8460631704371421,0.1782483129884517,0.4549369961180475,0.23730490552305886,79,0.06007095371478125,0.06341075647711698
UBC_634,109.9436,-18.9817,2.645,0.075,7.814,0.243,-0.117,0.044,1.016,0.061,88,-2.05671,0.50031,2.03884,0.38798,-0.05213,0.03762,1.37942,0.09449,312,62,0.5568181818181818,0.65912,0.25055,1.05408,2.94087,0.30947,0.02428,0.3409090909090909,137.0,4.223357684408524,0.3238670009140686,34.45682819705203,5.237373831227947,1.891144449902075,1.0964972556856931,0.531637347635473,0.3608437613451394,88,0.05325810875446978,0.052612010990986606
UBC_636,118.8256,-24.3362,2.699,0.143,8.831,0.07,-0.058,0.07,0.59,0.068,94,-3.0,0.59604,1.87728,0.24614,-0.01735,0.02412,1.35217,0.08203,193,38,0.5957446808510638,0.65813,0.2781,0.97834,2.64294,0.24425,0.11583,0.3617021276595745,150.0,4.665834075912334,0.529436406424214,54.46629670510468,10.709483773906776,12.441483056570002,3.1631975640902272,0.43421035234178157,0.2626838534334702,94,0.0683758162585279,0.05935873593000711
UBC_641,115.9984,-31.0831,3.21,0.116,7.379,0.176,-0.124,0.063,1.263,0.083,155,-1.92152,0.34393,1.9259,0.26469,0.0329,0.03025,1.69627,0.09839,661,132,0.6516129032258065,0.65088,0.2549,0.92103,4.32845,0.19021,0.17571,0.4387096774193548,256.0,7.467910706897186,0.528994228159979,89.96364717635957,13.11729308463343,0.2660314284183773,0.1145762367652749,0.5581539980310268,0.33857714040906917,155,0.04637436577695841,0.05949719023958521
UBC_643,120.4908,-34.3819,3.396,0.322,8.573,0.299,-0.055,0.072,1.528,0.344,100,-1.89215,0.60941,1.86244,0.34291,0.0277,0.04006,1.51119,0.12267,494,98,0.71,0.65215,0.2384,1.43621,2.87593,0.1625,0.76069,0.51,171.0,3.111662242894261,0.291512928880803,20.48150999025842,3.522954514283772,18.265771832740413,12.962023578631158,0.5370097311252969,0.323037089033606,100,0.06610221705812899,0.07310679038581638
UBC_68,91.1736,36.7818,1.92,0.05,8.08,0.133,-0.131,0.034,1.219,0.049,94,-1.92013,0.57718,1.60184,0.28724,-0.02081,0.04832,1.44799,0.13442,273,54,0.4680851063829787,0.58582,0.27799,1.3433,2.73894,0.31909,0.01254,0.2553191489361702,138.0,2.531899064983064,0.3662866399957596,17.191920338570117,4.099895452189998,6.993194541043386,2.714378087882506,0.524429062652423,0.3178793806373778,94,0.053707259338499944,0.05472601042915245
UBC_80,91.6573,8.7714,2.047,0.052,7.679,0.145,-0.085,0.067,0.901,0.048,48,-1.88155,0.42934,1.20416,0.38949,0.07645,0.05263,1.43388,0.12372,126,25,0.5833333333333334,0.61488,0.26871,1.42703,3.26376,0.41667,0.07511,0.375,76.0,5.068340828844716,0.6539692947849455,46.36741834535762,10.084429884020915,1.0298810904262954,0.4103712645689026,0.5985028620439553,0.38281514661373495,48,0.07115938031916388,0.052612010990986606
UFMG_34,233.8648,-57.6667,2.124,0.141,8.937,0.063,0.092,0.076,3.219,0.06,140,-0.99314,0.76503,1.58452,0.22313,0.14911,0.0478,1.73648,0.18857,798,159,0.7571428571428571,0.66455,0.28439,,,,,0.4857142857142857,246.0,1.72166437939226,0.2096776516021552,8.784967895679134,1.827981389203705,98.45999769687542,24.974853364880623,0.5376629282694217,0.3472623645706784,140,0.07188085668875294,0.06558532980956931
UFMG_58,124.8757,-38.2733,5.046,0.299,8.451,0.087,-0.111,0.061,2.994,0.033,114,-1.06497,0.67304,1.55756,0.25442,0.2,0.05581,1.67768,0.22935,740,148,0.631578947368421,0.71993,0.27251,,,,,0.4122807017543859,186.0,2.9410457639491527,0.7484370094588131,16.39959066784473,6.471296663015325,17.225307827070065,7.6228575665013345,0.5619250757572088,0.3471288317003304,114,0.048383683448650586,0.055538949819501374
UFMG_59,126.5016,-38.3427,1.28,0.022,7.899,0.2,-0.001,0.102,1.207,0.164,29,-2.30011,0.84882,1.35576,0.35237,0.07026,0.0604,1.41949,0.23541,70,14,0.4827586206896552,0.52893,0.2359,1.3942,1.03594,0.32212,0.34684,0.2758620689655172,43.0,0.8153902675156075,0.287470397115634,2.7258689849981708,1.4670766401852853,29.07334632889569,20.59371395812156,0.5695203571936346,0.34464843020908614,29,0.09438040838402757,0.052612010990986606
UPK_12,288.795,-22.1446,0.638,0.001,8.393,0.124,0.039,0.039,0.362,0.053,69,-2.0024,0.38987,1.64796,0.35064,-0.14595,0.03555,1.17544,0.06361,109,21,0.4057971014492754,0.54837,0.23572,1.17498,1.82052,0.30392,0.13706,0.2318840579710145,97.0,1.928083393452925,0.2831833979171242,13.933470738474648,3.350291367259701,17.739472033991753,6.621786000738043,0.7291224741852727,0.5136324763790219,69,0.11036016837230388,0.09587023873716466
UPK_155,311.7057,60.7444,0.866,0.006,8.196,0.076,0.002,0.056,1.248,0.076,111,-1.77021,0.31581,1.80865,0.33445,-0.1087,0.03308,1.44181,0.05522,260,52,0.6576576576576577,0.74434,0.24297,1.10764,8.46303,0.20083,0.20785,0.5045045045045045,184.0,11.82862233268036,1.2911234603852346,221.3127881921432,42.4592455292004,0.7095671321849539,0.1842565055645111,0.5060575454020003,0.330726843785841,111,0.06096703455882335,0.07204473356160501
UPK_16,287.2251,-19.1296,0.792,0.006,8.345,0.283,-0.104,0.083,0.482,0.048,64,-1.69372,0.2579,1.98808,0.24288,-0.16431,0.02505,1.1579,0.0445,129,25,0.640625,0.63118,0.25086,1.29528,3.55922,0.23913,0.37943,0.40625,105.0,4.36875143828746,0.8055206500849447,46.28446338762711,13.563983458636926,4.781506681996559,3.416372608038832,0.5920132864796636,0.37601873560138815,64,0.06126453510570982,0.052612010990986606
UPK_169,326.8185,59.705,0.832,0.017,7.173,0.297,-0.286,0.166,2.442,0.168,120,-1.27852,0.17719,2.75659,0.37561,-0.19687,0.02557,1.34202,0.05076,358,71,0.65,0.78094,0.19291,1.58238,9.41947,0.2029,0.15168,0.5583333333333333,198.0,4.442949358867328,1.126817302568278,45.93657571178544,18.05951280324629,0.3242211798840735,0.2557516013280242,0.5511170440954996,0.37781137696462236,120,0.0506284388406797,0.07218297558569184
UPK_17,279.7445,-15.0362,0.657,0.001,8.674,0.152,-0.06,0.068,1.718,0.056,110,-0.6337,0.25311,3.0,0.46879,-0.17938,0.03104,1.44684,0.04397,294,58,0.5,0.66605,0.19325,1.21777,3.57618,0.31871,0.0056,0.4272727272727272,165.0,3.150888719948392,0.364806918740057,26.32614912920045,5.258019345264319,17.931336594154093,7.225807435980983,0.524021165481032,0.3492695710574442,110,0.04788933524023972,0.05657656757029677
UPK_178,334.4505,60.0712,0.917,0.014,8.179,0.107,0.12,0.09,2.268,0.119,49,-1.68394,0.47782,1.32401,0.56095,-0.03729,0.06456,1.23245,0.09299,132,26,0.7551020408163265,0.63796,0.24442,1.0909,1.72739,0.42833,0.01555,0.5510204081632653,86.0,1.292229101495857,0.3428106379046454,6.368859746305611,2.6108214108933296,23.710369113405307,11.340114766917395,0.5689279837575494,0.3614097366642113,49,0.08138945531199547,0.07420243398896556
UPK_18,280.7471,-15.3048,0.749,0.003,8.788,0.535,-0.228,0.026,1.034,0.18,60,-2.53743,0.52223,2.31303,0.26695,-0.2,0.02414,0.92172,0.05639,102,20,0.7333333333333333,0.70379,0.20375,1.26011,2.24365,0.32075,0.44979,0.6166666666666667,104.0,1.791080613519917,0.3104212117887046,13.568257464556384,3.769862174513798,45.23513846697643,57.12417526876485,0.654559408820477,0.42333687919638974,60,0.06012755962057604,0.07370419353713965
UPK_180,339.1321,56.8006,0.844,0.009,8.245,0.1,-0.209,0.06,1.257,0.071,94,-1.80825,0.49433,1.88266,0.52452,-0.2,0.04646,1.20768,0.08055,181,36,0.7446808510638298,0.72114,0.20496,1.21943,8.5083,0.25464,0.12201,0.6382978723404256,164.0,9.74169361309949,1.5127892952803006,181.55755444998425,45.984139468155085,0.9682459203001468,0.33142822345938,0.5532915168132071,0.33102429704893277,94,0.06836355662430511,0.10035045732078328
UPK_21,282.8427,-15.1589,0.579,0.001,8.88,0.033,0.198,0.131,1.448,0.115,52,-0.6126,0.83316,1.56375,0.23471,0.13249,0.06012,1.39863,0.21545,195,39,0.4807692307692308,0.67251,0.23688,0.68874,2.11393,0.425,0.05229,0.3461538461538461,77.0,2.379122958228708,0.3577997532833896,12.098321517713636,2.9853591775351527,62.7010593096341,16.18894010385943,0.4700440145056872,0.26736669556537335,52,0.06928622039643192,0.056828182617157046
UPK_219,351.7632,65.2529,0.795,0.006,8.305,0.056,0.104,0.182,1.519,0.14,34,-0.62763,0.36612,1.57025,0.32511,-0.13705,0.07619,1.18163,0.09736,96,19,0.7058823529411765,0.54866,0.22288,0.71963,2.87022,0.1875,0.87183,0.4411764705882353,58.0,4.304421280375394,0.6582178603850307,34.4561425365934,8.607531949103025,5.857783881460315,1.646781435259392,0.5978756880636134,0.38518655765033644,34,0.08180945944816216,0.052612010990986606
UPK_220,350.8805,66.4522,0.944,0.009,7.477,0.29,0.025,0.097,2.784,0.052,243,-1.53633,0.21795,2.55402,0.30428,-0.05894,0.02472,1.78668,0.06389,922,184,0.5967078189300411,0.76235,0.23654,1.12225,4.72743,0.23151,0.00262,0.5020576131687243,388.0,2.834137833922524,0.2365807000448972,24.76662393839407,3.9653655642240273,1.2109694589169453,0.8315442583000713,0.5502548758126825,0.37525474813475035,243,0.03411259955415233,0.06299390448365412
UPK_23,282.2572,-12.8617,0.953,0.012,8.066,0.078,-0.219,0.155,1.501,0.098,47,-1.23898,0.37643,2.89254,0.9251,-0.2,0.04555,1.17746,0.09068,146,29,0.7446808510638298,0.67807,0.16971,1.38102,2.33508,0.11852,0.98571,0.6595744680851063,82.0,2.8805753084975176,0.4718101976524854,19.479742980072203,5.162124484889495,5.976085159857577,1.913108552178404,0.6094630051803128,0.40196424647922807,47,0.07351987875773029,0.09000820684487182
UPK_230,353.8063,71.6563,0.533,0.003,7.8,0.357,-0.029,0.12,1.407,0.25,38,-0.78111,0.36516,2.98947,1.55652,-0.2,0.06448,1.01907,0.10102,88,17,0.3684210526315789,0.79715,0.24661,1.08844,2.91448,0.25,0.59958,0.2631578947368421,52.0,4.139051258607078,0.860031527266519,31.518601703289896,10.284553444180556,2.001857031666268,1.7704770358446753,0.5864427663320224,0.3688328581576695,38,0.09878547878793432,0.06024160855543882
UPK_24,282.5488,-10.8234,0.498,0.001,8.736,0.32,-0.373,0.166,1.349,0.204,48,-1.93666,0.58541,1.11136,0.47282,-0.13438,0.05396,1.08257,0.0706,105,21,0.875,0.70147,0.17263,0.87033,4.61749,0.2563,0.45048,0.75,90.0,7.688059170493657,1.295014275978045,107.07027719383754,29.094913454708525,5.085469722439096,3.9938105937893993,0.6019285813002716,0.4066497654859997,48,0.09166058455201269,0.10868659870798304
UPK_265,31.9969,65.3427,0.832,0.006,8.322,0.074,-0.176,0.062,2.1,0.103,80,-1.28499,0.27038,3.0,0.58122,-0.19307,0.02553,1.31303,0.05003,235,47,0.7625,0.84689,0.1839,1.52977,5.23381,0.19422,0.38091,0.6375,141.0,5.048861734894841,0.7551800996776509,53.02858500182142,13.02584115945746,3.958129155344096,1.1832838393614833,0.4703790282374609,0.263471751614611,80,0.09473104279353206,0.11844288621215583
UPK_28,277.3778,-5.026,0.877,0.021,7.461,0.335,0.162,0.062,3.255,0.093,75,-1.38889,0.36878,1.80233,0.60442,-0.00891,0.07884,1.48323,0.11267,270,54,0.5866666666666667,0.76243,0.26259,1.07796,2.17055,0.35509,0.01287,0.44,119.0,1.5247021305861574,0.5229583366634374,7.233398293293599,3.7911259505914674,3.9962957453145553,3.726856136754718,0.5227369168526319,0.31229281296313643,75,0.05873828608200832,0.06255211845123967
UPK_282,30.321,43.7907,0.765,0.003,8.406,0.092,-0.041,0.027,0.312,0.032,47,-1.75863,1.10217,0.88116,0.28592,-0.04558,0.11938,1.17013,0.25349,63,12,0.4468085106382978,0.37919,0.25491,1.34834,2.26739,0.2875,0.29419,0.1702127659574468,68.0,1.9990623137784795,0.3815961135923127,15.022656249678668,4.533157781017082,16.953261861659925,6.2504722423218,0.6260160685410092,0.4339996828667666,47,0.08699721947185032,0.08967757838212008
UPK_29,278.5898,-5.4338,0.649,0.005,8.546,0.255,0.138,0.093,2.682,0.105,71,-1.57102,0.75139,1.59843,0.29381,-0.01236,0.06113,1.43338,0.16805,168,33,0.6338028169014085,0.67725,0.24397,0.9927,1.92913,0.13593,0.83239,0.5070422535211268,116.0,1.8391025781657688,0.184195815350275,11.920439861707106,2.1395768907541792,29.49223725020758,18.10765477672565,0.519717243253856,0.27054666653129233,71,0.06564666536515086,0.08262974861956844
UPK_294,60.6819,66.0947,0.73,0.003,8.305,0.155,-0.269,0.066,2.09,0.115,59,-0.84425,0.23679,1.68146,0.41574,-0.16155,0.05984,1.28612,0.05258,183,36,0.7457627118644068,0.70021,0.22495,1.10204,6.92208,0.1371,0.8965,0.576271186440678,103.0,10.346190825554428,1.5062273358013238,139.64568704929337,33.44568251529389,1.44534815670254,0.6212310935296286,0.4766233974516557,0.26036033748712745,59,0.09251970865134748,0.10236141267768152
UPK_296,42.6722,48.5797,0.525,0.004,8.428,0.088,0.052,0.085,0.355,0.051,73,-1.58386,0.37939,1.37472,0.37948,-0.2,0.05408,1.07783,0.08192,124,24,0.5616438356164384,0.64834,0.25591,0.91363,7.15425,0.2582,0.43393,0.3698630136986301,114.0,7.922578819224255,1.2590797781671654,122.47478501793448,31.51016905032905,2.1875264565083463,0.7163950224016393,0.6426779167793848,0.40843996593675064,73,0.06116480961321497,0.05305586496953239
UPK_312,67.6269,56.1712,0.68,0.009,8.713,0.181,-0.187,0.08,1.284,0.12,37,-1.39576,2.02159,0.95015,0.6238,-0.05636,0.20277,1.19936,0.34078,87,17,0.7027027027027027,0.66057,0.2079,1.16784,7.77511,0.29503,0.35452,0.5675675675675675,63.0,4.754512836072113,1.3512554874541134,44.47005692587578,19.44940403863293,11.61267614594806,7.0156218047246295,0.5861406512127078,0.3689867802499178,37,0.08107083597313706,0.0758483765192331
UPK_33,280.0098,-4.362,0.499,0.006,8.028,0.289,0.032,0.089,2.186,0.205,41,-1.21468,0.27351,1.95108,0.50409,-0.2,0.04766,1.02547,0.06717,106,21,0.7804878048780488,0.71549,0.20087,1.18227,1.15694,0.42328,0.04632,0.6585365853658537,73.0,1.7863283395394287,0.2170352319512365,10.281364625515414,2.132637385941823,10.37407153699492,7.231003094256637,0.6144284668737713,0.4188883715877067,41,0.07668102711256376,0.08144527270081708
UPK_333,61.8616,44.1378,0.614,0.025,8.835,0.174,-0.168,0.039,1.277,0.094,72,-0.8644,0.50552,2.25193,0.73923,-0.2,0.06656,1.31963,0.08525,175,35,0.5555555555555556,0.64912,0.20884,1.40036,4.56127,0.425,0.00217,0.3888888888888889,112.0,4.584165462641727,0.6671738987673851,44.78774879900481,10.75451349788552,15.27006080056936,7.132585271208985,0.4792647828433235,0.2571953047687426,72,0.06175846642141992,0.06324011454655482
UPK_379,93.7854,30.8289,0.744,0.004,8.143,0.42,0.009,0.168,0.788,0.383,91,-2.29705,0.8815,0.99589,0.35903,-0.0097,0.07172,1.51279,0.19425,176,35,0.5274725274725275,0.65874,0.26126,1.27261,8.48122,0.30219,0.04191,0.3626373626373626,139.0,9.490030795119822,2.458515128315244,156.21972198614012,62.66188689599983,0.8897420975673435,0.931533678758404,0.510612477980223,0.2913157543090636,91,0.0523350638069097,0.05607409151433816
UPK_38,280.8179,-1.6482,0.575,0.002,7.023,0.079,-0.044,0.065,2.319,0.061,40,-1.60105,0.79342,0.42617,1.2692,-0.2,0.16783,0.92611,0.15355,75,15,0.7,0.65598,0.1528,1.06361,0.86694,0.32975,0.34329,0.575,68.0,0.8338131736446844,0.2103623363167956,3.708941671509249,1.4517677019546136,2.842824152481765,1.2270389958786618,0.5511465712466583,0.31929796514258685,40,0.08069981412617999,0.08838875041834054
UPK_381,95.4379,29.135,0.692,0.004,8.604,0.038,0.002,0.041,0.314,0.023,73,-1.51596,0.56896,1.48946,0.31355,-0.07461,0.05521,1.35632,0.10371,143,28,0.589041095890411,0.60535,0.24236,1.05151,8.11553,0.28354,0.08772,0.410958904109589,116.0,6.798833479351803,1.3618334644815566,91.83782291249253,29.0211325446466,4.375003654341684,1.4345380097503626,0.5986388048044099,0.3606241060454651,73,0.05758515829081793,0.053753168593165215
UPK_385,75.6749,13.0825,0.308,0.002,7.436,0.125,0.192,0.145,0.677,0.29,53,-2.2316,0.36667,1.10492,0.32024,-0.2,0.04162,0.91874,0.07196,61,12,0.5283018867924528,0.74625,0.22254,1.01627,1.72954,0.24468,0.83265,0.3773584905660377,81.0,1.7136889729967888,0.3812201946318677,13.708010887862187,4.768727449848509,1.9907904984408968,0.8988631225505197,0.5538284641571808,0.32337945155059816,53,0.06857016833128594,0.05345112710241519
UPK_394,78.8101,6.2891,0.778,0.005,8.492,0.177,-0.118,0.032,0.337,0.053,82,-1.82418,0.49961,1.61745,0.51134,-0.2,0.05098,1.1475,0.07675,126,25,0.5853658536585366,0.65024,0.23337,1.20143,4.25703,0.2675,0.15129,0.3658536585365853,130.0,2.06449700056644,0.3606897269506167,17.81768763676797,4.9927856361423855,17.424031958680757,8.61782975603956,0.6282827309088551,0.42922446749124465,82,0.055322253736946894,0.055441673885198245
UPK_40,292.5214,-6.642,0.636,0.065,8.678,0.145,-0.128,0.054,1.132,0.127,85,-1.34586,0.31049,1.83213,0.50187,-0.2,0.04735,1.27096,0.0561,197,39,0.7529411764705882,0.64876,0.20577,1.12733,7.99809,0.26,0.15335,0.6588235294117647,149.0,9.06928461474856,1.2320008941574518,145.35972830643414,32.9290626426515,3.277599596231002,1.3224231110311175,0.40819407568496424,0.2540911660177491,85,0.1094700848399352,0.12696777251574165
UPK_418,112.4759,5.579,0.825,0.0,8.0,0.0,-0.068,0.0,0.062,0.0,63,-1.25039,0.50163,1.70616,0.58618,-0.19501,0.07129,1.21606,0.10038,131,26,0.492063492063492,0.57952,0.25807,1.14013,5.41331,0.2619,0.27893,0.2857142857142857,94.0,5.740864111140291,1.227805588723051,63.82866500161996,21.433978324116094,1.5666942117223042,0.5261035895662513,0.6242798267695052,0.41774218367056315,63,0.07264485229100474,0.0640104435044657
UPK_42,293.9368,-3.6817,0.58,0.001,8.428,0.085,-0.099,0.029,1.71,0.056,124,-2.03455,0.25648,2.22031,0.28036,-0.17372,0.0211,1.29616,0.03872,229,45,0.5967741935483871,0.6218,0.2106,1.55608,2.29204,0.25815,0.06875,0.4354838709677419,198.0,1.980088996079214,0.2412606639011675,17.088439727376723,3.5458721168772644,15.67825013612475,4.472094661488884,0.4706046511120582,0.2910267839801065,124,0.055858350772546396,0.06571027296114419
UPK_429,108.9417,-0.9894,0.855,0.0,8.0,0.0,-0.068,0.0,0.01,0.0,230,-2.16935,0.46267,1.68829,0.2649,-0.16333,0.03408,1.47392,0.06407,362,72,0.591304347826087,0.60409,0.23537,1.20401,8.29198,0.24712,0.01286,0.3826086956521739,366.0,7.178980343290817,1.1206154235195065,152.07034354862685,38.68501568169776,0.657590412873786,0.1672837375160005,0.5066800404964905,0.3796599493290176,230,0.04000767405016915,0.052612010990986606
UPK_431,108.2852,-2.7657,0.716,0.002,8.0,0.067,-0.06,0.044,0.093,0.024,169,-1.69131,0.23858,1.49985,0.25168,-0.16678,0.03182,1.47386,0.04806,258,51,0.5621301775147929,0.56927,0.22507,1.23545,8.30688,0.19919,0.12045,0.3431952662721893,264.0,9.078801963954689,1.0871683794958644,197.73725757533893,40.53992691816564,0.5057215884664501,0.1297578294990644,0.5561389365292674,0.3893536225312304,169,0.038163448004104844,0.05389845594042343
UPK_433,103.4373,-5.8148,0.76,0.005,8.584,0.06,-0.055,0.042,0.376,0.029,111,-1.16264,0.30719,2.02082,0.31434,-0.19864,0.03748,1.38225,0.05214,209,41,0.4684684684684684,0.47128,0.27009,1.15697,6.90223,0.29959,0.0133,0.2252252252252252,163.0,4.764601633272495,0.688813733912071,57.523831396977386,13.690953902819198,6.670404876967923,1.8356727224489773,0.46303765604926306,0.2728670467284312,111,0.04736343693009742,0.054152147490556315
UPK_436,100.1787,-8.1785,0.809,0.001,7.724,0.143,-0.003,0.039,0.465,0.04,199,-1.72111,0.23063,2.20284,0.42274,-0.2,0.02916,1.47017,0.0497,328,65,0.6884422110552764,0.77706,0.2121,1.1862,8.35333,0.19106,0.07332,0.5829145728643216,336.0,9.434169836257578,0.6798603935039759,224.79921820218573,32.96397546748503,0.2356162303977746,0.0849268382279964,0.5350042875319163,0.3957972613831343,199,0.05466814564686306,0.07540554071096454
UPK_445,92.4548,-15.0341,0.655,0.003,7.163,0.053,-0.203,0.067,0.727,0.069,130,-1.07511,0.49331,0.44226,0.59732,-0.2,0.18775,1.30156,0.16621,189,37,0.5538461538461539,0.74243,0.20564,1.07794,4.71164,0.38047,0.00693,0.4307692307692308,202.0,3.855721052514693,0.8310856606361837,51.90683145538908,17.53471447346995,0.2803983675699507,0.1007131879157509,0.5634314964512965,0.35045696012143,130,0.04359786442511361,0.057033000173581254
UPK_45,291.68,0.1904,0.849,0.009,8.28,0.242,-0.033,0.103,1.057,0.139,71,-1.88824,0.44462,2.39036,0.8249,-0.13931,0.04088,1.27227,0.07954,167,33,0.7183098591549296,0.68253,0.14579,1.3901,2.0101,0.35101,0.0238,0.647887323943662,122.0,3.0579329902589665,0.483821879198828,26.61050436582584,6.840837980533939,7.160558446273966,4.394196203463266,0.5246752083332593,0.26736057434486576,71,0.07537002970230042,0.12205082052967037
UPK_46,294.7179,-1.3303,0.666,0.002,8.465,0.101,0.025,0.097,0.789,0.074,66,-1.33983,0.41697,1.70212,0.4355,-0.19833,0.05566,1.14556,0.07775,144,28,0.6212121212121212,0.55079,0.22842,1.38497,3.55086,0.39348,0.01873,0.3939393939393939,107.0,4.16754553781358,0.5747705310233405,41.38480942887581,9.45974832106451,7.049511775607119,2.2987632505054623,0.5680829154316193,0.3537487548065675,66,0.06098570116155838,0.05315432950862144
UPK_467,121.1521,-11.5551,0.572,0.0,8.0,0.0,-0.045,0.0,0.01,0.0,165,-1.87511,0.45436,1.60719,0.26383,-0.19261,0.04001,1.38488,0.06465,227,45,0.4727272727272727,0.55987,0.21717,1.08538,5.90289,0.2093,0.14466,0.296969696969697,243.0,6.541864878409643,0.60030056311836,120.83485886372756,20.495863413004685,0.8275757586871167,0.1403724047304409,0.5198115661062123,0.38899762138903005,165,0.04071097424928448,0.05843256706898504
UPK_495,105.9609,-40.8364,0.611,0.018,8.987,0.086,-0.201,0.039,0.257,0.109,151,-1.73316,0.71409,1.18239,0.68747,-0.2,0.08237,1.40007,0.10417,244,48,0.6556291390728477,0.7157,0.2075,1.04847,12.06463,0.32446,0.00813,0.4834437086092715,250.0,13.26013193789932,1.4371394008244982,343.8958020815099,65.34387226162191,2.8221047229168,0.7744962611535704,0.5221349773825928,0.37980821429462036,151,0.05429620158691328,0.06015253457058189
UPK_50,283.205,8.2364,0.989,0.012,8.215,0.172,0.042,0.017,1.498,0.057,137,-2.04932,0.48179,1.94482,0.3385,-0.081,0.03631,1.53907,0.09027,321,64,0.656934306569343,0.6769,0.23459,0.96299,3.99238,0.33763,0.00059,0.5255474452554745,227.0,4.796988669474394,0.337587153204791,60.50407948572864,8.784803167194486,2.711535795840861,1.1437813582085312,0.532748801736223,0.3313685377533788,137,0.054415268935785736,0.07491329487765261
UPK_502,124.3616,-37.8038,0.675,0.002,8.458,0.23,0.045,0.035,0.184,0.133,62,-1.53676,0.56953,2.54904,0.75872,-0.2,0.0488,1.16384,0.08567,102,20,0.6612903225806451,0.62608,0.24275,1.27015,2.15525,0.30227,0.11806,0.4032258064516129,103.0,1.6731042163633547,0.2384900950348469,12.163729401977674,2.861157260051573,23.601154606069567,13.676437287118626,0.6341476929795745,0.4626119044610132,62,0.06010547608590593,0.05429585941708001
UPK_508,135.8026,-34.9535,0.813,0.004,8.535,0.197,-0.089,0.075,0.922,0.13,47,-1.84345,0.82299,1.47644,0.39442,0.01237,0.06301,1.41243,0.1909,116,23,0.6595744680851063,0.52325,0.17773,1.74107,4.36519,0.46992,0.00821,0.4042553191489361,78.0,2.3267326059183024,0.5306082200868383,15.3101622838592,5.452701892332085,22.38825299114006,12.91170766565294,0.6031028631386458,0.3879212828748968,47,0.06993227820718761,0.052612010990986606
UPK_524,105.7287,-54.4752,0.545,0.028,8.642,0.205,-0.085,0.061,0.285,0.096,195,-1.66181,0.40941,1.09152,0.28434,-0.2,0.05045,1.45762,0.06255,273,54,0.6307692307692307,0.64438,0.22854,0.95505,9.9669,0.06276,0.99607,0.4461538461538462,318.0,12.509715856302275,0.9452724186448612,360.1311607137975,54.17361932052168,1.2176971770668106,0.603271185675488,0.6242974914645492,0.46839480878345197,195,0.03455945514498268,0.052934221697767854
UPK_528,137.0737,-43.3459,0.951,0.006,8.454,0.191,-0.093,0.054,0.945,0.074,78,-2.01336,0.51034,2.25429,0.57473,-0.11306,0.04417,1.33382,0.08268,169,33,0.5,0.59198,0.18796,1.45634,2.87855,0.33202,0.04235,0.3974358974358974,117.0,1.956415319758288,0.4584463064078015,13.123319319554104,4.787416696387711,21.67486013397232,12.385039399387596,0.5174150627983576,0.26850692961287265,78,0.05661385170722979,0.064585051124241
UPK_533,123.3785,-52.2662,0.338,0.009,8.454,0.211,0.072,0.07,0.086,0.071,95,-2.64019,1.03876,0.39669,0.48,-0.2,0.09872,0.94028,0.16807,112,22,0.7157894736842105,0.75294,0.17788,1.01813,5.19618,0.48889,0.15329,0.631578947368421,163.0,5.910919006421056,0.6830091867006143,108.5811798169571,21.631328082251702,2.6196631057454223,1.3755941188119718,0.555703317679561,0.3658974122934657,95,0.06449719853863627,0.09159605702067382
UPK_535,127.4275,-50.8584,0.321,0.011,7.723,0.076,0.056,0.057,0.25,0.092,226,-2.05443,0.6008,0.4252,0.33819,-0.2,0.08288,1.28051,0.10836,209,41,0.4646017699115044,0.65675,0.22449,1.09368,5.69262,0.25136,0.06686,0.3495575221238938,331.0,8.047784914035732,0.7145473428194393,219.2486586138228,36.26452578559226,0.2410255347130611,0.0580376910615968,0.35631932177532716,0.2466950689471651,226,0.04513272474389951,0.060291495941627055
UPK_537,126.8786,-52.0217,0.594,0.001,8.347,0.138,0.053,0.081,0.703,0.077,118,-1.95141,0.56852,1.49606,0.637,-0.2,0.062,1.30833,0.09749,243,48,0.7796610169491526,0.7321,0.20337,1.40644,7.13967,0.36435,0.00246,0.652542372881356,210.0,7.659080400244578,0.714764434090306,132.06964255146414,22.625983505070963,1.6834375013811629,0.6077172147530769,0.4790515799263229,0.2976859541727263,118,0.09458070673361889,0.11418689038372856
UPK_54,286.2165,15.6633,0.798,0.007,8.305,0.068,-0.188,0.084,1.252,0.038,145,-1.76929,0.27996,2.3542,0.38446,-0.17888,0.02581,1.47284,0.0439,326,65,0.8275862068965517,0.65886,0.18629,1.16198,4.43666,0.14268,0.45825,0.696551724137931,265.0,4.429292866835803,0.446839628481017,60.12264183903591,10.894941779554554,3.35708196104432,0.8039755826553816,0.58911896968513,0.3774594418360546,145,0.07416418818828459,0.10536352321339765
UPK_542,134.3829,-54.2671,0.77,0.106,8.773,0.189,-0.229,0.03,0.638,0.316,64,-3.0,1.10086,1.41612,0.31236,-0.12003,0.05141,1.15121,0.12071,99,19,0.78125,0.65415,0.237,1.25574,8.53567,0.33333,0.16228,0.578125,114.0,8.67888516139807,1.0709656595007198,157.15781823766827,32.7664414006418,3.772801959386608,1.8205823672629948,0.6411282609277547,0.4627898205991175,64,0.06347528892953147,0.06119683613758207
UPK_55,296.7732,10.4338,0.779,0.004,8.488,0.174,-0.048,0.058,0.761,0.067,74,-1.59154,0.39868,1.56415,0.29471,-0.12491,0.0431,1.2437,0.06874,192,38,0.6756756756756757,0.63703,0.24409,1.15977,3.13634,0.22516,0.2886,0.527027027027027,124.0,3.3728188912889774,0.5346439975645332,29.097622779696003,7.493914899959861,10.571643044624151,5.035134097997853,0.4371088489386505,0.22459630362076174,74,0.08580952884360155,0.10066743008499182
UPK_552,158.6281,-47.4219,0.331,0.008,8.437,0.082,0.006,0.027,0.095,0.052,63,-1.27052,1.03343,0.29669,0.7322,-0.2,0.25537,1.07572,0.18547,95,19,0.6825396825396826,0.74118,0.21599,1.68991,5.22587,0.3875,0.04791,0.5714285714285714,106.0,3.439667162407251,0.6343776196609747,37.94228656909531,11.161251565217562,7.209024478073062,2.5198853168107167,0.6203240070172666,0.4037131099566237,63,0.060035398667540166,0.06936643249442397
UPK_560,157.7701,-44.5686,0.592,0.026,8.726,0.103,-0.117,0.046,0.2,0.093,248,-2.27103,0.59345,1.19649,0.32297,-0.2,0.0512,1.33874,0.0871,360,72,0.5887096774193549,0.64853,0.22633,1.17845,11.16576,0.24665,0.02323,0.4233870967741935,394.0,14.597763438404236,1.1453589418015728,469.05575327903904,72.44046648963604,1.1344243313230329,0.3210625663469976,0.46655112203904336,0.34538662879398985,248,0.046642677156748795,0.05719037466924044
UPK_562,165.9847,-57.0247,0.846,0.088,8.367,0.163,-0.069,0.083,0.309,0.12,169,-1.84579,0.41233,1.53815,0.26253,-0.11159,0.03666,1.50588,0.0699,330,66,0.7100591715976331,0.62418,0.23448,1.14812,7.72869,0.15812,0.29693,0.4733727810650887,289.0,9.637197502402776,0.8060743672238115,205.3367421543093,32.94420554979092,1.1337918549011876,0.4627858521580563,0.5938991608718422,0.43103387571117036,169,0.047146480652035576,0.05397703091701434
UPK_567,161.7056,-67.2987,0.633,0.002,8.659,0.14,-0.054,0.074,0.69,0.16,99,-2.14991,0.3307,1.69645,0.1897,-0.10651,0.02285,1.39146,0.04458,149,29,0.5757575757575758,0.62151,0.24739,1.34082,7.87976,0.23032,0.15464,0.3434343434343434,156.0,5.832652866513637,1.048269757998768,89.25068421398593,25.58043416194123,5.109618149905837,2.204043092694973,0.6167905135683593,0.40933220312728374,99,0.05092701923153585,0.05532662131280616
UPK_578,192.837,-57.4069,0.907,0.012,8.906,0.056,0.1,0.125,0.881,0.201,57,-1.12866,0.84344,2.02565,0.35425,0.01218,0.05959,1.4105,0.17758,155,31,0.631578947368421,0.6715,0.21839,1.21665,2.65113,0.34527,0.054,0.543859649122807,93.0,1.6704146639783084,0.3217068850146288,9.138895935480509,2.793804554423939,88.12644841181488,29.239153794913115,0.5532366881780183,0.32121704240669163,57,0.06682606266647846,0.08032112373925483
UPK_585,212.8376,-75.6927,0.703,0.001,8.451,0.098,-0.233,0.093,0.446,0.134,54,-2.36986,0.84929,1.79047,0.62552,-0.2,0.06208,1.0455,0.12148,113,22,0.8703703703703703,0.64351,0.20394,1.50098,5.26787,0.40381,0.08084,0.6481481481481481,101.0,4.16631834464975,1.3210450545368433,44.76640069153463,21.732998783406305,6.310268262085002,3.378240080990341,0.5449014068540098,0.3507582891437783,54,0.10096018547406535,0.10019641395057063
UPK_604,224.478,-59.953,0.74,0.011,7.022,0.183,-0.098,0.16,1.364,0.408,54,-1.80364,0.68501,0.81109,0.48695,-0.0182,0.10305,1.30164,0.22355,95,19,0.5,0.6906,0.15441,1.18763,2.77277,0.15152,0.88031,0.4444444444444444,81.0,3.710883341769707,0.45137986459335,35.00221312680305,7.2826378610708,0.3005415314775284,0.1412369816479621,0.6124030791243005,0.40844483840341267,54,0.07506130096531974,0.052612010990986606
UPK_605,234.5195,-65.9224,0.726,0.005,8.575,0.141,-0.141,0.054,0.203,0.073,75,-2.04549,0.5549,1.52319,0.31289,-0.2,0.04467,1.07618,0.07334,127,25,0.6933333333333334,0.63199,0.21359,1.529,2.58007,0.53947,0.00024,0.52,127.0,1.6566733410060144,0.2857891035457865,12.537266621743024,3.470924793052755,29.97761917550988,12.7907228496795,0.5714781442140081,0.34105338876680746,75,0.06361850976866078,0.07269676234930447
UPK_613,226.2597,-49.1442,0.841,0.019,8.387,0.154,-0.231,0.122,0.656,0.092,46,-0.9939,0.50279,1.49108,0.50317,-0.2,0.08651,1.0796,0.10005,117,23,0.717391304347826,0.60716,0.24289,1.23114,2.81644,0.25714,0.53682,0.5434782608695652,79.0,2.6822254573674607,0.548692303284869,19.039977749965363,6.134815828604251,12.80364320999897,6.134498239106685,0.6026008911335903,0.3875360213126749,46,0.07328066419628086,0.06793091867373685
UPK_614,231.2906,-53.9334,0.885,0.004,8.473,0.161,-0.011,0.038,0.491,0.106,80,-2.34439,0.50665,2.43978,0.41735,-0.14417,0.02862,1.21572,0.06425,148,29,0.6125,0.58216,0.24886,1.55164,4.56699,0.28861,0.08152,0.35,129.0,4.055289792982017,0.6452329052014683,45.00006673605257,11.609575460943596,6.603692499320742,2.982570240736792,0.579173327010523,0.3527588191160999,80,0.054825602766864316,0.052612010990986606
UPK_617,234.8878,-55.4184,0.713,0.002,8.292,0.222,-0.022,0.028,0.601,0.049,93,-2.28778,0.42535,1.81921,0.30758,-0.13518,0.02874,1.22172,0.06146,118,23,0.4623655913978494,0.69164,0.24158,1.78719,2.51116,0.3771,0.00593,0.3440860215053763,136.0,1.950891965833208,0.2420597336319933,17.49396992468887,3.675260207640832,11.197256437153886,6.188299322704486,0.5786733834070401,0.37966209726976297,93,0.06002226296210216,0.05336403576230737
UPK_62,289.7125,20.7846,0.874,0.013,8.36,0.334,-0.041,0.073,3.753,0.088,53,-1.95894,0.64336,1.73295,0.44437,0.01465,0.04588,1.33268,0.12691,213,42,0.7735849056603774,0.79026,0.21685,1.92352,2.73622,0.22917,0.4379,0.6415094339622641,94.0,1.6814464703637806,0.3295970275875578,7.9345129904257075,2.460644294211126,28.8721898310845,23.94186058116397,0.4506103199599295,0.23180337674338275,53,0.10901125071830887,0.12642569594344386
UPK_621,237.4248,-54.5105,0.874,0.002,8.174,0.189,0.019,0.045,1.101,0.062,210,-1.86811,0.25731,3.0,0.53642,-0.2,0.02435,1.47439,0.04625,488,97,0.6857142857142857,0.7954,0.20845,1.31508,8.09852,0.16632,0.1367,0.5666666666666667,354.0,9.828097155583,0.8113590394293025,204.28399292292224,32.4367558811659,0.730744679609937,0.3385178460176974,0.5115235866522639,0.2824752045831917,210,0.05950147806947503,0.0984605583283006
UPK_626,239.5851,-50.3869,0.496,0.0,8.529,0.064,-0.007,0.036,0.753,0.05,73,-1.90282,0.52473,1.88241,0.34436,-0.2,0.04236,1.1713,0.07234,124,24,0.5753424657534246,0.61903,0.23056,1.02847,3.89902,0.18616,0.63907,0.3561643835616438,115.0,3.482268992412473,0.7073375878936777,35.92042578289205,11.483314794984503,9.411493010948464,3.313015821680534,0.5722860666408511,0.3688451672991686,73,0.05785237623779012,0.052612010990986606
UPK_629,255.2704,-55.996,1.82,0.178,8.054,0.082,0.031,0.044,1.688,0.182,133,-1.19339,0.28362,2.83129,0.79039,-0.1071,0.06471,1.5601,0.07386,489,97,0.6616541353383458,0.85863,0.20906,1.54997,15.01651,0.30952,0.00256,0.5714285714285714,221.0,17.282840574398428,1.4437505643629998,328.32713649011407,52.46910678866325,0.3449000211621723,0.0853154446468704,0.5312802582574863,0.3075123876164752,133,0.05470445423393,0.0921066967015714
UPK_640,250.3211,-39.5645,0.175,0.001,7.386,0.039,0.145,0.046,0.321,0.064,425,-1.31607,0.32307,0.42425,0.25229,-0.2,0.08734,1.57822,0.08381,385,77,0.3129411764705882,0.60795,0.20488,1.00727,1.60044,0.10212,0.72362,0.2117647058823529,558.0,2.2307855564024988,0.2139549485216761,35.90493155603094,6.290765069082106,0.6774010988652838,0.1333661262521859,0.35236085314592025,0.22864575654982325,425,0.024958210335250638,0.05282255368707903
UPK_65,286.5549,23.3329,0.748,0.001,8.396,0.107,-0.271,0.102,1.406,0.064,46,-2.04142,0.80466,1.13468,0.24122,0.01895,0.06344,1.36864,0.1989,111,22,0.7391304347826086,0.5615,0.20894,0.96505,3.20678,0.26136,0.33544,0.4782608695652174,80.0,2.837669164856619,0.628155764381598,21.46255242941682,7.437152681528263,11.596278338596573,4.930476483090637,0.6101701364027952,0.41367485084217487,46,0.0716477554350489,0.05372034791315839
UPK_654,277.2076,-34.4729,0.497,0.001,8.517,0.168,-0.048,0.058,0.458,0.137,90,-2.70575,0.60901,1.1211,0.43012,-0.2,0.04398,0.98768,0.08597,105,21,0.5,0.7714,0.20951,1.59738,2.53835,0.4036,0.03967,0.3555555555555555,135.0,2.575362465299188,0.2415431625763781,27.973065196856687,4.828272247727028,11.75600988171062,4.979791222357043,0.6169917683666288,0.4247978170577101,90,0.06146374922778307,0.05602560148274492
UPK_82,298.2139,26.4639,0.504,0.018,8.119,0.133,-0.051,0.065,0.379,0.04,156,-1.79713,0.58927,0.61435,0.52121,-0.2,0.09236,1.31195,0.10709,212,42,0.6153846153846154,0.76025,0.2261,1.11214,3.39149,0.13651,0.70353,0.4935897435897436,252.0,3.879684704375812,0.367354546923979,58.75386953919861,10.17388126442537,2.238533125575268,0.7875375308333936,0.44366510586866964,0.30640646404488425,156,0.061536896655809796,0.07525494029920865
UPK_84,310.236,20.1862,0.896,0.006,9.056,0.04,-0.011,0.044,0.231,0.035,124,-1.50344,0.92356,1.45362,0.31926,-0.0126,0.06268,1.64654,0.14739,242,48,0.532258064516129,0.63636,0.2761,1.32989,4.67422,0.32136,0.00241,0.314516129032258,190.0,4.526290477793354,0.5115198523232887,55.65495070283068,10.930376149686635,20.44072039337136,4.43399647958748,0.46617360776890127,0.28158165815400293,124,0.048485077371840386,0.05336791111940082
UPK_93,300.1772,30.0312,0.637,0.04,8.766,0.092,-0.228,0.043,0.41,0.097,98,-2.56276,1.74507,0.76087,0.50973,-0.02141,0.10995,1.58848,0.27859,166,33,0.7959183673469388,0.62499,0.22171,1.18673,4.05038,0.29273,0.04022,0.5408163265306123,176.0,4.014742057596028,0.7626721780627904,52.93386129361601,15.974931620962655,11.022152739575604,4.0640624178251645,0.4394092915096096,0.26811737230212124,98,0.10819375693960269,0.09427491082407012
UPK_94,304.7675,27.5894,0.933,0.012,8.626,0.181,-0.04,0.071,1.211,0.077,65,-2.02406,0.47735,1.68176,0.31185,-0.1073,0.03378,1.20057,0.05923,147,29,0.6615384615384615,0.60853,0.24127,1.06023,4.44106,0.35835,0.03257,0.4615384615384615,108.0,4.185134637860585,0.5335230712261255,41.50238102605044,8.929777093989628,10.184201576297502,4.776711944524889,0.5807771950227363,0.34706979572943714,65,0.06247002055679151,0.06103694900879858
vdBergh_130,304.4921,39.3298,1.559,0.123,6.742,0.129,0.051,0.157,2.45,0.03,102,-1.15153,0.23854,1.95219,0.35354,-0.05973,0.04343,1.51962,0.09712,391,78,0.5980392156862745,0.78906,0.22047,1.18079,0.92851,0.23931,0.10686,0.5098039215686274,163.0,1.3144415046592983,0.1358300114200041,6.094029776731298,1.1232780989135744,0.9059316404864686,0.3166932211945837,0.5479268495136917,0.38684222159050907,102,0.05052694630849902,0.06251541492346653
vdBergh_80,97.7619,-9.612,0.937,0.018,6.933,0.12,-0.053,0.08,2.108,0.202,116,-1.7657,0.19631,1.98085,0.34079,-0.16475,0.02703,1.2661,0.04566,249,49,0.7155172413793104,0.81727,0.20384,0.91347,2.6137,0.16721,0.53255,0.6120689655172413,199.0,2.2365961278573714,0.3870228879362513,19.749791099502872,5.482247736584354,0.4339478027450842,0.16996180512682,0.4818430662006277,0.29830941784156917,116,0.07968316606060609,0.10122947484820045
vdBergh_92,106.0692,-11.4938,1.084,0.014,6.83,0.094,-0.076,0.032,0.972,0.053,504,-1.46781,0.15596,1.96815,0.25251,-0.2,0.02492,1.71558,0.04529,827,165,0.5158730158730159,0.74505,0.21925,1.02122,2.5116,0.08785,0.45438,0.4027777777777778,764.0,2.4701929884767093,0.2330477430569646,36.93803128424193,6.395555780617825,0.1830316754538037,0.0507318163437496,0.43598280926979527,0.2649377198564144,504,0.032061270087990035,0.06511049791014525
