Cluster,RA_ICRS,DE_ICRS,dist,e_dist,age,e_age,FeH,e_FeH,Av,e_Av,Nc,alpha_high_int,alpha_high_er_int,alpha_low_int,alpha_low_er_int,Mc_int,Mc_er_int,offset_int,offset_er_int,mass_total,e_mass_total,bin_frac,average_ratio,str_average_ratio,segr_ratio,segr_ratio_std,mass_seg,mass_seg_pval,n_members,bin_frac_corr,er_bin_frac,bin_frac_05,bin_frac_05_corr,er_bin_frac_05,rh,e_rh,t_relax,e_t_relax,tau,e_tau
ASCC_10,51.9055,35.011,0.642,0.003,8.292,0.088,0.004,0.028,0.793,0.068,109,-1.35456,0.48142,1.25945,0.31552,-0.10962,0.06576,1.40198,0.09958,229,45,0.4587155963302752,0.51823,0.26538,1.53993,6.46874,0.34689,0.00332,159.0,0.45047152955769804,0.047727782958986685,0.25688073394495414,0.281535507279107,0.04184868137442916,4.620835225892515,0.7592385630907779,51.50439541445623,13.665365557197372,3.80325729045677,1.269711972326578
ASCC_105,295.5766,27.4244,0.552,0.002,8.117,0.053,-0.252,0.066,0.765,0.006,183,-1.60944,0.48663,0.85774,0.7519,-0.2,0.10014,1.46344,0.0994,304,60,0.7868852459016393,0.70889,0.21848,1.12542,5.59048,0.21638,0.05084,327.0,0.7225187091336107,0.2359028469566452,0.6174863387978142,0.5225319964277138,0.158510170390885,4.367208272967956,0.6058292917455725,71.97247586765181,16.575139636597083,1.8190035943835363,0.4740950968169484
ASCC_107,297.1882,21.9844,0.847,0.008,7.652,0.359,0.253,0.187,1.463,0.204,108,-1.70302,0.30111,2.96674,0.39483,-0.16713,0.02491,1.34837,0.05922,409,81,0.7962962962962963,0.78835,0.22252,1.30286,3.00649,0.37446,0.00101,194.0,0.3403657251390565,0.11541530637523421,0.6574074074074074,0.2527388147214046,0.10474100638507901,2.217539343375912,0.2829083274111798,14.917878122106565,3.2143250973422584,3.0081046799017863,2.5696687028333427
ASCC_108,298.4716,39.2269,1.157,0.003,8.241,0.071,-0.097,0.033,0.655,0.05,578,-2.09687,0.31721,1.99048,0.21577,-0.10409,0.02325,1.85483,0.05126,935,187,0.5570934256055363,0.59206,0.24218,1.04515,14.36767,0.11909,0.03634,900.0,0.3855285786774294,0.061670232793471974,0.36505190311418684,0.24422143418505,0.038191535201920965,15.671585198727856,0.9876793163859998,635.7463242720779,87.48602764496286,0.2739782845596412,0.0585466676418577
ASCC_11,53.0538,44.8967,0.826,0.005,8.443,0.194,-0.121,0.044,0.975,0.101,343,-2.03576,0.31698,1.91101,0.19597,-0.11307,0.02372,1.70787,0.05321,529,105,0.4927113702623906,0.60459,0.23087,1.26139,7.17919,0.13528,0.11318,512.0,0.5029785689971226,0.026994593772356388,0.35276967930029157,0.3507612439025651,0.025800492269732526,4.0710129080289965,0.3713290902595419,70.40830728639267,11.900648917108173,3.938910352397889,1.88126224189124
ASCC_113,318.0091,38.6407,0.558,0.0,8.493,0.088,0.001,0.025,0.245,0.049,264,-1.07001,0.15283,1.64677,0.16999,-0.17986,0.02541,1.61565,0.02915,413,82,0.4053030303030303,0.54707,0.25176,1.22491,3.84242,0.17394,0.03741,371.0,0.5576396353091405,0.030215920192325465,0.2196969696969697,0.4142963968128335,0.025482481445439947,4.821042530072044,0.3572934124486144,79.20520469653174,11.804849051899414,3.9286765926914855,0.9882102936787724
ASCC_114,324.9969,53.9725,0.9,0.006,8.103,0.089,0.059,0.055,1.208,0.091,202,-1.88272,0.44541,1.77319,0.46454,-0.0781,0.04322,1.70778,0.09636,432,86,0.6831683168316832,0.72418,0.22917,1.63188,3.65671,0.36691,0.0,340.0,0.49302697371969906,0.13624863675457222,0.5495049504950495,0.36584741113533886,0.08101148173500426,2.9057061463490013,0.2865260793784429,33.79901322321326,6.025863895360711,3.750558803258842,1.0187580137938017
ASCC_115,329.2888,51.5256,0.747,0.003,8.308,0.187,0.049,0.063,0.907,0.09,66,-1.99703,0.3183,1.74194,0.21759,-0.03223,0.02622,1.41078,0.06483,140,28,0.5757575757575758,0.54377,0.22284,1.34019,2.9261,0.30138,0.07808,104.0,0.5674981011398618,0.06083519586795918,0.3787878787878788,0.36930338865447154,0.05970985676602366,3.24438038123677,0.4033189437880768,28.23482459597699,5.9742462715574565,7.198050776011547,3.453361904018136
ASCC_12,72.4597,41.8028,1.014,0.012,8.496,0.318,-0.112,0.033,1.009,0.084,176,-2.16489,0.36861,2.08275,0.32005,-0.11315,0.02766,1.45514,0.05542,359,71,0.4431818181818182,0.65416,0.26551,0.9636,6.9973,0.30248,0.00148,254.0,0.4821319989113463,0.03744478466953922,0.32386363636363635,0.3260110582533482,0.03527296007607207,4.360444117660157,0.6306911266615008,54.131269850272666,12.906592786992068,5.788310034075076,4.457369547325067
ASCC_127,347.2824,64.9754,0.332,0.013,7.549,0.107,-0.005,0.044,0.575,0.055,185,-1.55944,0.42522,0.70514,0.31871,-0.2,0.08419,1.35808,0.10481,207,41,0.4432432432432432,0.65524,0.23954,1.04764,3.44143,0.17847,0.33502,267.0,0.5351972217552039,0.03652312636942586,0.2864864864864865,0.37410913060126705,0.03324048163269589,3.101229064452212,0.3666627627210779,44.46584981385906,9.032119581074856,0.7961105940071375,0.2542088969451834
ASCC_128,349.7955,54.3994,0.644,0.001,8.388,0.1,-0.052,0.055,0.681,0.069,124,-1.06111,0.31077,1.41577,0.35114,-0.2,0.05747,1.37322,0.06159,241,48,0.5241935483870968,0.54723,0.2516,1.59254,5.91828,0.54013,0.0,189.0,0.48786028592673863,0.22609161060561447,0.29838709677419356,0.3055950953054249,0.04108922600846468,5.915733329659688,0.7869524426211968,82.99270771239087,18.50823247297336,2.9441509019823986,0.9437489175742132
ASCC_13,78.2872,44.4252,1.08,0.004,8.134,0.053,-0.12,0.05,0.882,0.049,293,-1.6535,0.21898,2.01464,0.25174,-0.1612,0.02454,1.58473,0.04307,576,115,0.6245733788395904,0.66179,0.25884,1.41437,10.89127,0.27317,7e-05,476.0,0.5075209614234311,0.1033390801299043,0.44368600682593856,0.3568440565456206,0.09644874379809584,11.842785247289362,0.8627235395623184,315.5695545705566,46.70609231572554,0.4314245980790751,0.0827601465199765
ASCC_16,81.2316,1.6235,0.342,0.001,7.301,0.072,0.18,0.019,0.038,0.053,481,-1.92132,0.29318,0.73142,0.26905,-0.2,0.04743,1.58897,0.0682,441,88,0.4054054054054054,0.68666,0.2121,1.07665,2.38865,0.12508,0.43509,676.0,0.30796737267940155,0.06828789380108795,0.32224532224532226,0.20408360557422972,0.049893536624678436,2.804166321846322,0.2489039397489681,55.316958947943625,9.203557381966483,0.3615278040708505,0.0849143108156455
ASCC_21,82.1709,3.4393,0.339,0.0,7.011,0.035,-0.118,0.04,0.283,0.065,324,-1.01211,0.33296,0.01289,0.28135,-0.2,0.22471,1.46231,0.15549,367,73,0.2716049382716049,0.67624,0.2231,1.11475,2.08445,0.17204,0.17871,412.0,0.5744788412949701,0.024710402653843375,0.2037037037037037,0.39597685017097606,0.022375064990670313,3.1632762100415426,0.3594238174458627,48.57385287481284,9.585147472441088,0.2111530927749901,0.045008070704776
ASCC_23,94.9038,46.6552,0.604,0.001,8.489,0.084,-0.069,0.046,0.376,0.044,165,-2.48028,0.52298,1.47645,0.29169,-0.09926,0.03635,1.52865,0.08211,248,49,0.5212121212121212,0.60778,0.20757,1.1971,5.59729,0.22107,0.07295,251.0,0.5797795445959639,0.038889902554377576,0.4,0.3673850973650449,0.16448266004216208,2.902844604651536,0.3182950723965058,35.048324875197444,6.724461245052586,8.796962369038159,2.396610207453025
ASCC_29,103.556,-1.6495,0.988,0.011,8.129,0.085,-0.077,0.025,0.245,0.023,83,-1.41007,0.31793,1.81771,0.38568,-0.15249,0.04727,1.29508,0.06739,183,36,0.4096385542168674,0.42954,0.28635,1.19496,2.22426,0.23036,0.19328,117.0,0.5211979821772713,0.053978443836292044,0.1927710843373494,0.30812978867421426,0.04329923806068146,2.3433113185584444,0.3300123402998661,16.531600693755156,3.8522637537921858,8.141137564279232,2.477455469280889
ASCC_30,104.2999,-6.3039,1.054,0.014,8.284,0.061,-0.115,0.066,0.662,0.087,158,-1.41979,0.24605,2.05389,0.30804,-0.12818,0.03204,1.48195,0.05173,325,65,0.4113924050632911,0.62057,0.24829,1.40977,7.19653,0.25831,0.00975,223.0,0.48116372822331677,0.039148265244358,0.2468354430379747,0.3078039846172228,0.034302056171367924,6.735968650014217,1.0846088227001718,98.6818795508954,25.79638112037296,1.9487789831955145,0.578309123297523
ASCC_41,116.5811,0.1407,0.292,0.0,8.0,0.0,-0.036,0.0,0.01,0.0,172,-2.11335,1.39517,0.05369,0.41894,-0.14519,0.15969,1.19448,0.16989,126,25,0.2383720930232558,0.63534,0.22267,1.04543,5.29042,0.29202,0.06808,213.0,0.5183944097235376,0.03248889240338383,0.1744186046511628,0.32125886778715873,0.028934243312418482,2.8366607818373057,0.3924320759362596,41.79643374237283,9.613556686894922,2.3925486230807524,0.5503077596503433
ASCC_67,175.2573,-60.9841,1.878,0.051,7.933,0.054,0.122,0.062,0.826,0.032,379,-1.60191,0.27407,1.99674,0.2166,-0.04045,0.0276,1.89361,0.07108,869,173,0.5593667546174143,0.58768,0.27033,1.21626,5.69254,0.17306,0.01061,591.0,0.40183903273812394,0.08051279286049674,0.32189973614775724,0.2672598298652181,0.0688851888990438,8.894887862150073,0.4426748088807667,199.4169621646131,24.811928378897605,0.4297717886821025,0.0755974045692287
ASCC_71,185.0383,-67.4613,1.236,0.023,8.071,0.045,-0.069,0.079,1.001,0.065,179,-1.65611,0.28705,1.88024,0.23971,-0.08666,0.03114,1.52766,0.0673,432,86,0.4972067039106145,0.53279,0.23116,1.28177,5.43335,0.21352,0.02771,268.0,0.6038320774893288,0.037371171446587845,0.2681564245810056,0.3650697262952975,0.03311133719807071,3.987191733014404,0.5113161165399097,45.00345945017592,9.747150474482426,2.616701000118788,0.6282597169955938
ASCC_77,212.7274,-62.3329,1.079,0.012,8.162,0.074,0.124,0.036,0.824,0.04,225,-1.54661,0.20111,1.9522,0.19803,-0.09789,0.02252,1.70897,0.04153,480,96,0.6666666666666666,0.6184,0.24189,1.39679,3.39075,0.25984,0.00076,375.0,0.3716813467866047,0.06719200422742846,0.44,0.22397142095573055,0.06289317221377144,2.4946626051823886,0.3038087681897896,27.58298585914489,5.744301831771722,5.264519312749857,1.4165709878439117
ASCC_85,251.6975,-45.5185,0.847,0.006,8.267,0.09,0.056,0.036,0.747,0.026,222,-1.3284,0.19297,2.35252,0.33897,-0.17087,0.02854,1.57407,0.0401,383,76,0.4504504504504504,0.5491,0.26671,1.2002,5.24794,0.26672,0.00063,322.0,0.507733083942364,0.03339261679599173,0.2747747747747748,0.37820034867446145,0.029960454260067205,4.803612805806576,0.4223614836268754,73.06903048173665,12.059397333817946,2.53085145209405,0.6704796237532826
ASCC_9,41.6957,57.7834,2.119,0.05,7.265,0.062,-0.106,0.079,2.579,0.031,537,-1.446,0.19806,2.057,0.22399,0.06421,0.0275,2.14026,0.0837,2154,430,0.5735567970204841,0.69543,0.256,1.38876,8.17966,0.33491,0.00033,845.0,0.43910370047358266,0.05537290872145904,0.4264432029795158,0.26116747166844456,0.04557880898665618,10.93287343017632,0.5009955715936779,231.6278746204412,28.07161172907617,0.0794710914860894,0.0148821520478382
ASCC_97,279.2937,-19.1604,0.561,0.003,8.07,0.167,0.075,0.08,1.508,0.065,140,-1.65519,0.34009,1.99606,0.33945,-0.08945,0.03523,1.5119,0.08099,280,56,0.5142857142857142,0.6588,0.20684,1.2071,1.30372,0.25134,0.02373,212.0,0.5602078752160841,0.0422404611689641,0.37857142857142856,0.4325974527090939,0.04099260404031233,1.5738429697796794,0.2396173917891097,11.544968727791884,2.878266366482665,10.176706257429975,4.6637712995299685
Alessi_12,310.8453,23.933,0.534,0.0,8.369,0.114,0.003,0.019,0.272,0.035,369,-1.74628,0.27375,1.47123,0.32272,-0.2,0.03575,1.6195,0.04941,485,97,0.4850948509485094,0.68616,0.22802,1.03225,6.76948,0.10309,0.41607,548.0,0.45440024222164843,0.14655370180391802,0.34146341463414637,0.27959675858139726,0.07353561963489333,5.782299614891967,0.4182933813281036,131.54633437846817,19.41123088781332,1.777956983529737,0.5353923897177396
Alessi_2,71.5109,55.2127,0.602,0.002,8.502,0.034,-0.086,0.022,0.923,0.058,219,-2.05429,0.51569,1.35334,0.20437,-0.08663,0.03947,1.64342,0.0833,317,63,0.547945205479452,0.61736,0.21988,1.14539,7.16951,0.16909,0.12186,339.0,0.6183434418348217,0.033631175555969,0.3789954337899543,0.43004223354818194,0.032782519492489094,4.633883528926556,0.5460516924890514,79.27525501086956,16.07504444326455,4.007396848126429,0.8710602126664347
Alessi_21,107.723,-9.3886,0.557,0.0,8.0,0.0,-0.048,0.0,0.372,0.0,236,-1.67696,0.37049,1.3643,0.45012,-0.2,0.05681,1.52746,0.08254,386,77,0.5338983050847458,0.65148,0.24133,1.14623,3.85042,0.22131,0.02398,362.0,0.48370742141506584,0.1620231556678032,0.4110169491525424,0.29464656548785867,0.08486080749775222,4.047508631033441,0.4889833367680834,61.79855888982394,12.78313950906654,1.618160711130539,0.3347193606140566
Alessi_37,341.9395,46.3409,0.698,0.002,8.417,0.127,-0.009,0.044,0.647,0.061,187,-1.64751,0.27735,1.86685,0.23767,-0.1489,0.028,1.47249,0.05078,309,61,0.5294117647058824,0.60384,0.23877,1.13927,5.79351,0.15367,0.25633,286.0,0.6078906293808031,0.03650030752906017,0.33689839572192515,0.4627088269371669,0.03456357907247205,4.699425983229597,0.5475382137481968,71.66527253014635,14.38429033710397,3.644947213869013,1.2928047601916397
Alessi_6,220.0055,-66.0743,0.859,0.007,8.624,0.093,-0.191,0.044,1.225,0.085,265,-1.45521,0.25521,2.04146,0.19788,-0.09775,0.02365,1.69811,0.0485,598,119,0.5660377358490566,0.62396,0.21866,1.30664,6.74063,0.35045,0.0,415.0,0.6371494599101298,0.03044568423385589,0.44150943396226416,0.4601784614892302,0.030503872546271724,3.355142860591198,0.2562005693093226,41.8099759592028,6.343486846193917,10.062828756347049,2.640905698287836
Alessi_62,284.0491,21.5531,0.607,0.002,8.936,0.014,0.035,0.059,0.864,0.094,157,-1.75713,0.33602,2.1294,0.1862,-0.10389,0.02212,1.54767,0.0464,285,57,0.5414012738853503,0.63907,0.22125,1.12399,2.64559,0.30272,0.0015,242.0,0.5134709454203532,0.23230233422542573,0.4012738853503185,0.34895867282946924,0.13747633304930973,2.394800366771722,0.3117299654600753,23.80865872805742,5.222961088990898,36.24641596252498,8.036852509105891
Alessi_8,232.5152,-51.2035,0.65,0.003,8.32,0.067,-0.051,0.054,0.335,0.046,80,-1.12576,0.40624,1.76437,0.49104,-0.2,0.06244,1.24241,0.0807,163,32,0.525,0.49937,0.23773,1.27588,2.8655,0.37656,0.00631,122.0,0.48440398552117236,0.2511835733084471,0.25,0.27179874456344205,0.04841229182759271,2.739685746611455,0.3964477354019005,22.84161033444473,5.441368585469923,9.146886319584132,2.596005375423199
Alessi_Teutsch_11,304.2059,52.0102,0.638,0.002,8.253,0.13,0.024,0.039,0.257,0.047,137,-1.54694,0.28352,1.32519,0.16617,-0.11956,0.03455,1.44864,0.05898,217,43,0.5109489051094891,0.54755,0.25307,1.46606,3.08545,0.37954,0.00013,207.0,0.4946562538222661,0.25898731628889876,0.29927007299270075,0.32212995082055157,0.03912431025055069,2.085945418558686,0.2797208721988677,19.643977307183853,4.404658293066659,9.115291806921734,3.409151342668351
Alessi_Teutsch_3,118.2504,-52.99,0.684,0.002,8.173,0.17,-0.039,0.02,0.744,0.043,133,-1.79785,0.33525,2.00294,0.4135,-0.2,0.03818,1.29049,0.06,235,47,0.4210526315789473,0.61624,0.28286,1.30663,6.08985,0.26923,0.02904,189.0,0.4645408782898278,0.04281164491111522,0.24812030075187969,0.30105728813769705,0.037452387529090136,3.9492215840378986,0.6594529340959006,45.84256339827522,12.363688166101332,3.248860812541192,1.5443621192478785
Antalova_2,262.4912,-32.5176,1.184,0.03,6.76,0.073,0.019,0.045,1.336,0.118,76,-1.03702,0.27772,1.98288,0.5825,-0.2,0.05724,1.11734,0.1015,161,32,0.618421052631579,0.67685,0.20924,1.09704,1.61058,0.29724,0.21455,123.0,0.5101878686873818,0.21061727045349773,0.4342105263157895,0.32057869079538415,0.15352651179979263,1.370608275750451,0.5540030937423865,8.182025022956822,5.026988078532755,0.7032976991913477,0.447981286067559
BDSB96,106.3591,-12.3197,1.083,0.017,6.685,0.055,0.003,0.088,1.13,0.24,88,-1.34855,0.18232,2.47245,0.47512,-0.19479,0.03008,1.26601,0.05095,181,36,0.5454545454545454,0.74547,0.19682,1.28536,1.14772,0.15152,0.82128,136.0,0.46593734060534064,0.21025181853576388,0.4318181818181818,0.29557991271407036,0.13882007811247088,0.7889226015982812,0.3218232737653838,3.632384876024664,2.251788084826796,1.332932451018198,0.8433777263782077
BH_164,222.1841,-66.3594,0.399,0.007,7.769,0.052,-0.003,0.021,0.422,0.05,377,-1.56942,0.37022,0.58761,0.38287,-0.2,0.08407,1.53209,0.08933,432,86,0.493368700265252,0.57299,0.21439,1.02423,4.32456,0.06277,0.96066,563.0,0.3495342962289831,0.0783118096948231,0.29708222811671087,0.23698073767353908,0.0646978331380016,3.191413299087139,0.285450196853537,58.42367168938546,9.76004334556452,1.0055673249247583,0.2066780787887077
BH_200,252.4797,-44.1808,2.038,0.043,7.416,0.065,0.13,0.028,2.596,0.025,261,-1.5479,0.37883,1.72685,0.31103,0.03562,0.0455,1.86878,0.11607,976,195,0.4789272030651341,0.61987,0.26478,1.2545,2.20769,0.4059,9e-05,386.0,0.43271313246013576,0.13499001601325733,0.29118773946360155,0.2702508113023562,0.1198217122516769,1.8561951901198737,0.1666091162536189,12.706094674217937,2.1301874134073886,2.0511050931228065,0.4609619600145347
BH_205,254.0465,-40.635,1.616,0.031,6.78,0.064,0.148,0.045,1.445,0.038,598,-1.18491,0.12323,2.56314,0.28953,-0.13726,0.0225,1.91893,0.04323,1643,328,0.6086956521739131,0.7536,0.2346,1.13882,2.10006,0.0455,0.89492,962.0,0.4240098602349657,0.06376798595216349,0.45652173913043476,0.28407131675010605,0.05371994883062681,3.127394905474492,0.2036451746958095,45.18771135081192,6.310749354419108,0.1333458960548865,0.0270729810715532
BH_23,123.53,-36.2622,0.432,0.001,7.449,0.423,-0.013,0.034,0.141,0.425,166,-1.48794,0.48532,0.1394,0.44152,-0.2,0.16789,1.22225,0.15773,181,36,0.536144578313253,0.66718,0.22559,1.32364,3.90639,0.33649,0.01966,255.0,0.5541276149300337,0.0387059947925754,0.37349397590361444,0.3920068790783747,0.037544850758497623,2.30882209304455,0.513822426082715,29.463416727979403,10.262678017428971,0.9543702471304588,0.9872035052058972
BH_87,151.1534,-55.3638,2.041,0.084,7.389,0.193,0.027,0.054,1.942,0.046,314,-2.49915,0.27092,2.64531,0.28947,0.01233,0.01871,1.92604,0.05934,909,181,0.5573248407643312,0.74487,0.2396,0.92598,2.71775,0.19596,0.00941,489.0,0.49161813474590726,0.11525387739453823,0.42356687898089174,0.3096172640854105,0.06682844284744444,2.0803416346382866,0.1621791168002783,18.90270299275984,2.903052758101091,1.2956153639946588,0.6091828901976264
BH_90,153.0698,-58.0717,2.384,0.082,7.696,0.292,0.01,0.056,1.979,0.097,243,-2.02665,0.36037,1.63764,0.20488,0.04633,0.031,1.83494,0.10706,594,118,0.6666666666666666,0.664,0.25978,1.13465,1.76166,0.13365,0.45127,405.0,0.49393526104378727,0.1023580060782834,0.4444444444444444,0.3157571422276866,0.08446787151271501,1.5680880392967085,0.1441457046917116,13.143484386958132,2.233562143058357,3.77823952028344,2.620201802863463
BH_92,154.7782,-56.42,2.301,0.05,7.449,0.195,-0.009,0.036,1.897,0.06,73,-1.18355,0.3544,1.55179,0.34701,0.02499,0.06203,1.43735,0.12313,215,43,0.5205479452054794,0.59808,0.28772,1.07144,0.80176,0.375,0.0363,111.0,0.5047678695969434,0.05847113583053416,0.3287671232876712,0.29671738537689046,0.17331486333898782,0.6765392904316514,0.1698244689230128,2.2758242394453707,0.8866201548799106,12.355527204878587,7.344826353396166
Basel_11a,109.3146,-13.9862,1.317,0.027,8.036,0.112,-0.126,0.043,0.582,0.047,145,-1.88476,0.34415,2.0336,0.28379,-0.13203,0.03374,1.34605,0.06998,242,48,0.5310344827586206,0.57756,0.25485,1.35629,2.06367,0.31021,0.00187,222.0,0.5327896240824881,0.041442678391667764,0.32413793103448274,0.3596846111461536,0.038869590338691605,1.611217091230592,0.2005613247768823,13.331695242268918,2.818596472097524,8.14919336119002,2.717554099191613
Basel_11b,89.5399,21.9688,1.66,0.028,8.456,0.045,-0.093,0.049,1.918,0.054,116,-1.80688,0.53805,1.48111,0.27899,-0.01582,0.0503,1.42379,0.12911,412,82,0.6120689655172413,0.56621,0.26824,1.36332,1.88184,0.2729,0.02426,187.0,0.5524840977854543,0.23272695417545144,0.3620689655172414,0.37333652462304856,0.04462246126522514,1.8436622381958936,0.2331835909209018,10.953634983687529,2.346634716457199,26.08805704800781,6.208316479034567
Basel_17,167.6268,-59.082,2.118,0.087,7.913,0.051,0.016,0.064,0.781,0.033,230,-1.82649,0.27998,2.48042,0.3398,-0.09258,0.02677,1.59448,0.06054,798,159,0.5869565217391305,0.66308,0.23385,1.32803,3.6326,0.30528,5e-05,365.0,0.4814103175296866,0.12960390942296754,0.40869565217391307,0.2993078059848446,0.09071337822270571,4.99933049153853,0.4248590762092496,59.39106750591922,9.608655388916103,1.3780940846924798,0.2754982518823018
Basel_18,202.0204,-62.3073,1.722,0.045,7.381,0.046,0.094,0.052,1.154,0.047,117,-1.44976,0.19738,2.10409,0.30076,-0.06571,0.03582,1.47719,0.05353,362,72,0.5982905982905983,0.68921,0.26537,1.32069,2.46778,0.30162,0.00839,187.0,0.47054468270673583,0.16581363073436262,0.41025641025641024,0.3202339737090888,0.12753454146671925,2.3550237091517223,0.4953338468181762,16.870325886525045,5.580677036813842,1.4252023441511514,0.4950325131094628
Berkeley_1,2.4542,60.469,3.541,0.152,8.179,0.475,-0.141,0.045,2.05,0.083,112,-2.14327,0.66169,1.50843,0.2296,0.05669,0.04472,1.61472,0.17761,617,123,0.8303571428571429,0.58797,0.25308,,,,,205.0,0.4808675962064567,0.12685758454487367,0.5089285714285714,0.3320477864166743,0.1279945625951972,1.88813017091362,0.3224659713294997,9.957481081470126,2.73718209665199,15.165282683531853,17.102537016252498
Berkeley_10,54.8992,66.4809,2.093,0.053,8.895,0.02,-0.116,0.055,2.649,0.07,235,-0.9677,0.59563,1.53781,0.20883,0.07311,0.04776,1.81732,0.12747,882,176,0.6468085106382979,0.72911,0.29462,1.1908,3.50343,0.12949,0.58448,387.0,0.5886625745279059,0.17522975878445243,0.4425531914893617,0.4106710363600487,0.15603754374549667,2.4924645200975246,0.2104864203603446,20.840659842372165,3.36051480613424,37.678060126175566,6.31842960434035
Berkeley_11,65.1311,44.9242,2.436,0.147,7.794,0.311,-0.15,0.025,2.75,0.04,150,-1.75295,0.28412,2.00813,0.29483,0.07445,0.02853,1.76069,0.08416,514,102,0.6266666666666667,0.69239,0.23234,2.12512,1.86439,0.49882,0.01841,244.0,0.5022801010348588,0.15056001672767258,0.4866666666666667,0.35242000183291877,0.10580715735784677,1.5840886282272932,0.1936123153749691,9.599188036057992,2.001070176690226,6.482842953295382,4.835094795633866
Berkeley_15,75.4981,44.5009,2.14,0.118,7.468,0.288,-0.138,0.029,2.856,0.071,212,-2.30931,0.44534,1.54577,0.23747,0.10723,0.03239,1.99598,0.13395,544,108,0.5707547169811321,0.6797,0.27264,1.5163,4.23204,0.294,0.04549,333.0,0.45773258093253527,0.11429850466044987,0.4056603773584906,0.31423291708924106,0.10063887494995123,2.2909023164812203,0.2587660021889471,20.73896354924789,4.072459601309824,1.416488169712833,0.9796537600699968
Berkeley_28,103.0329,2.9227,3.585,0.239,8.525,0.084,-0.257,0.053,2.122,0.075,137,-2.55232,0.51826,1.79146,0.17769,0.09913,0.02373,1.88719,0.13099,356,71,0.7518248175182481,0.66125,0.25485,,,0.21573,0.65448,240.0,0.7653343393478675,0.03690432108122883,0.48905109489051096,0.5525277561109655,0.042707639744337805,1.8118922593601472,0.2348618719332903,13.928736587886233,3.0436230362164576,24.048515602567004,7.017822177585618
Berkeley_30,104.4364,3.2298,4.091,0.139,8.642,0.029,-0.199,0.04,1.596,0.027,199,-2.7263,0.64915,1.84791,0.17212,0.09864,0.02554,1.98747,0.16149,909,181,0.6633165829145728,0.63104,0.2631,,,0.59694,0.1559,331.0,0.6387478768361367,0.28240592077659493,0.3969849246231156,0.4613192091359805,0.034683630756275535,2.0120565115329176,0.2056583818720031,13.14237535143431,2.4025421515724137,33.36768932924485,6.494106894753309
Berkeley_37,110.0788,-1.0041,4.396,0.119,8.996,0.018,-0.222,0.034,0.288,0.024,252,-2.52661,0.8171,1.72362,0.21909,0.05071,0.03003,1.86837,0.14262,598,119,0.5119047619047619,0.68015,0.26696,1.38944,4.04979,0.27297,0.00075,381.0,0.723880749253945,0.03148811041954749,0.3373015873015873,0.5238067626412465,0.029782893413851867,3.639059790190847,0.3107759459202061,44.095820912468206,7.1524390092005135,22.46997389751754,3.76178285119109
Berkeley_4,11.2768,64.3894,2.698,0.162,7.109,0.049,-0.134,0.044,2.331,0.051,143,-1.40593,0.28964,1.33632,0.22212,0.13698,0.04695,1.75902,0.13654,645,129,0.5314685314685315,0.62872,0.2672,,,0.50704,0.99301,219.0,0.46745359690018917,0.17646106895456903,0.3706293706293706,0.3182400539152509,0.13405870682275237,2.0388431813746464,0.2503686839926103,11.501859369865238,2.410711219523656,1.117459898102262,0.2659910341753858
Berkeley_47,292.1327,17.3626,2.182,0.126,7.131,0.212,0.175,0.155,3.931,0.047,90,-0.95462,0.25407,0.90883,0.24215,0.2,0.09061,1.66442,0.13592,624,124,0.7666666666666667,0.49513,0.30803,,,,,159.0,0.31142241268742876,0.12989433692594954,0.37777777777777777,0.22009115562304116,0.11293701487044168,1.481639810526312,0.2730554587290498,5.665039917891904,1.664122098731459,2.386695562239597,1.359744879257522
Berkeley_6,27.7981,61.0593,2.448,0.111,7.562,0.318,-0.114,0.029,2.447,0.063,208,-2.15797,0.30397,1.73977,0.21555,0.08947,0.02587,1.93669,0.09462,845,169,0.6730769230769231,0.71364,0.24831,1.05948,1.81415,0.23188,0.17448,348.0,0.5271096556078303,0.12284560131112934,0.5288461538461539,0.3462926661412161,0.07836782132197401,2.216322118163755,0.3529748753549925,16.39979878708161,4.2471849320493735,2.2241367205854417,1.7274236916591112
Berkeley_60,4.4425,60.9344,3.06,0.106,8.583,0.084,-0.179,0.02,2.647,0.039,144,-1.60983,0.87993,1.25753,0.19353,0.18537,0.05317,1.87976,0.28546,493,98,0.6388888888888888,0.60848,0.27008,,,0.82394,0.06818,236.0,0.6774529974979027,0.040026889967107834,0.3958333333333333,0.4900120176363066,0.040752411785782997,1.71970369441891,0.1318207947740238,10.801847578102889,1.6417039264828766,35.44067258390788,8.717916665244436
Berkeley_61,12.0361,67.1993,2.718,0.085,7.926,0.307,-0.115,0.017,2.54,0.031,80,-1.89463,0.66187,1.46446,0.25839,0.08576,0.04876,1.64252,0.18082,364,72,0.7,0.62108,0.28431,,,,,136.0,0.4932142343327416,0.15816459780873846,0.4375,0.3148326432088684,0.15164751481643216,0.9132869530947852,0.1920601950570119,3.190360336026194,1.0546828100063923,26.4338403484136,20.62829777054124
Berkeley_62,15.322,63.9134,2.629,0.078,7.274,0.038,-0.127,0.042,2.502,0.025,473,-1.83384,0.2227,1.99714,0.24356,0.05184,0.02549,2.05227,0.07184,1895,379,0.638477801268499,0.73517,0.23359,1.03952,6.6623,0.11752,0.90293,775.0,0.42272732884184827,0.06725900253784338,0.5200845665961945,0.25096345595120423,0.06111132141297874,6.761125214318697,0.6776333654723973,111.80952125566373,20.188148511561565,0.1680820019348818,0.0337243363929637
Berkeley_69,81.0867,32.6046,2.857,0.375,8.987,0.087,-0.212,0.11,2.102,0.116,160,-2.53264,0.84569,1.48647,0.17592,0.12441,0.02662,1.97467,0.17876,508,101,0.71875,0.6708,0.28286,0.65775,1.24373,0.10211,0.97505,275.0,0.7281591571567171,0.03554472864399164,0.43125,0.5282537857977191,0.03915302011818501,1.7928307723990815,0.1411885040970091,12.769480725303918,1.971483892373524,76.00230488012984,19.222187948684184
Berkeley_7,28.5574,62.3663,2.433,0.057,7.576,0.04,-0.058,0.039,2.204,0.033,180,-1.99416,0.35926,1.83918,0.24182,0.05278,0.02972,1.83998,0.10441,472,94,0.6944444444444444,0.67182,0.26234,1.46035,2.20562,0.30827,0.01713,305.0,0.5348834767253616,0.13875591628410253,0.4888888888888889,0.32977312933249325,0.10171601015344807,2.3208532328435694,0.3610002231164421,21.17391425127782,5.371393736461961,1.779093815689628,0.480145956504356
Berkeley_77,110.3601,-3.2359,3.753,0.113,8.884,0.039,-0.175,0.05,0.565,0.05,124,-2.40132,0.69992,2.52337,0.33097,0.01652,0.02732,1.62113,0.11884,306,61,0.4516129032258064,0.69181,0.25332,1.42212,2.55914,0.31373,0.01161,180.0,0.6766226058289231,0.044690574966685555,0.3225806451612903,0.48288939139232084,0.04197948544005059,2.028562689131841,0.2502585962486638,14.246060723678523,2.99434039202298,53.74093384557536,12.283403499955767
Berkeley_8,30.3064,75.4811,3.013,0.101,9.527,0.074,-0.175,0.083,2.209,0.1,427,-0.70717,1.43964,1.91695,0.20662,0.01339,0.04307,1.88357,0.10804,1073,214,0.8313817330210773,0.76512,0.25955,0.95756,3.0243,0.08075,0.61944,782.0,0.5488464245488943,0.05551601578451235,0.5925058548009368,0.389892116133161,0.0635685854939658,2.801168859568043,0.1572274839993047,39.919845763071926,5.209924782771878,84.29681100791778,18.09260958879612
Berkeley_81,285.4188,-0.4524,3.096,0.188,8.898,0.058,0.139,0.035,3.15,0.067,341,-2.39233,0.90008,1.4587,0.16056,0.19389,0.02816,2.28795,0.24433,1972,394,0.7917888563049853,0.73394,0.29869,,,,,611.0,0.4769472821704827,0.08897379111002547,0.5190615835777126,0.3266248582344402,0.06266078714846729,2.788523231094955,0.2653042405537943,23.877367010618126,4.159496690065744,33.11414644873592,7.2686940379051395
Berkeley_86,305.0847,38.7073,1.637,0.065,6.869,0.082,-0.051,0.063,2.689,0.033,131,-1.14791,0.15685,2.40944,0.49967,-0.00455,0.04096,1.60353,0.06157,585,117,0.7022900763358778,0.77119,0.20521,1.08802,1.56397,0.10696,0.88057,223.0,0.49219627158584056,0.14009230871285402,0.5343511450381679,0.3095345399567144,0.1010363581024448,2.124839109746224,0.2859406609034665,13.03137226472941,2.935553245166105,0.5675574759383141,0.1668230007982844
Berkeley_87,305.3654,37.452,1.665,0.051,6.915,0.05,0.051,0.07,3.971,0.068,259,-1.045,0.18377,1.65649,0.25971,0.15881,0.04677,2.06517,0.10792,1779,355,0.6988416988416989,0.60774,0.25049,,,,,440.0,0.4651955493125733,0.08691483284330445,0.4826254826254826,0.2872689899593187,0.0743603497580058,3.307207213435765,0.3627981113665524,24.867453210287813,4.785379898854631,0.3306501244795363,0.0741468827306913
Berkeley_94,335.7097,55.8499,3.742,0.284,7.11,0.103,-0.117,0.077,1.982,0.049,95,-1.10759,0.36577,1.45727,0.36526,0.12612,0.10645,1.65209,0.20729,572,114,0.6,0.69841,0.26685,,,,,152.0,0.46893410595662094,0.1721211079137991,0.4631578947368421,0.31764205145999536,0.13365292158977457,2.122840640516064,0.2929684915405372,9.807092991613548,2.253157240430317,1.3135896160001446,0.4337469157300181
Berkeley_96,337.4765,55.3975,3.327,0.376,7.183,0.25,-0.087,0.066,1.878,0.065,89,-1.58953,0.26174,1.78953,0.25695,0.15685,0.034,1.73412,0.11794,424,84,0.6404494382022472,0.6533,0.24225,,,,,146.0,0.5585083580278959,0.22667197126143543,0.43820224719101125,0.3569936194355349,0.1600254794285867,1.0757021830744982,0.2624064964452007,3.985710901010617,1.5109053508917385,3.823791518373427,2.635562473360231
Berkeley_97,339.8527,59.0013,2.601,0.124,7.176,0.168,-0.095,0.026,2.614,0.042,111,-1.70858,0.24101,1.74593,0.21252,0.08837,0.0295,1.66986,0.08705,514,102,0.6486486486486487,0.63724,0.25029,,,,,183.0,0.5248762463191472,0.17876229531300497,0.42342342342342343,0.3533217013267547,0.15338427264384344,1.5677424517228045,0.4019765466121094,7.563218473641845,3.00410767868905,1.9828659461958464,1.0993884478995952
Bica_2,308.3173,41.3065,1.588,0.039,6.673,0.045,0.059,0.094,4.486,0.19,220,-0.87171,0.16411,1.76884,0.30475,0.2,0.04978,2.05981,0.11845,2150,430,0.8545454545454545,0.66694,0.22994,,,,,408.0,0.46564396831603,0.09967346672985447,0.6136363636363636,0.28826896878044617,0.08794064852735034,1.558785969834501,0.157108825500247,6.887857925612658,1.2485190405535906,0.6837790957412361,0.1427656332207823
Biurakan_2,302.3034,35.5033,1.727,0.047,6.907,0.029,0.027,0.061,1.42,0.033,166,-1.5788,0.22044,1.73501,0.29202,-0.00704,0.03576,1.74837,0.08328,627,125,0.7409638554216867,0.66825,0.23242,1.23663,3.46039,0.15697,0.24838,289.0,0.5194646701073216,0.12057689341412132,0.5481927710843374,0.35268771709411517,0.10117820179076288,3.496804639338164,0.4839399348534478,32.55897934488757,7.497824029279514,0.2479300784272252,0.0594462643070503
Blanco_1,31.7171,-30.0469,0.234,0.0,8.0,0.0,-0.024,0.0,0.01,0.0,569,-2.08456,0.80859,0.01,0.35726,-0.2,0.12344,1.43325,0.13094,338,67,0.2302284710017574,0.66127,0.23038,1.00784,16.46284,0.13353,0.35616,700.0,0.35696083113188615,0.017648357941606414,0.1634446397188049,0.23660110881037946,0.01550160088484287,3.475441647497074,0.3629383961038697,89.71864012153365,16.6308115795973,1.1145955830866263,0.2066084495335104
Bochum_3,105.8574,-5.0235,2.165,0.038,8.402,0.266,-0.099,0.033,0.735,0.078,99,-1.7499,0.50273,1.58597,0.26301,-0.00076,0.04153,1.53268,0.11564,300,60,0.5656565656565656,0.57139,0.2437,1.24821,1.9141,0.34237,0.00541,155.0,0.5084401631236908,0.2316818622369606,0.3434343434343434,0.3078303645394783,0.16716144260995877,1.5077141937031968,0.2746741185208943,8.226340674354107,2.393791796780538,30.67561717140656,20.80107502670424
Bochum_4,112.8831,-17.2122,1.263,0.021,8.244,0.224,-0.08,0.049,0.751,0.064,59,-2.14587,0.55939,1.73572,0.32322,-0.03904,0.04679,1.25809,0.0927,93,18,0.4915254237288136,0.45693,0.16492,1.37208,2.35874,0.3053,0.10004,88.0,0.49180787575652357,0.06508510485393613,0.15254237288135594,0.2646240962536761,0.046808878876185935,2.9278506370724857,0.3578867456943934,26.30829335239996,5.454360675249905,6.666644918195591,3.705908679376968
COIN-Gaia_1,11.9748,66.7863,0.631,0.004,8.296,0.131,0.004,0.097,1.671,0.122,125,-1.60944,0.29456,1.79451,0.28428,-0.12276,0.03333,1.45445,0.05202,266,53,0.568,0.66095,0.24108,1.12402,4.26959,0.18,0.26375,196.0,0.45673190397004504,0.157772679206509,0.416,0.2860731561700224,0.09925481840192947,3.1081257092458303,0.3300948702424735,30.938601693854512,5.813105253605916,6.389977348279943,2.270818052671454
COIN-Gaia_10,68.3291,40.6105,0.994,0.017,8.168,0.231,-0.082,0.073,1.514,0.172,69,-2.34689,0.28766,2.4028,0.32881,-0.08696,0.02026,1.22143,0.04601,200,40,0.6666666666666666,0.63284,0.17562,1.35231,5.16633,0.25045,0.2161,115.0,0.46779761096087724,0.1865682797995822,0.5507246376811594,0.258403550820765,0.12565580772048296,2.8569005061607315,0.6223978190104607,21.01776447837968,7.182710383069573,7.005086121063153,4.428766193162565
COIN-Gaia_11,68.0583,39.5164,0.638,0.005,8.753,0.078,-0.001,0.053,1.876,0.053,131,-1.39526,0.44036,1.72419,0.26095,0.01986,0.03695,1.71912,0.09792,332,66,0.6870229007633588,0.67714,0.21103,1.40244,4.16753,0.22839,0.07321,221.0,0.5026061351169361,0.15234804210331546,0.5419847328244275,0.3176081588846058,0.10219095800734833,2.901922717564775,0.4089010086635256,27.41563090080357,6.403360329356359,20.65388504415765,6.08535951168542
COIN-Gaia_12,79.1834,41.7377,0.923,0.007,8.767,0.041,-0.081,0.039,0.516,0.069,132,-1.72536,0.58846,1.64735,0.31092,-0.11233,0.04922,1.36055,0.09508,229,45,0.4166666666666667,0.49465,0.25284,1.30761,6.92534,0.32776,0.00189,187.0,0.513906243498271,0.0429107208787031,0.20454545454545456,0.3357699992208311,0.03510877162802981,4.871919201470832,0.5295515159929527,63.11276484290964,12.01405613682082,9.265797269380409,1.968821206039045
COIN-Gaia_13,83.1834,42.0756,0.5,0.001,8.215,0.134,-0.092,0.041,0.393,0.065,285,-1.66123,0.4537,1.27654,0.30255,-0.2,0.04985,1.57566,0.06599,378,75,0.6035087719298246,0.60854,0.2224,1.00969,8.94885,0.1033,0.66203,457.0,0.5501433289518941,0.14401138404558644,0.41754385964912283,0.3798087983752796,0.124737053899776,8.673642172868067,0.5713352953721421,236.25147559021292,33.07892960033428,0.6944251963298648,0.2352916038096023
COIN-Gaia_15,76.1054,35.8234,1.139,0.017,7.986,0.09,-0.012,0.04,1.628,0.055,212,-2.3462,0.51215,1.64557,0.24101,-0.07486,0.0339,1.5698,0.0857,402,80,0.5990566037735849,0.56905,0.26655,1.16935,4.17244,0.227,0.00788,339.0,0.5599858278675028,0.19961086934743846,0.3443396226415094,0.4257406992524482,0.03263360397069401,2.6202825779682213,0.270886040498081,29.933587914665875,5.515231517831876,3.234753745597078,0.8969841052507513
COIN-Gaia_17,81.2386,37.5253,1.057,0.012,8.125,0.194,-0.142,0.04,1.438,0.06,135,-1.72033,0.36394,1.644,0.26219,-0.07225,0.03611,1.48739,0.06797,264,52,0.5777777777777777,0.56747,0.23176,1.50557,3.6368,0.31308,0.00201,213.0,0.5426326885198524,0.2479226235915615,0.37037037037037035,0.3719774052776129,0.04156174871753941,2.4053422525016828,0.3422167486054011,22.54637625564528,5.299275101693858,5.914571002643629,2.9854555945122603
COIN-Gaia_18,78.4167,35.5141,0.987,0.011,8.275,0.101,-0.093,0.045,1.147,0.08,117,-1.75843,0.39664,2.18469,0.40996,-0.1557,0.03736,1.30373,0.07378,251,50,0.4615384615384615,0.60686,0.23614,1.22702,6.39801,0.32904,0.00398,171.0,0.5214928821533261,0.04608805303963678,0.3162393162393162,0.3358451746798553,0.04298996216608101,4.397901060969792,0.5393511709450006,48.28009238550171,10.099755505954745,3.9015026616963415,1.2204003299540025
COIN-Gaia_19,82.1534,34.3159,1.195,0.016,8.506,0.229,-0.037,0.05,0.956,0.073,121,-2.18168,0.50885,1.39699,0.21304,0.01037,0.03321,1.60428,0.09637,261,52,0.4958677685950413,0.4575,0.25423,1.32095,5.57777,0.16252,0.35627,181.0,0.4875534675654891,0.045452993124730806,0.2396694214876033,0.2684453387642387,0.03880742770892549,3.4452636356035464,0.4536970942790175,34.28705001008257,7.585263461132573,9.35125455109909,5.347239750629663
COIN-Gaia_20,78.6865,31.6605,1.024,0.007,8.254,0.091,-0.128,0.051,1.081,0.081,99,-1.46291,0.34948,1.53854,0.35123,-0.0671,0.04965,1.44569,0.07473,220,44,0.494949494949495,0.62326,0.2802,1.42196,5.05105,0.31818,0.01106,148.0,0.6051065493386987,0.050249327087180905,0.3434343434343434,0.4104040797929825,0.047724715150576705,3.5533653996722814,1.032081426357684,33.562757015198144,15.00278051529761,5.347396300070998,2.63990343138425
COIN-Gaia_21,84.7696,28.392,1.34,0.035,7.238,0.048,-0.029,0.053,1.502,0.038,67,-1.91279,0.37536,1.19995,0.2308,0.06496,0.047,1.58693,0.14224,199,39,0.6268656716417911,0.48856,0.25133,1.38854,3.11702,0.29574,0.13624,109.0,0.4613986761935243,0.19551793648290328,0.29850746268656714,0.2408055583013318,0.1500500033580316,1.6667126386466855,0.5075049192323928,9.025540457974197,4.216146038001773,1.9165792533640296,0.9200193337289314
COIN-Gaia_22,91.0417,31.6005,1.767,0.042,8.322,0.104,-0.067,0.065,1.284,0.052,139,-2.44703,0.66421,1.7033,0.28097,0.00299,0.0379,1.62562,0.13368,297,59,0.4532374100719424,0.57812,0.25362,1.51904,4.45722,0.24519,0.02816,202.0,0.5511319465500201,0.04222356226032126,0.30935251798561153,0.3600301001249961,0.03920555840800207,2.4077372796522862,0.349835630472987,20.433013977285043,4.893936828508368,10.272297008933034,3.4791251126802707
COIN-Gaia_23,87.4963,27.0675,0.91,0.003,8.329,0.239,-0.068,0.031,0.737,0.057,110,-1.59706,0.57781,1.2278,0.39027,-0.06594,0.07055,1.50856,0.13527,245,49,0.5727272727272728,0.63098,0.25113,0.9917,5.53764,0.14021,0.57856,173.0,0.4833687610465726,0.19069161331829038,0.41818181818181815,0.2947775414554966,0.12099787320159307,4.122150116434666,0.8043976388101259,44.73999271405804,13.839014408888715,4.767646983716074,3.009775686437841
COIN-Gaia_24,90.6866,23.2227,0.953,0.012,8.252,0.154,-0.082,0.029,1.107,0.044,100,-2.01152,0.37897,1.42793,0.17045,-0.00206,0.02809,1.51799,0.07347,185,37,0.58,0.48932,0.24922,1.0088,3.81932,0.18788,0.29243,158.0,0.49185820840077715,0.1967836487109638,0.28,0.288979926647561,0.0448998886412873,3.234389709205828,0.2780096116493907,33.396754624846245,5.449231676757352,5.349284967716465,2.08802487322287
COIN-Gaia_25,91.6047,20.2248,0.787,0.005,8.791,0.049,-0.046,0.047,0.66,0.083,175,-1.62819,0.41977,2.02847,0.29714,-0.09434,0.03385,1.55197,0.06898,311,62,0.4514285714285714,0.63593,0.23492,1.28251,5.26058,0.22775,0.0223,254.0,0.49410734988932226,0.03761768705022607,0.3314285714285714,0.2944942478893346,0.12863446668690734,4.864050912852447,0.3105657936239383,68.5198376971043,9.471716404993249,9.019525161025513,1.6093794004821524
COIN-Gaia_26,83.7951,15.7051,1.309,0.014,8.148,0.089,-0.025,0.041,1.746,0.026,134,-2.03868,0.40051,1.76793,0.29748,-0.00343,0.03354,1.58118,0.09587,352,70,0.4029850746268656,0.5534,0.24522,1.41305,4.07562,0.14927,0.41237,188.0,0.48583022953680505,0.04237255732006422,0.2462686567164179,0.3221490417845132,0.037218636544547705,2.1628527534795814,0.3983267554711883,15.119369943649776,4.439055131526374,9.29964363178018,3.3297089311473727
COIN-Gaia_27,85.8209,13.7803,1.057,0.019,8.618,0.219,-0.154,0.072,1.758,0.128,125,-2.54156,0.60082,1.66967,0.25172,0.01452,0.03197,1.71153,0.11955,265,53,0.624,0.65473,0.21644,1.51957,6.40259,0.27829,0.01313,203.0,0.6073890969798185,0.3149540790909049,0.464,0.4302732343610825,0.20116012392121854,3.634312629144173,0.6683276213703875,40.268377076183405,11.8150537798934,10.30471235156349,6.011918271032881
COIN-Gaia_28,96.3387,11.1451,1.49,0.03,7.953,0.126,-0.105,0.019,1.071,0.053,232,-2.15415,0.28661,2.15237,0.25374,-0.08185,0.02182,1.56356,0.05402,388,77,0.3836206896551724,0.62233,0.25717,1.18463,5.58259,0.24418,0.00193,321.0,0.48525706533111934,0.03192501020195759,0.25,0.3416896584226151,0.028428676634208876,3.766446568787579,0.4940625353635478,50.27937774709561,11.079876167274364,1.784884449077314,0.6502816951307919
COIN-Gaia_3,18.7223,60.4804,1.151,0.03,8.022,0.205,0.251,0.124,1.97,0.126,120,-2.20322,0.40824,2.15412,0.38049,-0.00599,0.03053,1.62794,0.08735,350,70,0.6416666666666667,0.73969,0.22771,1.47277,2.35497,0.22857,0.08069,197.0,0.3397939419014842,0.1093259149117733,0.5083333333333333,0.25239488032304697,0.10043425249422668,1.688087058808669,0.2354455311447968,10.838161561666476,2.5131852190803063,9.706091460602604,5.104536624577952
COIN-Gaia_30,21.0314,70.5697,0.712,0.004,8.254,0.095,-0.072,0.076,1.683,0.168,113,-1.95107,0.23634,2.03359,0.2098,-0.09577,0.01978,1.44474,0.03929,211,42,0.7256637168141593,0.65177,0.20891,1.39134,2.93855,0.11335,0.83723,195.0,0.5260779325373144,0.15307301950620505,0.5486725663716814,0.3317661705070297,0.1262846819109264,2.035185150347952,0.2190002130102095,18.33354425579659,3.476554277913705,9.789343521316544,2.83398415149187
COIN-Gaia_32,28.2086,63.0391,1.209,0.018,8.211,0.181,-0.121,0.104,1.674,0.08,33,-1.55519,0.50854,1.77451,0.51736,-0.05117,0.05595,1.19559,0.10995,114,22,0.6666666666666666,0.73023,0.20891,1.52712,3.21656,0.61905,0.00289,55.0,0.5818561850954256,0.34324433484133915,0.6060606060606061,0.3757864981414146,0.22567354116020527,2.161973786352317,0.5029287550938084,10.856419718074644,3.930379961360206,14.973156878267522,8.265985843154109
COIN-Gaia_34,31.2625,61.7738,0.969,0.059,7.877,0.618,0.029,0.118,1.938,0.207,28,-2.30543,0.54962,2.02636,0.5213,-0.08499,0.039,0.96022,0.09448,79,15,0.7142857142857143,0.65369,0.19916,0.98994,1.78406,0.3,0.60742,48.0,0.5526450432317683,0.31379565224882,0.5714285714285714,0.3501108665585794,0.23274525921086167,3.572790891692521,0.7063417560603246,25.29300827627052,7.875640457044501,2.9785130954173726,4.338700216376579
COIN-Gaia_35,33.4909,60.0375,2.423,0.08,7.745,0.513,-0.099,0.046,2.826,0.073,87,-1.63054,0.29214,2.34701,0.42349,0.04082,0.0316,1.53065,0.09137,454,90,0.7701149425287356,0.77883,0.21194,,,,,154.0,0.5591049741587168,0.18415591695798816,0.6436781609195402,0.3560757878513322,0.14297465606713067,2.2028648855641886,0.5613429527521815,11.752041082092529,4.640627649140883,4.730278369410033,5.891474273693161
COIN-Gaia_37,44.9544,58.4316,0.966,0.012,8.037,0.062,0.046,0.064,1.962,0.053,54,-1.9023,0.45844,2.0016,0.51093,-0.0096,0.04066,1.38256,0.11449,150,30,0.7037037037037037,0.7761,0.21794,0.88354,5.24077,0.27778,0.29844,92.0,0.5565287275177901,0.25053558764925654,0.5740740740740741,0.3618053032684442,0.1834663375601395,10.07535916499469,0.9215723152644666,136.54426308705573,23.182128860606365,0.7974923799172527,0.1769011020279348
COIN-Gaia_7,33.7099,58.4479,1.349,0.033,8.031,0.069,0.002,0.067,1.718,0.126,116,-2.72218,0.60229,1.47558,0.30088,-0.00711,0.03571,1.49536,0.11302,254,50,0.5086206896551724,0.64622,0.25338,1.25411,4.50555,0.34286,0.00151,175.0,0.45980043610313126,0.2086761431198307,0.33620689655172414,0.28448210878854935,0.13284697072341037,3.578834285991,0.5364063361963375,35.85949205047042,8.80082525271889,2.994993378126105,0.8756240845154233
COIN-Gaia_9,47.7383,47.9713,0.848,0.007,8.274,0.195,0.0,0.042,1.222,0.053,77,-1.93901,0.58437,1.59467,0.43241,-0.10021,0.04819,1.19716,0.08212,162,32,0.4675324675324675,0.6325,0.25042,0.69086,5.37712,0.15306,0.74232,113.0,0.5598804181204189,0.05686003084991121,0.37662337662337664,0.3395508557826791,0.1962174342683789,3.960696251286601,0.5805358008123689,37.62997459064306,9.069806565237014,4.994201663028944,2.545075075347542
Collinder_115,101.6642,1.7718,1.852,0.06,8.149,0.109,-0.088,0.055,1.153,0.056,406,-2.23975,0.34257,2.20562,0.22917,-0.04953,0.02197,1.87564,0.06413,824,164,0.5935960591133005,0.63038,0.23341,1.28582,4.14297,0.19331,0.00092,647.0,0.41081919000089984,0.07615937698166601,0.3891625615763547,0.27950978438755913,0.06315601188265747,3.037279463646657,0.2880968236325624,44.00549600966825,7.640607626248522,3.2025290616250377,0.9773681246785038
Collinder_140,110.9439,-31.9954,0.378,0.01,7.62,0.042,-0.005,0.028,0.194,0.055,276,-1.32664,0.33027,0.48668,0.46019,-0.2,0.1112,1.50958,0.08434,308,61,0.3369565217391304,0.61132,0.24373,1.22836,5.84487,0.24174,0.01011,369.0,0.6707476593071909,0.028451383922212303,0.21014492753623187,0.535767108982926,0.02452328359511258,3.884731833882899,0.5527195962942884,66.05500631519732,15.541078446946694,0.6310943056778213,0.160534787044673
Collinder_185,125.8276,-36.3682,1.442,0.026,8.036,0.061,-0.031,0.052,0.757,0.056,93,-1.43598,0.38747,1.97545,0.35947,-0.07258,0.0418,1.42021,0.09156,245,49,0.5161290322580645,0.54307,0.25624,1.4559,3.25442,0.28711,0.03384,141.0,0.4415199895020177,0.1993565642510412,0.3010752688172043,0.2553772771006363,0.13587557154069235,2.667587776747127,0.4420578138072774,19.945677352850616,5.344096886617193,5.446922681027895,1.6477839855729797
Collinder_205,135.0655,-48.9915,1.65,0.057,6.788,0.05,0.024,0.07,2.561,0.094,87,-1.23692,0.19322,1.55575,0.27767,0.08904,0.04414,1.62848,0.08378,355,71,0.7241379310344828,0.74714,0.25106,,,0.33254,0.18853,150.0,0.4835137039526868,0.15295391300609051,0.5517241379310345,0.2820026019796039,0.11819661866204331,1.3826632962367988,0.2125999166798265,6.4784787889984,1.6286078038604943,0.947385991611288,0.2619489882258935
Collinder_258,186.7349,-60.7609,1.21,0.009,8.168,0.028,-0.039,0.03,0.793,0.068,184,-1.79773,0.32172,1.75295,0.25112,-0.0837,0.03294,1.52967,0.07194,405,81,0.5271739130434783,0.5128,0.23059,1.36548,2.92547,0.27455,0.00172,281.0,0.4699884671330289,0.15747020615620608,0.2826086956521739,0.3038871027012637,0.03319417680678597,2.254294511543152,0.2532628840315863,20.510139817200542,4.019102144690724,7.178461558794359,1.4808484254392529
Collinder_269,201.0238,-66.2034,1.617,0.024,8.585,0.057,0.013,0.07,0.998,0.046,168,-1.69654,0.59239,1.89667,0.34964,-0.04175,0.04697,1.662,0.1205,477,95,0.5178571428571429,0.58019,0.26814,1.34321,5.05799,0.32903,0.00017,255.0,0.5368255325790093,0.03855122770333524,0.3273809523809524,0.3756673023593402,0.03620400730903551,3.83655860948666,0.5355878211827324,38.876777384788895,9.014498842500064,9.89258390012109,2.635797985021099
Collinder_272,202.5846,-61.3193,2.038,0.028,7.47,0.044,0.13,0.038,1.54,0.044,527,-1.68804,0.23643,1.88045,0.18883,0.03195,0.02564,2.08532,0.07851,1316,263,0.5635673624288425,0.604,0.26098,1.33303,4.88662,0.20826,0.00047,824.0,0.44643449053456574,0.07394010272688854,0.36622390891840606,0.3108987630556419,0.06590383565692384,4.920659603263362,0.379988657532683,87.6336174467819,13.406075888064022,0.3367667925449492,0.0617918464811502
Collinder_277,207.0576,-66.0546,1.568,0.027,8.942,0.031,0.026,0.042,0.952,0.063,348,-0.80641,0.41476,2.20435,0.30909,-0.09127,0.04232,1.81414,0.06927,874,174,0.6235632183908046,0.63125,0.25044,1.50321,5.14567,0.2804,0.0,565.0,0.5090549757960707,0.09508210816437129,0.4109195402298851,0.33055583386224474,0.0828748858912061,3.3441771747879807,0.227038836891219,44.18655991147908,6.292402800450373,19.80203430591408,3.15433475483018
Collinder_292,237.421,-57.6019,1.747,0.023,7.941,0.158,0.185,0.051,1.574,0.046,322,-1.95961,0.26264,1.94886,0.25913,-0.00468,0.0257,1.80556,0.06236,828,165,0.5,0.59917,0.25877,1.38466,4.8713,0.35885,0.0,483.0,0.3606435379186907,0.07996341360602328,0.3167701863354037,0.2573399255814185,0.07845057266649628,4.720439478194086,0.359565042733571,67.02210141700188,10.160545763128717,1.3025126785515255,0.5133604220953787
Collinder_307,248.7919,-50.9987,1.704,0.033,8.151,0.248,0.171,0.025,2.588,0.015,244,-1.9404,0.53368,1.59509,0.22921,0.05175,0.04158,1.87877,0.15125,713,142,0.6188524590163934,0.6646,0.28178,1.17286,1.60501,0.28727,0.00395,395.0,0.34009095835808784,0.08795579969711025,0.38934426229508196,0.23975147021265317,0.06833291861732833,1.946171282638799,0.1344084554332362,16.25759974410209,2.3361130236779752,8.70850434407269,5.127939702899995
Collinder_338,264.4948,-37.6593,0.642,0.001,8.3,0.112,0.066,0.055,0.713,0.063,86,-2.30987,0.79176,1.34949,0.31639,0.01934,0.05329,1.55616,0.18493,144,28,0.4767441860465116,0.52928,0.20744,1.30207,2.59586,0.375,0.00345,127.0,0.6012808525894063,0.053858035516872994,0.23255813953488372,0.4471887779709555,0.04555533962409835,2.365921297198322,0.432403084957172,20.09410147852409,5.844843273678789,9.929592109910226,3.859974246254539
Collinder_394,283.078,-20.2138,0.705,0.002,8.081,0.091,0.055,0.049,0.888,0.049,314,-1.60288,0.2019,1.68142,0.21191,-0.07837,0.02612,1.75285,0.04522,545,109,0.5063694267515924,0.54585,0.22942,1.17653,1.86525,0.19582,0.00439,473.0,0.47454529105747806,0.1657774891877707,0.3089171974522293,0.3498792354345881,0.026074816569665198,2.476411000945366,0.1560709839532575,30.86306086854465,4.247096630061416,3.9044602397163977,0.9787805504054456
Collinder_419,304.5338,40.7435,0.989,0.012,6.693,0.049,-0.044,0.08,1.236,0.079,71,-1.05411,0.21433,1.24702,0.58809,-0.15018,0.09527,1.21829,0.07176,155,31,0.3943661971830985,0.70843,0.24418,1.14595,0.84591,0.18297,0.59446,99.0,0.4597920711487997,0.05799969641766591,0.29577464788732394,0.24521755831977593,0.1482225124288123,0.7623954906410936,0.2016496296936858,2.948736081158403,1.20647763878128,1.6724921809929951,0.7098428233173472
Collinder_421,305.8643,41.7002,1.148,0.018,7.853,0.341,0.051,0.075,2.445,0.06,251,-1.58981,0.18649,2.43333,0.29904,-0.04709,0.02325,1.80223,0.04625,626,125,0.6414342629482072,0.77967,0.22138,1.14249,2.40378,0.31142,1e-05,412.0,0.48961438945826874,0.1278147162245024,0.5258964143426295,0.3409158988283737,0.08942666164161812,2.6002633895921154,0.1987119720552436,27.718438304737543,4.213575790957254,2.571764766432316,2.056797884803536
Collinder_74,87.1598,7.3768,2.261,0.164,9.222,0.185,-0.1,0.052,1.47,0.229,159,-2.53735,1.12456,2.01469,0.26722,0.0439,0.03087,1.80255,0.16479,662,132,0.6037735849056604,0.78993,0.27691,1.1137,3.00977,0.31052,0.00119,255.0,0.5751806438943619,0.25817118341934503,0.4591194968553459,0.4087630294067427,0.1558846406513342,2.6949391739406456,0.3043730878944246,19.42813658262202,3.819033632744205,85.81611548080075,40.26030244769376
Collinder_95,97.8024,9.9005,0.649,0.002,6.856,0.106,-0.111,0.058,0.911,0.581,241,-1.09556,0.29867,0.82388,0.45107,-0.2,0.09842,1.49315,0.11203,379,75,0.4605809128630705,0.79807,0.21089,1.0176,1.8657,0.12012,0.7817,352.0,0.4423977352100263,0.19733655265316905,0.37344398340248963,0.3142182750607676,0.10431911095982076,2.2895791450842284,0.358266218423546,25.947196933727835,6.609221130396131,0.2766365450205245,0.0975917296375396
Czernik_1,1.9082,61.4812,2.693,0.062,7.227,0.173,-0.079,0.044,2.394,0.016,45,-1.62676,0.53733,1.43892,0.28724,0.12988,0.05933,1.43142,0.20227,201,40,0.5111111111111111,0.45864,0.23205,,,,,68.0,0.4899141075466452,0.0745171931256847,0.17777777777777778,0.26109704116749666,0.05699373055310028,0.8585665891630447,0.1804594815382489,2.367229988723996,0.7826281414758164,7.12458457109122,3.688188915955026
Czernik_13,41.105,62.3286,2.82,0.041,7.978,0.168,-0.163,0.027,2.201,0.033,214,-1.77744,0.42697,1.40653,0.24847,0.08697,0.0425,1.87245,0.12286,850,170,0.5654205607476636,0.59788,0.26126,1.06323,2.46307,0.31173,0.07502,335.0,0.5006559325080132,0.15449806755062867,0.35514018691588783,0.35512530251422186,0.03271339964913318,2.37684953323199,0.2170953074414894,17.617285719232623,2.9882302852245006,5.395864089429592,2.279147154920878
Czernik_16,52.7488,52.6041,2.291,0.061,8.403,0.072,-0.111,0.05,2.941,0.034,108,-2.00573,0.65343,1.65413,0.27246,0.13696,0.03989,1.81871,0.20053,452,90,0.6203703703703703,0.57683,0.23635,,,,,175.0,0.4834026737917587,0.17185167828684594,0.4074074074074074,0.3293246149434016,0.14191527752150213,2.429974140763088,0.2755642123507989,15.039793327481812,2.964281481196082,16.817372030135736,4.331308548920956
Czernik_19,74.2535,28.7574,2.117,0.062,8.176,0.101,-0.133,0.035,2.153,0.026,177,-1.65935,0.39418,1.50473,0.22632,0.02131,0.04042,1.72988,0.10324,623,124,0.6610169491525424,0.55814,0.25871,1.41656,3.79521,0.30233,0.00246,294.0,0.46818279966019993,0.11104551794528213,0.4011299435028249,0.3197112951981912,0.11310569161427472,3.187098132024056,0.2665230066211101,28.80916510832326,4.612950778309693,5.205582424424719,1.4698133209954043
Czernik_2,10.9711,60.1877,1.759,0.057,8.545,0.184,0.037,0.067,1.791,0.09,126,-2.30533,0.70045,1.75211,0.28359,0.03021,0.03665,1.69398,0.13664,398,79,0.6825396825396826,0.6051,0.22871,1.32043,2.00915,0.34749,0.00227,212.0,0.5326142764262076,0.1635852684127522,0.49206349206349204,0.3557142227941399,0.1308403434849097,2.351800067426674,0.2673726457733845,17.688407733629838,3.490099833026503,19.82947697919162,9.267651401335195
Czernik_23,87.5131,28.8948,3.226,0.085,8.481,0.031,-0.192,0.029,1.794,0.024,186,-2.11103,0.68088,1.4047,0.2041,0.07187,0.0447,1.85712,0.18122,565,113,0.6774193548387096,0.51675,0.26688,1.44935,3.87044,0.18083,0.3681,312.0,0.7206393748166612,0.03427610633090657,0.34946236559139787,0.5224064226890057,0.034960686109709344,2.671229839528892,0.3272585191382746,24.33052748226356,5.090307153930887,12.440804788584469,2.7501205580510835
Czernik_27,105.8276,6.3868,4.062,0.127,9.103,0.026,-0.162,0.036,0.387,0.042,129,-1.90824,1.19339,1.54981,0.27199,0.05494,0.04679,1.65646,0.18429,595,119,0.627906976744186,0.65886,0.28992,1.39833,3.5748,0.50787,0.0,210.0,0.5890791683300436,0.2547428285790209,0.4263565891472868,0.420490167077964,0.04354242767745437,3.4170973586351194,0.4340742197645729,25.151780987242464,5.412453721941711,50.40008365613655,11.257571158056685
Czernik_31,114.2291,-20.5162,2.783,0.065,7.471,0.353,-0.15,0.035,1.718,0.036,182,-2.41387,0.40963,1.36231,0.17527,0.06677,0.02977,1.83189,0.11604,576,115,0.6703296703296703,0.60788,0.27685,0.99755,3.90174,0.30397,0.00199,304.0,0.4984039983829809,0.1230163906553766,0.4175824175824176,0.35631491791725234,0.1294231944016085,3.306912982337561,0.5803554348490698,32.51578745788567,9.15445077452198,0.9097157712642676,0.7825291468049176
Czernik_43,351.448,61.3297,2.276,0.062,7.939,0.344,-0.094,0.072,2.054,0.071,154,-1.75126,0.28089,1.89597,0.22088,0.01342,0.02769,1.66832,0.07928,502,100,0.7077922077922078,0.66259,0.24834,1.00913,1.43051,0.14881,0.46649,263.0,0.564672954188458,0.1481837076536276,0.474025974025974,0.38643988391460904,0.1326223730409185,2.3443978315288807,0.1720552269605503,18.546259457406087,2.753302397356372,4.685367587367055,3.775849864991831
Czernik_5,28.923,61.3613,3.207,0.111,8.35,0.169,-0.174,0.037,3.177,0.05,149,-2.17414,0.67747,1.27154,0.19575,0.2,0.03731,1.99235,0.21896,919,183,0.6442953020134228,0.58011,0.25115,,,,,245.0,0.5168072151534562,0.15443780869788148,0.3825503355704698,0.3720110727724971,0.03981547845162082,1.804063431129108,0.2163667952214621,8.752970594450199,1.7997304879577851,25.576701240008667,11.256785282323104
Czernik_6,30.5501,62.8375,2.43,0.242,7.363,0.514,-0.099,0.129,1.576,0.105,70,-1.55765,0.29874,1.53927,0.25104,0.02007,0.04185,1.38759,0.10855,238,47,0.6857142857142857,0.61895,0.26886,1.88243,1.67064,0.4213,0.01702,118.0,0.5219094403504417,0.2112886111487465,0.4,0.31200323172597855,0.16026955864596196,1.5766075247682412,0.3770869301162664,8.050605064479637,2.9956610351420223,2.8653090919808664,3.5548331568113296
Czernik_8,38.241,58.7627,2.534,0.143,7.732,0.185,-0.112,0.067,2.993,0.073,99,-1.82194,0.41084,1.55295,0.27516,0.1373,0.03967,1.73486,0.14091,438,87,0.7272727272727273,0.69195,0.24861,,,0.63265,0.74747,171.0,0.4776965737834402,0.16178161595096177,0.47474747474747475,0.3061704574268177,0.11321665823344047,0.972970038537135,0.12681650649134,3.8031978247228073,0.8339971173352178,14.18571022017372,6.796492936200383
Czernik_9,38.3989,59.8769,2.512,0.124,8.54,0.313,-0.146,0.056,3.278,0.087,97,-2.43524,1.00874,1.42954,0.23688,0.19329,0.04115,1.99532,0.31063,489,97,0.7010309278350515,0.6977,0.25705,,,,,165.0,0.5337320910977191,0.15690037541043092,0.5051546391752577,0.38586613085268806,0.15853720024075657,1.1728368675489065,0.1758976194975807,4.635679354439191,1.1397174566599035,74.79741887680193,56.95751811688524
DBSB_7,113.8386,-18.696,2.153,0.1,7.387,0.032,-0.098,0.055,2.063,0.103,347,-2.09241,0.30934,1.84837,0.27873,-0.00889,0.02814,1.78956,0.06819,1235,247,0.5187319884726225,0.79033,0.26971,1.00811,3.405,0.09596,0.39294,527.0,0.4169950507517014,0.07906658420056664,0.3804034582132565,0.26029220872415954,0.06158532642950185,5.297632084663009,0.2763060934599779,70.02899452088009,8.89138885105516,0.3481144967234799,0.0511027175134214
Dias_5,274.3605,-19.6916,1.264,0.018,6.715,0.153,0.064,0.056,1.537,0.528,281,-1.43317,0.17433,2.3551,0.28281,-0.19017,0.02387,1.55775,0.04816,517,103,0.5124555160142349,0.74047,0.22451,0.91084,1.47131,0.08886,0.65496,425.0,0.4504193878658775,0.13154916315447104,0.4092526690391459,0.3355100352553892,0.08717459710588821,2.1129935982303314,0.193658119004445,22.90807809396375,3.8891545614854106,0.2264703467488458,0.088565464344144
Dolidze_3,303.8127,36.8421,1.894,0.037,6.999,0.072,0.009,0.091,2.266,0.032,122,-1.33391,0.27819,1.52994,0.26532,0.10391,0.04464,1.76662,0.12243,436,87,0.6885245901639344,0.63583,0.21309,1.45225,1.75962,0.49643,0.01336,206.0,0.5779074564706073,0.18828225879738103,0.5081967213114754,0.42816422771099794,0.17008146302091742,3.388488054782577,0.3026636349497938,28.58537639784805,4.775151142241663,0.3490246376107402,0.0821434669331517
Dolidze_5,304.9978,39.3172,1.984,0.079,7.348,0.255,0.074,0.074,2.669,0.047,266,-1.54141,0.24105,2.38025,0.36508,0.02914,0.03421,1.87979,0.07062,964,192,0.5676691729323309,0.74072,0.24183,1.16912,3.24589,0.28664,0.03825,417.0,0.45793326750605745,0.10148921191264076,0.4323308270676692,0.3075011703964554,0.07520599923755145,2.737179610946674,0.3201144135519216,24.35903719504361,4.9137290576646135,0.9148289119258488,0.5679660479428092
ESO_130_06,181.9909,-59.297,0.795,0.002,8.237,0.181,0.014,0.074,0.514,0.087,81,-1.94621,0.58046,1.49638,0.40337,-0.01892,0.05219,1.44945,0.13717,164,32,0.4320987654320987,0.64105,0.2791,1.10494,1.40684,0.21481,0.25934,116.0,0.5466342975140802,0.055040885178981834,0.2839506172839506,0.3586700601606094,0.05010146054252312,1.2034341480445396,0.1296704088347838,6.386303649290077,1.2056579753922396,27.02405001024425,12.36439394543923
ESO_130_08,182.6186,-59.4691,1.295,0.008,8.179,0.141,-0.018,0.031,1.24,0.044,168,-1.30318,0.31785,1.46642,0.19077,-0.00552,0.03936,1.69659,0.0895,460,92,0.625,0.54992,0.22884,1.10222,1.63486,0.19507,0.08645,273.0,0.5386704490726728,0.170754791032973,0.36904761904761907,0.3989517249577907,0.03722929865190204,1.966979043909464,0.1630232900817621,15.332808670154678,2.4463146708633565,9.84868582560168,3.5627545958445803
ESO_130_13,185.7908,-59.6487,2.202,0.058,7.722,0.139,0.068,0.067,1.619,0.018,216,-1.98715,0.37938,1.33898,0.18148,0.07744,0.03642,1.91926,0.12711,607,121,0.5925925925925926,0.52425,0.28076,1.69999,4.68212,0.37805,1e-05,344.0,0.4876342964193537,0.12477398395128916,0.3333333333333333,0.3606768884944576,0.03207501495497921,2.5848201207346686,0.3973989781071511,24.147172591754146,6.06654257681674,2.183402050154988,0.8883937855314865
ESO_166_04,137.607,-53.8888,1.074,0.016,8.275,0.115,-0.12,0.076,0.69,0.074,39,-1.64616,0.5285,1.70374,0.42338,-0.02492,0.05288,1.29264,0.13047,107,21,0.717948717948718,0.55333,0.21401,1.46767,0.67803,0.36413,0.1239,67.0,0.5827363968331206,0.29608161611955647,0.4358974358974359,0.3756087252605833,0.23193614878576468,0.974567259081258,0.2041687265177647,3.8834833357943017,1.278484426199722,48.5041115569647,20.49247421272769
ESO_332_13,254.1632,-40.5917,1.562,0.046,6.796,0.059,0.152,0.071,1.42,0.042,160,-1.22779,0.21877,1.24539,0.45857,-0.14093,0.08428,1.44668,0.08196,549,109,0.5625,0.70142,0.23828,0.96755,0.79793,0.13021,0.50552,250.0,0.30099598913630055,0.09135580338708647,0.39375,0.19716942101522403,0.07933746504253208,1.5313606712962955,0.1145933085738013,8.99767042387077,1.348273244823001,0.6948161727696832,0.1405350660677522
ESO_368_11,116.0959,-34.6417,1.991,0.056,8.683,0.276,-0.006,0.029,1.769,0.111,160,-1.96844,0.51026,2.12024,0.26716,-0.02184,0.03069,1.5921,0.09621,511,102,0.5625,0.67718,0.27132,0.9299,2.35864,0.25319,0.01238,250.0,0.5621455545519616,0.03921843874378479,0.3625,0.38505791501747544,0.03800441997320838,1.9517251260076165,0.1608664120514082,13.418919553966267,2.132142156729827,35.91554414548051,23.527386168034045
FSR_0198,300.6033,35.6734,1.843,0.08,6.86,0.085,0.103,0.135,2.901,0.172,128,-1.41165,0.1824,1.99648,0.33378,0.07327,0.03089,1.69422,0.08117,545,109,0.6875,0.80003,0.1981,,,0.24883,0.39474,216.0,0.43813290995034077,0.12774766845964353,0.59375,0.2755877380542895,0.10398153522606189,3.074895466743868,0.5584722379869443,22.928226201815168,6.653954909032247,0.3159581354870089,0.1105974900061879
FSR_0224,306.3524,40.2246,1.653,0.037,6.722,0.049,0.04,0.091,3.284,0.069,30,-1.08675,0.24627,1.20228,0.27001,0.06539,0.06941,1.13937,0.13193,177,35,0.7666666666666667,0.71016,0.27316,,,0.58621,0.86667,53.0,0.5492185289709887,0.29619135268843927,0.6,0.3538776546796003,0.22544214335389912,0.5617071733481942,0.133239131721105,1.1253579574177468,0.4155803713982139,4.684996964277999,1.8090577384018085
FSR_0236,308.1679,41.4424,1.551,0.052,6.904,0.081,0.134,0.072,3.813,0.154,100,-1.17009,0.20107,1.94205,0.41085,0.15447,0.04338,1.72547,0.111,659,131,0.8,0.75756,0.20888,,,,,180.0,0.3683703164664214,0.12148152122853913,0.69,0.22231674385680444,0.11914594579758053,1.4631758410250175,0.1760206863266164,5.946684938415531,1.2250951658646658,1.3481091930881457,0.3746365187629389
FSR_0241,300.7576,46.1812,2.06,0.071,9.08,0.022,-0.031,0.035,1.32,0.05,172,-2.02902,0.77958,1.73905,0.2608,0.01953,0.03531,1.73279,0.11312,551,110,0.5930232558139535,0.65219,0.25702,1.33917,3.83792,0.34093,9e-05,274.0,0.5367138431029156,0.19494683962067386,0.38953488372093026,0.3331186125093136,0.1310525378289181,4.33184976090758,0.4414215069308312,45.91821680368631,8.382746789583324,26.182733527250026,4.960478548077812
FSR_0278,307.7683,51.025,1.665,0.024,9.403,0.034,-0.017,0.029,0.857,0.073,95,-0.78343,0.53108,2.16214,0.22603,-0.00783,0.02772,1.56304,0.05183,542,108,0.7894736842105263,0.67217,0.21455,0.97345,2.46408,0.19243,0.396,170.0,0.5323762783388734,0.17386895236524672,0.5789473684210527,0.3356146080546001,0.12173255037686814,2.49070705773912,0.2728012141420686,13.940461978380831,2.6785286864026823,181.4357372351531,37.64387261535138
FSR_0342,331.9426,53.1119,2.468,0.142,8.981,0.062,-0.074,0.06,1.666,0.083,416,-1.21033,0.59476,1.85665,0.22561,0.08372,0.03528,2.03762,0.12363,1503,300,0.5793269230769231,0.79608,0.27633,1.56229,4.32444,0.22447,0.00188,657.0,0.47106321381243016,0.08835738693779387,0.44471153846153844,0.2982619432793751,0.05765073950113385,4.168880717528797,0.2474133815629354,53.05874355869222,7.095791108705444,18.040270219290445,3.5289574980202656
FSR_0357,337.7288,53.956,4.15,0.174,7.43,0.265,-0.14,0.039,1.752,0.051,88,-1.59037,0.40454,1.23005,0.21753,0.17506,0.05255,1.72858,0.17639,375,75,0.6136363636363636,0.62807,0.29898,,,0.68966,0.63636,142.0,0.5311463379841248,0.21791512238366137,0.36363636363636365,0.36164831508422346,0.05127964316525147,1.526974587402704,0.2440801438400286,7.019312894490952,1.8235206778501816,3.834470473654682,2.5429642386607063
FSR_0384,342.9144,56.1091,1.847,0.024,8.52,0.116,0.002,0.023,1.272,0.054,51,-1.36261,0.94472,1.69569,0.32067,0.08743,0.08052,1.30095,0.25859,136,27,0.2941176470588235,0.48272,0.27205,1.46532,1.13511,0.34545,0.19762,66.0,0.5868254588060959,0.06380307582901652,0.13725490196078433,0.39626210665947603,0.048185913214589156,0.930357358367338,0.1478874350381312,3.17951273561976,0.8211853949262142,104.14524143053818,38.69493810880366
FSR_0385,340.6139,58.9421,2.004,0.091,8.789,0.059,-0.028,0.083,2.603,0.035,90,-1.20071,0.76163,1.48408,0.26442,0.12707,0.05489,1.61754,0.2035,304,60,0.7555555555555555,0.75824,0.26616,1.49759,0.98551,0.35456,0.30897,158.0,0.5183633909563736,0.14786276512829546,0.5777777777777777,0.3073187099996121,0.13403405664304888,1.3989889980919397,0.1948030473378515,7.411161324390101,1.712035615889251,83.0068117240038,22.24528080120576
FSR_0398,339.0814,64.1576,0.913,0.014,7.244,0.082,-0.048,0.127,2.071,0.035,76,-1.65611,0.3067,1.70634,0.2922,-0.02803,0.03636,1.34977,0.06934,155,31,0.7368421052631579,0.59521,0.21782,1.32936,1.25685,0.15797,0.68806,132.0,0.4622387103258952,0.1561953162510907,0.4868421052631579,0.25749990750968077,0.13454833718407616,1.0207241690054616,0.1469285924990853,5.6489494824246895,1.3441728843912757,3.104790558489727,0.9431136276922112
FSR_0430,348.8145,64.1587,2.46,0.144,8.243,0.215,-0.077,0.047,3.027,0.056,104,-1.03539,0.31652,1.84488,0.2674,0.06974,0.04139,1.57802,0.0978,467,93,0.6826923076923077,0.61875,0.24937,,,0.5098,0.49515,175.0,0.5940476440544538,0.22492108292094465,0.47115384615384615,0.37603673841183044,0.15968486020944261,1.8399744130471416,0.209468152593807,9.749174481788367,1.9271587927806308,17.948665211535637,9.567754302715098
FSR_0441,355.5397,58.5457,3.093,0.15,7.779,0.367,-0.094,0.069,2.397,0.059,79,-1.6195,0.48664,1.47093,0.24598,0.10059,0.05417,1.57939,0.18777,379,75,0.7088607594936709,0.63339,0.2557,,,,,135.0,0.5363046243183486,0.19576613512466728,0.46835443037974683,0.34331377865034235,0.1611879718273324,1.890358511519009,0.1974364442814722,9.259207676525108,1.7156846570714543,6.492712535300781,5.6170091209699695
FSR_0448,356.8175,60.8949,2.687,0.122,8.869,0.269,-0.071,0.041,3.102,0.101,99,-2.36073,1.33804,1.53058,0.19385,0.19616,0.03251,1.95978,0.34767,519,103,0.696969696969697,0.70723,0.27742,,,,,168.0,0.5595115357752722,0.19146094199035743,0.47474747474747475,0.3790432233004613,0.1611707095639644,2.438006811481591,0.5105350212570325,13.67230265063376,4.503806708076044,54.09515090158966,37.950061593092826
FSR_0496,6.6533,64.02,1.377,0.043,8.868,0.082,0.02,0.101,3.066,0.087,201,-3.0,1.06652,1.90626,0.20986,0.17481,0.02759,2.2887,0.29793,661,132,0.6467661691542289,0.80423,0.25466,1.33217,1.28736,0.23,0.16887,331.0,0.4771779940427616,0.10830424100119458,0.5323383084577115,0.29654709842467053,0.07904223669143132,1.984841916872757,0.0954948418429493,15.100234839455188,1.8603342141574888,48.86706981543374,11.017109092941215
FSR_0498,7.2986,62.3747,2.459,0.08,7.562,0.138,-0.034,0.038,1.448,0.047,122,-1.81352,0.35095,1.47885,0.23243,0.10354,0.03646,1.78012,0.10712,329,65,0.6311475409836066,0.57219,0.27034,1.37398,4.97774,0.32815,0.03596,199.0,0.4496337195562036,0.13527965757190644,0.36065573770491804,0.2803383080296239,0.1242073182649638,5.103368862928435,0.8025020167565005,59.2199882878841,15.143994173500651,0.6159304611011439,0.2512243622558618
FSR_0537,19.6921,60.3499,2.838,0.067,7.661,0.057,-0.118,0.022,1.754,0.039,97,-1.83474,0.70942,1.0979,0.27527,0.05088,0.07165,1.53901,0.21421,335,67,0.5979381443298969,0.54978,0.27049,1.63911,1.99387,0.47166,0.00121,155.0,0.5262309051884718,0.2285055654817728,0.32989690721649484,0.3532554172569635,0.04773908228676304,2.027183576624071,0.2818664745078758,12.136850385646747,2.8072457288372257,3.7748004808260607,1.00387879582284
FSR_0551,24.9613,64.8685,0.892,0.014,7.035,0.019,-0.061,0.017,1.688,0.056,59,-1.72352,0.24965,1.37848,0.40408,-0.15762,0.04309,1.13298,0.04904,95,19,0.6779661016949152,0.68754,0.22418,1.13661,1.12683,0.35465,0.08022,99.0,0.4918201427160679,0.2060859131531637,0.4745762711864407,0.2712387185201109,0.15535479720771253,1.2163150368736555,0.3135074202518032,7.58994424634692,3.031049790532077,1.428109191372392,0.5737285239022768
FSR_0553,25.2335,64.5207,2.35,0.185,8.885,0.299,-0.063,0.104,2.014,0.072,53,-3.0,1.4327,1.25093,0.26789,0.13724,0.04283,1.63742,0.32342,122,24,0.5471698113207547,0.78857,0.33926,0.88246,1.67858,0.31667,0.64863,82.0,0.49033501389306633,0.26424100585391325,0.41509433962264153,0.2706774342396491,0.1583586923606459,1.4964606322794638,0.2511346804910301,7.979190407227916,2.1564805965278966,96.17034438314786,71.12946996168705
FSR_0591,36.9321,58.7651,2.354,0.125,7.239,0.093,-0.115,0.059,2.201,0.079,98,-1.88595,0.40093,2.0588,0.36533,0.01017,0.03851,1.51586,0.11991,403,80,0.5510204081632653,0.77217,0.27941,0.89155,1.20279,0.15091,0.87398,152.0,0.4838709650386639,0.2115699073435919,0.40816326530612246,0.3098394513680066,0.14072574333921695,2.215217670749783,0.2337168167297106,12.454729661305024,2.3266410536946505,1.39208481027156,0.3955904408460901
FSR_0667,61.7687,51.142,1.097,0.015,8.615,0.087,-0.111,0.065,1.685,0.086,42,-0.6197,0.74447,1.17645,0.3556,-0.033,0.16189,1.16787,0.20444,115,23,0.5714285714285714,0.62505,0.25504,1.64341,1.31166,0.22824,0.575,66.0,0.6009471080970941,0.07636035483212125,0.40476190476190477,0.39847712096869375,0.07573916789051807,0.7964947762838904,0.2389069923585216,2.738929195512243,1.2623753110617502,150.45935461659812,75.61384740988647
FSR_0716,77.7914,45.7123,3.361,0.159,9.087,0.036,-0.262,0.023,1.154,0.071,188,-2.92763,0.91968,1.6381,0.20103,0.0504,0.02515,1.84867,0.12898,513,102,0.7180851063829787,0.67213,0.2665,1.27317,3.56727,0.20208,0.0601,323.0,0.722682259125212,0.0328146703030115,0.5053191489361702,0.5242317656799012,0.03646418431179341,3.027948370532014,0.2655826583767672,31.674831142271906,5.223265371526991,38.573202006255,7.1192550044012615
FSR_0728,67.4678,38.4894,1.535,0.033,8.059,0.189,-0.04,0.033,2.137,0.099,99,-2.25753,0.43445,2.03392,0.33473,-0.03289,0.03221,1.48229,0.07915,321,64,0.6363636363636364,0.69727,0.24114,1.47031,1.45195,0.3208,0.01017,162.0,0.5003969088739886,0.1764036337688238,0.45454545454545453,0.3185253268652648,0.1311048190524011,1.5452373778114474,0.170642429271063,8.53274942090457,1.6496401717945122,13.424898411280148,6.392927040499658
FSR_0735,73.4817,40.8621,2.568,0.109,8.67,0.45,-0.175,0.034,1.638,0.133,114,-2.1105,0.76199,1.7199,0.22913,0.06091,0.03873,1.6461,0.16924,392,78,0.5877192982456141,0.57728,0.25033,1.27406,2.71616,0.26564,0.08884,181.0,0.6780820238075307,0.046102985852547004,0.3508771929824561,0.49130232282436337,0.04469805015834548,2.518941645486134,0.3309422075383132,17.490443046205836,3.861217320597479,26.742326655279488,28.33134678218346
FSR_0761,83.3415,39.8403,2.442,0.122,8.746,0.155,-0.119,0.119,1.42,0.247,57,-1.9149,0.82082,1.67389,0.23007,0.09812,0.04355,1.52319,0.21557,188,37,0.543859649122807,0.57379,0.25766,1.09026,0.73306,0.33333,0.30085,88.0,0.596443951084365,0.06597132965516611,0.3333333333333333,0.40453144260568225,0.062439054105446264,1.4041450769254735,0.188673221973233,6.145395265391721,1.378365183535798,90.66719468310949,38.21868685584923
FSR_0771,75.9422,32.1766,1.462,0.044,8.498,0.023,0.016,0.067,2.179,0.072,77,-2.11815,0.71021,1.39629,0.30119,0.04533,0.04749,1.5888,0.15047,222,44,0.6753246753246753,0.62683,0.27601,1.51477,3.75953,0.45701,0.00081,129.0,0.5366431788406936,0.20326572289514155,0.4155844155844156,0.35356071262399735,0.18444364278103337,3.451953893165696,0.4886046483334119,28.85573666390876,6.761050746896179,10.90857028106425,2.6204115319964627
FSR_0811,94.0975,36.3778,2.47,0.069,8.89,0.068,-0.131,0.031,0.904,0.119,75,-1.64637,0.91128,1.67994,0.49594,-0.01068,0.0636,1.45016,0.14485,239,47,0.5733333333333334,0.58603,0.25779,1.27344,2.23385,0.26393,0.12758,118.0,0.5865950260381578,0.05711067877052092,0.3333333333333333,0.4045988488287858,0.05443310539518174,2.101546419916054,0.4054876075764638,12.363491616602426,3.779115500319823,62.78542831592188,21.56279544506088
FSR_0850,86.278,24.7534,1.889,0.101,8.576,0.217,-0.099,0.041,1.714,0.105,248,-2.42774,0.45782,1.87099,0.20117,0.01921,0.02379,1.86607,0.08834,513,102,0.6169354838709677,0.70799,0.27758,1.23156,4.57007,0.28456,0.00012,401.0,0.5428746952764674,0.14632519667630015,0.43548387096774194,0.37965996439666866,0.12028975906987419,3.1455322882879893,0.3864380753381664,39.86282515163403,8.346700329251108,9.450002541239044,5.119629007757975
FSR_0883,91.0909,22.0362,2.446,0.084,8.283,0.32,-0.111,0.059,2.123,0.141,98,-2.68048,0.66703,1.60713,0.32994,0.17725,0.03497,2.07624,0.20757,301,60,0.6836734693877551,0.66791,0.23228,0.73563,0.9927,0.22093,0.60129,165.0,0.5183094111109707,0.1535106400643808,0.5204081632653061,0.3161249906206379,0.11594684710212126,2.1318722839307807,0.1818288148957563,14.480045666155556,2.348326220372846,13.250432939965254,9.9969722287491
FSR_0893,93.4762,21.6108,1.957,0.105,8.588,0.07,-0.125,0.047,2.918,0.106,271,-2.12221,0.44328,2.09338,0.27095,0.03695,0.02584,1.91637,0.09334,973,194,0.6273062730627307,0.82074,0.24038,1.88468,4.49892,0.2565,0.01499,441.0,0.5138059256116813,0.11424608905569444,0.5276752767527675,0.3334234648363543,0.08313016154307686,4.007349063542536,0.253265397559335,44.9315900637021,6.18124402031887,8.618827964302598,1.8263952787673348
FSR_0904,91.7729,19.0259,2.045,0.042,7.176,0.03,-0.096,0.034,2.197,0.035,248,-2.02603,0.32606,2.28672,0.29464,0.04064,0.02619,1.83656,0.10204,900,180,0.4758064516129032,0.64531,0.2391,0.93827,3.2718,0.19355,0.23806,366.0,0.5353715167657841,0.031712841617448785,0.35080645161290325,0.34819654365547,0.030303657098558985,3.665777732001271,0.3006409823719877,35.19108073570548,5.579063065138827,0.4261548108639834,0.0736957841330146
FSR_0905,98.4287,22.325,1.41,0.041,8.778,0.06,-0.086,0.056,0.526,0.071,67,-1.67481,0.68116,1.8386,0.31266,-0.0035,0.04546,1.39808,0.13642,145,29,0.5074626865671642,0.68122,0.25258,1.08778,1.1351,0.21852,0.35655,101.0,0.49488213729321,0.06107791797627373,0.373134328358209,0.2926417280804378,0.1605235099158289,1.5210521124754628,0.2040391578427122,8.71755833572447,1.9587858658070816,68.80264555243318,18.148042379125684
FSR_0935,98.7758,17.7388,2.262,0.107,8.796,0.082,-0.117,0.045,1.335,0.098,92,-1.25124,0.72744,2.02803,0.51625,-0.01098,0.05489,1.43029,0.14091,317,63,0.5543478260869565,0.75201,0.20932,1.41769,1.85944,0.33958,0.01194,143.0,0.5516937331513962,0.051819745460211473,0.45652173913043476,0.36479260292711496,0.15867723648230356,1.845241537498494,0.2256981820005067,10.195454849912126,2.127301057917755,61.318764290449806,17.25505882371226
FSR_0948,96.4792,15.8653,3.63,0.146,8.651,0.102,-0.205,0.072,1.735,0.157,94,-1.65515,0.90282,1.2511,0.25856,0.15416,0.05679,1.70082,0.25235,351,70,0.574468085106383,0.57647,0.27194,,,0.52778,0.16278,148.0,0.7479812720362441,0.05099588054916773,0.35106382978723405,0.5409056298694015,0.04923003075039276,2.0018582979252635,0.2404103071449782,11.23584155054536,2.3134280685573843,39.84688660500302,12.44566941635492
FSR_0951,95.5963,14.6281,1.585,0.04,8.792,0.262,-0.11,0.025,1.21,0.091,366,-1.73831,0.33561,2.31182,0.33583,-0.1086,0.02931,1.67567,0.04984,916,183,0.453551912568306,0.63239,0.25016,1.21761,5.59744,0.3755,0.0,532.0,0.5383555394938736,0.026022403923152842,0.31420765027322406,0.3634383463010888,0.024264098081141734,4.839922310146171,0.3152792139338506,71.55398169528894,9.998584363252858,8.656975620373684,5.360823468724616
FSR_0968,92.8451,11.8534,2.245,0.049,7.653,0.122,-0.157,0.042,1.543,0.038,62,-2.0397,0.44724,1.34668,0.23776,0.13589,0.04079,1.65131,0.15475,214,42,0.5967741935483871,0.5416,0.21212,1.03154,1.16336,0.28241,0.54249,99.0,0.6160470617443138,0.062299323698376936,0.3387096774193548,0.42609949054093643,0.06010547608590594,2.180593846858509,0.1931259576006332,12.139102020400772,2.0049160908064163,3.705215213921055,1.2074220000286229
FSR_0974,98.1553,12.5637,2.612,0.245,7.334,0.559,-0.175,0.033,1.828,0.172,185,-1.80661,0.41087,2.14542,0.34057,-0.01698,0.03686,1.64905,0.10544,630,126,0.5459459459459459,0.6765,0.27989,1.30325,3.18715,0.32333,0.00029,286.0,0.5616255302770001,0.036605196060870496,0.372972972972973,0.4139672907818399,0.035554612306162,2.6636360852115537,0.3177958188308133,21.41720707706193,4.390681372829058,1.0074816951569905,1.313120262651064
FSR_0977,97.9736,11.8609,1.781,0.117,8.93,0.198,-0.147,0.06,1.595,0.198,31,-2.45522,1.78109,1.49035,0.59641,-0.00438,0.08191,1.18838,0.27627,200,40,0.8064516129032258,0.72033,0.23861,1.46422,0.66326,0.49561,0.03516,56.0,0.5900797774871979,0.309043512283153,0.6774193548387096,0.40709477347901435,0.23780408989337798,0.6857523699428791,0.1589927350283218,1.4821783423015789,0.5363541324453783,574.2480603789545,334.2521609558712
FSR_0985,92.9451,7.008,1.95,0.028,8.592,0.254,-0.122,0.019,1.461,0.08,76,-2.75476,1.09972,1.31026,0.27096,0.00727,0.04961,1.36749,0.1859,245,49,0.6842105263157895,0.5799,0.23082,1.87721,2.35885,0.29821,0.0582,128.0,0.5928029143970318,0.2607047490473225,0.4473684210526316,0.40079682277998135,0.21634038856970456,1.0209616399391448,0.1681621859032188,4.392587396130417,1.1707775679516963,88.97737496053188,57.18816692327187
FSR_1085,103.2938,-0.1889,1.526,0.025,8.183,0.138,-0.147,0.031,0.867,0.058,100,-2.63398,0.40072,1.84591,0.23751,-0.05358,0.02366,1.36419,0.06635,208,41,0.55,0.56455,0.22706,1.3305,1.11443,0.32745,0.00887,155.0,0.6202834324086648,0.049749371855330994,0.32,0.43113004336206767,0.0466476151587624,1.143996142435256,0.1647429727041747,6.529710933479786,1.5503613421147258,23.34027906171184,9.258274984307754
FSR_1144,104.3029,-6.6376,1.786,0.033,8.255,0.182,-0.095,0.027,0.88,0.047,124,-2.21965,0.38585,2.22345,0.26463,-0.0807,0.02602,1.40269,0.07272,308,61,0.5241935483870968,0.5508,0.24185,1.30426,2.10964,0.31731,0.00334,189.0,0.5217622798421873,0.044848730716785995,0.3225806451612903,0.340294880911035,0.04197948544005059,1.7506807301549765,0.2303804997014981,11.818725378697334,2.6100346031144546,15.220515389681248,7.209929441197009
FSR_1150,106.1459,-6.6248,3.091,0.159,8.798,0.107,-0.114,0.08,1.627,0.063,95,-2.52149,1.11899,1.23993,0.23001,0.14049,0.04279,1.82784,0.26598,368,73,0.7368421052631579,0.64109,0.28352,1.87895,1.24133,0.33544,0.07323,165.0,0.5391970115553156,0.1767045055623866,0.4631578947368421,0.35999971614925874,0.15793409636852587,1.8690715632868444,0.2334512684348876,10.750443717522163,2.2789651522867245,58.42162196427713,18.988406480344405
FSR_1163,104.7915,-9.0507,2.263,0.088,8.991,0.049,-0.115,0.029,1.617,0.091,146,-1.51909,0.80415,1.69361,0.29505,-0.03586,0.05512,1.47174,0.13115,613,122,0.5273972602739726,0.72327,0.28102,1.23417,4.67774,0.40939,1e-05,223.0,0.5593564822076911,0.04131812681652663,0.363013698630137,0.38334904955608406,0.03979698078630481,4.65382919793266,0.4399631173238667,41.26334491604506,7.14839448779156,23.73753236441644,4.907495233278601
FSR_1180,108.8862,-9.4497,2.552,0.069,8.713,0.236,-0.115,0.016,1.595,0.096,254,-1.7845,0.67707,1.50797,0.20164,0.1375,0.03753,2.03966,0.18319,758,151,0.6377952755905512,0.63418,0.26448,1.03754,2.74672,0.24866,0.03883,416.0,0.4834733110147505,0.09829464328571484,0.41732283464566927,0.32921396764243877,0.09013395968744822,3.743971225099034,0.1466331128438389,43.86003255684922,5.071913993614465,11.774190285944648,6.541479982177029
FSR_1211,115.3384,-9.607,3.074,0.486,9.105,0.723,0.027,0.188,0.033,0.003,104,-1.96526,1.0109,1.8086,0.39755,-0.00887,0.04536,1.51918,0.12958,381,76,0.7692307692307693,0.66452,0.2331,1.32345,3.56379,0.23203,0.13195,184.0,0.510300230710926,0.14913679710672248,0.6153846153846154,0.33139807328069315,0.11530806138944844,2.1637227270301107,0.3894891444497224,14.303155406118933,4.11709088340909,89.03651291321734,150.42456292382033
FSR_1252,110.6518,-18.7089,2.884,0.131,8.998,0.034,-0.165,0.056,1.159,0.054,173,-1.90999,0.76382,1.62892,0.24188,0.0531,0.03731,1.75932,0.13183,554,110,0.5144508670520231,0.67458,0.27833,1.14544,2.62875,0.28656,0.00551,262.0,0.6210605129216135,0.03799841588129852,0.34104046242774566,0.4441305796804356,0.036042032736584906,2.7471347499504395,0.2094331852950013,22.32684318922953,3.3811187459020595,44.58334789719439,7.6004181698451
FSR_1253,111.5925,-18.4318,3.644,0.179,8.492,0.102,-0.183,0.06,2.192,0.067,207,-1.8802,0.62644,1.63516,0.25979,0.17156,0.03845,2.04315,0.19028,968,193,0.5797101449275363,0.6451,0.26132,,,,,327.0,0.587174870602958,0.03430794705162011,0.42028985507246375,0.42235733512885876,0.03430794705162011,3.816803934277587,0.3108733521722478,32.95410163036129,5.1963437235815455,9.420859421238378,2.665042400785352
FSR_1284,109.9856,-24.5242,2.316,0.068,8.882,0.051,-0.045,0.069,1.053,0.082,64,-1.04524,1.20391,1.66849,0.35527,0.01598,0.09556,1.39941,0.26,195,39,0.671875,0.62684,0.25273,1.40183,1.63885,0.47037,0.03138,107.0,0.492452784762772,0.20820192541868307,0.484375,0.2780818906048051,0.1434470363796121,1.9804656196551629,0.2882704010231302,11.65025229547556,2.797766633171812,65.41309069515766,17.48629690237226
FSR_1342,119.4829,-31.5088,3.363,0.23,7.142,0.066,-0.148,0.04,2.697,0.099,175,-1.96534,0.37121,1.75549,0.248,0.10609,0.03514,1.80856,0.13283,1021,204,0.6114285714285714,0.6361,0.24942,,,,,282.0,0.47452463242811116,0.12257199958004096,0.4228571428571429,0.3225499460500011,0.11212512069801842,2.020285284164056,0.1893085032418643,10.990122261148596,1.895161920548568,1.2618202017408289,0.2900304473308308
FSR_1360,120.3953,-34.4789,2.244,0.058,8.032,0.109,-0.044,0.031,1.552,0.036,119,-2.04436,0.41524,2.03331,0.28892,-0.02391,0.03256,1.52295,0.09677,409,81,0.5042016806722689,0.57274,0.242,1.18227,1.39541,0.27465,0.0205,179.0,0.47655146547245986,0.23962224277616898,0.31092436974789917,0.2807539411031647,0.15111809316560634,1.6319397509643336,0.152579038063865,8.853480094004963,1.51995277918814,12.1586675770441,3.697222342531058
FSR_1361,117.6475,-36.4012,2.19,0.11,8.74,0.054,-0.093,0.054,2.051,0.115,427,-1.78803,0.51845,1.76206,0.20238,0.07066,0.03096,2.03406,0.12211,1067,213,0.6229508196721312,0.66773,0.25265,1.23963,4.07393,0.28052,7e-05,693.0,0.4702197894168127,0.07177052626674679,0.44028103044496486,0.306322869659843,0.060241690008135236,4.648411144929328,0.283627664911852,77.46599887619583,10.490624460792692,7.093962278029705,1.3042001588422514
FSR_1363,122.6578,-34.6186,3.237,0.084,7.946,0.19,-0.105,0.053,1.318,0.061,82,-2.10958,0.6191,1.23416,0.19344,0.17747,0.04414,1.80307,0.22648,278,55,0.524390243902439,0.54851,0.29271,1.23748,1.56612,0.35714,0.11296,125.0,0.5248205518718205,0.05515002996288459,0.3048780487804878,0.3177697251940215,0.05083778892069366,1.863190134774369,0.1622786396612302,9.987980237171406,1.6367389911677028,8.841426188771177,4.130490465042888
FSR_1399,131.0389,-39.3495,2.556,0.315,8.771,0.207,-0.017,0.074,3.125,0.1,64,-2.17121,1.58861,1.2629,0.27878,0.2,0.05196,1.76847,0.43936,351,70,0.609375,0.71398,0.27324,,,,,103.0,0.5386008157989174,0.2647290985242627,0.4375,0.34440735352027274,0.18566155995183817,1.6169451387715863,0.3164956260540736,6.229765721933137,1.9317004981351988,94.73888850971144,53.87037845683938
FSR_1443,129.8581,-47.3554,3.003,0.286,8.623,0.423,-0.12,0.059,1.805,0.262,61,-3.0,1.58629,0.83686,0.26752,0.1727,0.0558,1.88372,0.40308,192,38,0.6721311475409836,0.50504,0.27863,1.45745,0.99786,0.28846,0.46001,102.0,0.597089299122461,0.2904258399142087,0.36065573770491804,0.40034362878006835,0.06148212809299357,2.349975784066065,0.2685464051822482,14.653140953663444,2.900272184291852,28.64634861006115,28.471631152172623
FSR_1484,142.4633,-50.6872,2.074,0.075,8.418,0.206,0.052,0.04,2.827,0.096,61,-2.13335,0.95011,1.19031,0.31722,0.193,0.05609,1.76768,0.29952,263,52,0.7377049180327869,0.62031,0.25075,,,0.7,0.62295,106.0,0.5699385465464475,0.2215324056259367,0.5081967213114754,0.3819334622246279,0.1865993050059056,1.2097317158241878,0.2377748000730572,4.756268878868905,1.4790117297493035,55.04699323982741,31.221292836055145
FSR_1723,238.7758,-46.0139,1.484,0.029,8.119,0.068,0.075,0.021,1.583,0.032,152,-2.19891,0.50852,1.63915,0.26842,-0.00385,0.03518,1.58659,0.10358,412,82,0.4736842105263157,0.59745,0.26253,1.39632,1.52001,0.29743,0.00246,224.0,0.5617984181044053,0.040499145477045556,0.28289473684210525,0.43881759022173034,0.03653272728061977,0.9832101304669428,0.1227043763892789,4.90467909942086,1.0398248978821785,26.8157162891154,7.067496766133651
Gulliver_1,161.5881,-57.0244,2.585,0.077,9.122,0.038,-0.033,0.049,0.911,0.077,301,-1.97521,0.61128,2.04609,0.23197,-0.00844,0.02863,1.79157,0.09095,885,177,0.6046511627906976,0.67085,0.25076,1.11699,5.46466,0.34221,0.0,483.0,0.531950082140799,0.11611230492224732,0.43521594684385384,0.3457090311969544,0.08596515189000412,5.534618480209495,0.4838601573005543,82.30371832406897,13.573070812073784,16.090907703344588,3.0039923413919847
Gulliver_11,68.0284,43.612,0.898,0.005,8.341,0.296,-0.001,0.065,1.349,0.066,67,-2.16503,0.63478,1.52125,0.30551,-0.05269,0.04314,1.25554,0.09862,106,21,0.5074626865671642,0.51233,0.26568,0.99318,3.04848,0.25985,0.19105,101.0,0.5590707286697264,0.06107791797627373,0.2835820895522388,0.35950387287671237,0.05506621360830609,2.03193247215536,0.56381566786043,15.742499803853471,6.735292989464182,13.929204145924064,11.209153134462346
Gulliver_12,181.2095,-61.3296,1.701,0.045,8.221,0.168,0.012,0.036,1.006,0.081,63,-2.40771,0.74473,2.23912,0.44663,-0.05969,0.03568,1.20165,0.11168,142,28,0.4444444444444444,0.62456,0.23215,0.83731,2.40509,0.33804,0.05414,91.0,0.559107423257703,0.062604018868779,0.2698412698412698,0.37017568578969173,0.055923269276172076,4.224222691067739,0.3482492844547279,37.79865319794942,5.97798249261033,4.400719363356603,1.839128199911172
Gulliver_13,104.877,-13.2366,1.472,0.024,8.815,0.31,-0.115,0.068,1.579,0.101,116,-1.70507,0.63474,2.30539,0.54904,-0.02551,0.03975,1.51089,0.10546,351,70,0.5258620689655172,0.77923,0.2226,1.41808,4.21417,0.32966,0.00318,177.0,0.5442194503741432,0.04636169210383969,0.4396551724137931,0.3649721102981366,0.1515746857009445,3.413815202221367,0.4865815955577446,28.66752442053725,6.762946606597582,22.782942226416058,17.12764846000024
Gulliver_14,259.8991,-36.8053,1.187,0.068,8.672,0.079,0.201,0.061,1.874,0.124,80,-3.0,0.95403,1.44458,0.30644,0.12488,0.03475,1.8613,0.23553,170,34,0.5875,0.81594,0.26065,1.10324,4.17017,0.49462,0.00122,127.0,0.3106825055083805,0.13127384247728105,0.4625,0.21726513895269048,0.12163224798547465,4.040188240023442,0.564013760782025,41.26932221818264,9.576697298872231,11.386038910961028,3.35720301952269
Gulliver_17,302.6855,35.8699,1.664,0.027,8.019,0.083,0.137,0.047,1.255,0.033,241,-2.34517,0.34973,2.31787,0.24482,-0.07638,0.02166,1.57679,0.06436,511,102,0.5933609958506224,0.61441,0.24395,1.17483,3.02179,0.29406,5e-05,384.0,0.3601406676284625,0.08889258573845919,0.35684647302904565,0.21642873757991743,0.06463013681287592,2.3748570308771573,0.2807681160017283,25.30690948274177,5.149793318391616,4.128201509288422,1.152459069688699
Gulliver_18,302.9274,26.5286,1.515,0.022,8.063,0.015,0.106,0.054,2.074,0.061,419,-2.19172,0.2823,1.85561,0.20032,-0.03042,0.02253,1.82748,0.06335,888,177,0.6467780429594272,0.69392,0.26135,1.13021,6.24226,0.29278,0.0,690.0,0.4112601620477578,0.05876220409405885,0.47494033412887826,0.2691031689566579,0.05318163511623717,4.17865950964057,0.3450264788956838,72.11680677139094,11.46455921460788,1.6031106949271294,0.2607953724274968
Gulliver_20,273.795,10.9935,0.415,0.008,8.853,0.085,-0.025,0.036,0.297,0.041,103,-1.88678,0.65342,1.10486,0.5013,-0.2,0.06576,1.20106,0.09594,136,27,0.5145631067961165,0.61088,0.22407,1.17154,3.91181,0.18296,0.60404,156.0,0.539396489575633,0.04924556220905466,0.34951456310679613,0.3231887983142725,0.18094090436046997,4.8787432137408775,0.4840865695674809,71.46575391874876,12.78527484490197,9.974750017147793,2.644939622410967
Gulliver_21,106.9783,-25.4744,0.638,0.0,8.177,0.177,0.111,0.156,0.046,0.016,179,-1.80298,0.2368,1.24243,0.15926,-0.10698,0.02634,1.56054,0.04011,281,56,0.5977653631284916,0.55536,0.22385,1.38047,5.60289,0.22941,0.02631,286.0,0.35564065643942516,0.09321729137233087,0.3463687150837989,0.24148969432262365,0.08782577490914371,3.2572982655890472,0.4432802076540216,43.36645358157117,9.85087048209317,3.466139935244301,1.6172511957513735
Gulliver_24,1.1341,62.8374,1.415,0.016,8.266,0.191,0.005,0.056,1.515,0.078,121,-2.27795,0.41266,1.84256,0.22914,-0.01289,0.02599,1.49294,0.08103,218,43,0.512396694214876,0.61121,0.25668,1.17812,2.85254,0.19126,0.18083,183.0,0.4463408850918624,0.1824740740943647,0.30578512396694213,0.28079190046554053,0.1486639610746249,2.2861565935943258,0.297259744311913,20.45063713265081,4.469615871032593,9.021799209540434,4.430662516085621
Gulliver_25,52.0999,45.1429,1.292,0.017,8.472,0.204,-0.11,0.055,1.072,0.083,103,-2.19197,0.53834,1.91617,0.36319,-0.02744,0.03502,1.50238,0.08939,258,51,0.5242718446601942,0.65953,0.22424,1.32859,9.10159,0.38473,0.00063,157.0,0.5496122459505962,0.04920838171133511,0.3786407766990291,0.35392816428085316,0.19523633734768386,8.603438300262258,2.054348414015642,122.09782827254162,45.36669113296202,2.4282425260721,1.4543140803500767
Gulliver_26,80.6863,35.2763,2.444,0.155,8.67,0.187,-0.123,0.101,2.116,0.07,100,-1.56478,0.57217,2.39228,0.35913,0.03278,0.03534,1.59936,0.129,357,71,0.65,0.74397,0.24144,0.60227,4.53839,0.41389,0.01086,165.0,0.5588614210069717,0.21505141245757955,0.51,0.3774724004085846,0.14486050911135165,3.005413675539542,0.6553907711120781,22.25531181364293,7.608778946257273,21.01678669810717,11.555183261542473
Gulliver_27,146.0707,-54.1086,2.537,0.094,8.2,0.196,-0.008,0.038,1.794,0.09,206,-2.04203,0.64507,1.32808,0.21601,0.09769,0.04873,1.93671,0.19949,555,111,0.5339805825242718,0.57757,0.29435,1.09641,3.05116,0.36438,0.00049,316.0,0.5287633653670423,0.034756107238098036,0.32524271844660196,0.3732687571009925,0.03263953560016589,2.6850822548665696,0.3487315751336254,24.991167071599016,5.4726278678508535,6.341813441206788,3.181233697075221
Gulliver_28,293.9238,18.0531,0.502,0.127,9.001,0.469,-0.229,0.051,1.297,0.463,102,-2.1119,0.81814,1.50166,0.50431,-0.13061,0.05525,1.36768,0.0884,180,36,0.6862745098039216,0.82183,0.22934,1.44482,6.11332,0.2361,0.23017,172.0,0.7490830808691394,0.045943465578745575,0.5392156862745098,0.5381786167097833,0.049354870426373425,4.705119988855887,0.725811308242362,63.370919116713495,15.97415561936172,15.816485732704953,17.539563246638675
Gulliver_31,301.9167,38.2524,2.129,0.059,8.249,0.115,0.112,0.06,1.556,0.035,129,-1.47142,0.55533,1.31454,0.28488,0.03686,0.06197,1.67465,0.14535,371,74,0.5968992248062015,0.54464,0.28194,1.24594,2.55834,0.36738,0.00121,206.0,0.4211980460808549,0.12855673317725902,0.34108527131782945,0.253860197393969,0.10966373370826302,2.2349642794518934,0.2313300781296616,16.59958177066803,3.0631098325650394,10.688157722294036,3.4496213923500827
Gulliver_32,98.3883,7.4998,1.627,0.068,8.737,0.536,-0.164,0.084,1.553,0.28,64,-1.3108,0.78945,1.72018,0.51992,0.01362,0.06441,1.38661,0.14155,181,36,0.515625,0.72659,0.24325,1.59162,3.16888,0.35833,0.03325,97.0,0.6225407614044866,0.062469474967654204,0.40625,0.444225618442031,0.06139153767774106,3.243590621312705,0.5070573038245945,23.59302371868185,6.009270797939137,23.13217108577394,29.15102365160429
Gulliver_35,150.3452,-58.1981,2.025,0.051,8.091,0.223,0.058,0.061,1.342,0.064,93,-1.92937,0.30828,2.56152,0.40627,-0.00236,0.02555,1.57982,0.06657,281,56,0.6451612903225806,0.698,0.21937,0.85385,3.00539,0.22698,0.20698,153.0,0.5652156476580891,0.22798029972635553,0.5053763440860215,0.4004314847869205,0.17108307323491534,2.773336519533531,0.5272626921214132,20.99751967354081,6.343035348509455,5.872621397196522,3.498591351834412
Gulliver_36,123.2226,-35.1208,1.278,0.018,8.849,0.141,-0.08,0.063,0.969,0.129,130,-2.60734,0.66869,1.60955,0.26457,0.02926,0.02867,1.71754,0.09971,260,52,0.6538461538461539,0.73041,0.25541,1.30279,3.8827,0.28352,0.00873,215.0,0.5155427149359798,0.16871688619624306,0.5,0.33594903288866207,0.10295181845444461,2.9005575177331475,0.2216704496983477,30.30369798620797,4.609869221822642,23.30796573356909,8.35675055849608
Gulliver_37,292.0752,25.3313,1.479,0.032,8.261,0.161,-0.036,0.106,1.893,0.062,113,-2.10485,0.50538,1.43286,0.26603,0.07556,0.03803,1.74258,0.13338,306,61,0.5752212389380531,0.59299,0.24305,1.37498,2.77207,0.32175,0.00865,178.0,0.49930069904387075,0.19456262800584842,0.39823008849557523,0.31986499176931726,0.13866395967488535,2.8840492663335904,0.4747763376891863,23.94416968960021,6.3760872562971365,7.617285234625682,3.47686091509317
Gulliver_39,163.6979,-58.0499,2.465,0.119,8.852,0.177,-0.048,0.06,1.769,0.123,78,-1.48949,1.19845,1.79536,0.33227,0.09639,0.06236,1.60231,0.29429,373,74,0.6666666666666666,0.67021,0.23266,1.23727,1.96354,0.30357,0.19413,130.0,0.4977548711931781,0.1855697010832155,0.5256410256410257,0.30752388674372033,0.14306779503365494,2.25680937994315,0.3454806015275679,11.835950238836045,2.960588363801284,60.089261892948855,28.7344066329665
Gulliver_40,163.0982,-58.4122,1.524,0.021,7.901,0.204,0.151,0.071,0.671,0.102,50,-1.27432,0.42234,1.82695,0.53308,-0.07715,0.08069,1.18855,0.10262,131,26,0.46,0.64591,0.24136,1.36676,1.72102,0.4,0.03452,73.0,0.34820191351609436,0.19703806738800503,0.3,0.22875627884561464,0.154220621189256,1.9179456493426643,0.3401726211041686,10.289175098513796,2.9216111901423667,7.737834596014585,4.247157705643429
Gulliver_44,127.2252,-38.067,1.178,0.017,8.788,0.096,0.031,0.07,1.471,0.096,172,-1.98902,0.39585,2.27556,0.23814,-0.06624,0.02419,1.58881,0.06854,379,75,0.7151162790697675,0.75358,0.2292,1.38349,4.31181,0.2318,0.01639,295.0,0.505859995341665,0.10815794552495489,0.5872093023255814,0.3428384163248051,0.07854357758474327,3.2369222155866035,0.3588604026910537,37.90755673470686,7.335356101104337,16.191019892423064,4.756607312682217
Gulliver_47,107.9099,0.837,1.847,0.045,8.621,0.039,-0.116,0.032,0.448,0.051,184,-1.69384,0.37278,2.29326,0.32593,-0.07335,0.02918,1.55911,0.0681,466,93,0.4565217391304347,0.5945,0.22817,1.30472,7.10906,0.30303,0.00031,268.0,0.4937746445982987,0.03672086547240088,0.32065217391304346,0.33868034869316493,0.03440759184410081,6.8067061339078805,0.7007062778298538,96.64950546922512,17.769112259243922,4.3231505905601,0.8845613261638836
Gulliver_5,132.6015,-45.4904,2.054,0.094,7.083,0.051,0.075,0.062,2.117,0.068,78,-1.45079,0.22503,1.60974,0.3357,0.09867,0.0454,1.54692,0.0928,394,78,0.7051282051282052,0.72284,0.2467,,,0.47368,0.63736,133.0,0.5939502057761856,0.23727569902982104,0.5512820512820513,0.4336862634362148,0.186551191650773,4.255977570921585,0.6431118087891041,30.337093963840683,7.50336215917902,0.3990488129790599,0.1092576501370976
Gulliver_50,181.347,-62.6797,1.657,0.029,8.023,0.151,0.054,0.051,1.081,0.033,197,-2.05101,0.2731,2.4469,0.24562,-0.09319,0.01991,1.56,0.05083,421,84,0.5177664974619289,0.69308,0.28261,1.42542,4.34631,0.55609,0.0,299.0,0.49551382297431174,0.22175811514249377,0.3147208121827411,0.3678908088789994,0.03308745698838547,3.8445367109414303,0.5296946305012596,47.054028192917926,10.79827208754326,2.2408004944196325,0.9335098185893844
Gulliver_56,95.3891,26.9237,1.956,0.055,8.52,0.14,-0.084,0.033,0.899,0.086,90,-2.7233,0.66656,1.30532,0.2013,0.09402,0.03195,1.70864,0.15662,269,53,0.5333333333333333,0.57784,0.27438,1.01655,1.73177,0.21394,0.3117,138.0,0.5132510064994508,0.05258737584977436,0.32222222222222224,0.3313014374380241,0.04926065160939477,2.661015409599304,0.2423167892624014,18.660835105740382,3.142695680564001,17.744710759527013,6.453797218939182
Gulliver_59,195.7457,-64.6247,1.944,0.094,8.019,0.349,0.079,0.041,1.55,0.145,158,-1.94521,0.33924,1.87074,0.25018,0.05863,0.02803,1.7957,0.08818,411,82,0.5632911392405063,0.67455,0.25296,1.08985,5.7817,0.36339,0.00086,247.0,0.5377488817189484,0.2413739280901245,0.3670886075949367,0.3832957889110824,0.038346732715187695,4.9594670216261525,0.5104516270541966,60.03832581962403,11.035749168439247,1.740088859838468,1.434453149119465
Gulliver_6,83.4051,-1.5811,0.408,0.001,7.124,0.014,-0.034,0.024,0.485,0.088,373,-1.47001,0.41428,0.45494,0.35165,-0.2,0.10069,1.5141,0.10984,365,73,0.353887399463807,0.65741,0.23264,1.04796,4.18906,0.1064,0.64708,505.0,0.30874220107013556,0.0795977589366026,0.26005361930294907,0.21704594860556756,0.06005173200115194,3.5186183860109006,0.4538605119206165,67.3528653644525,14.669238111863846,0.1975349394237171,0.0434911717945846
Gulliver_60,303.4523,29.7071,1.047,0.012,7.992,0.179,0.184,0.059,1.36,0.066,169,-2.15864,0.30496,2.13812,0.25154,-0.02562,0.02178,1.65774,0.06229,347,69,0.5621301775147929,0.63612,0.22348,1.06685,2.54868,0.28634,0.0016,264.0,0.32913559161025396,0.09085866410591258,0.40236686390532544,0.24612942477914737,0.08391324297577751,2.228894125684028,0.2114291155782056,20.74077438083476,3.600229140167256,4.73341990512734,2.1168968115742297
Gulliver_8,80.5653,33.8029,1.037,0.02,7.437,0.076,-0.022,0.085,1.049,0.077,51,-1.26319,0.26967,2.08701,0.71216,-0.18748,0.08548,1.1184,0.07517,156,31,0.6666666666666666,0.63126,0.22451,1.7067,1.60426,0.1646,0.81137,85.0,0.4176165408945881,0.1944564179320023,0.49019607843137253,0.22131904416651868,0.1482493937676841,0.7410082991410725,0.4506663097771781,2.522726787081637,2.31501707660044,10.842508750109047,10.12908587947517
Haffner_13,115.2647,-30.0759,0.551,0.001,7.541,0.026,-0.057,0.032,0.247,0.029,374,-1.74748,0.33103,0.78607,0.24373,-0.2,0.05522,1.53337,0.07684,393,78,0.3823529411764705,0.61241,0.22843,0.95365,3.27815,0.10122,0.62291,517.0,0.43007820673348796,0.02512850233924212,0.26737967914438504,0.28779035669540315,0.022885893789819655,3.113578398902101,0.2008628852407548,55.07058875216975,7.633175018393973,0.6310739894341758,0.0952817515660748
Haffner_16,117.5868,-25.4628,2.786,0.072,8.324,0.331,-0.058,0.054,0.388,0.033,169,-2.12256,0.41077,3.0,0.36564,-0.08066,0.02124,1.61404,0.06095,511,102,0.8224852071005917,0.73437,0.21008,1.98402,2.65348,0.31642,0.00044,308.0,0.5874309875910394,0.12417370777462125,0.6686390532544378,0.35823780796397614,0.10454829152309826,1.393646310592615,0.1720169444342004,9.543022697021314,2.007196096125404,22.09601943618409,17.47012107263415
Haffner_20,119.0604,-30.364,3.542,0.107,8.271,0.275,-0.174,0.043,2.224,0.057,91,-2.77805,0.77046,1.39343,0.19763,0.18154,0.03323,1.98763,0.24424,377,75,0.5824175824175825,0.62587,0.25106,,,,,144.0,0.7158015624007346,0.0516972741548122,0.3956043956043956,0.5104817401173157,0.051259044528411526,1.1279102618564802,0.1539782276670847,4.491348335812884,1.022477975303259,41.5549975483449,27.962000925757216
Haffner_21,120.2959,-27.2172,2.683,0.072,8.804,0.055,-0.02,0.047,0.366,0.028,108,-2.65754,0.69384,2.16865,0.26444,-0.01695,0.02602,1.51983,0.09591,270,54,0.7222222222222222,0.63393,0.21575,1.23074,1.52572,0.24127,0.07926,186.0,0.5538902567816363,0.17289983944765314,0.5277777777777778,0.3459886849352697,0.1323876670944832,1.2068960463212224,0.1425878282485047,7.137056081137902,1.452275059274449,89.22383594418781,21.38468188171021
Haffner_23,107.4003,-16.8847,1.965,0.051,8.695,0.097,-0.021,0.038,0.839,0.081,198,-1.13634,0.34765,2.50517,0.30516,-0.04698,0.02969,1.67177,0.06589,561,112,0.4494949494949495,0.65314,0.2483,1.32262,5.60626,0.28549,0.00056,287.0,0.4861904228274046,0.03535171333506564,0.3383838383838384,0.29150591644383933,0.11422691072898429,5.0530399401779,0.5756168910718302,59.46543502563461,11.767813971917407,8.33173406687784,2.4862561227454067
Haffner_26,123.9004,-30.8439,2.635,0.058,8.82,0.036,-0.055,0.055,0.62,0.057,183,-1.60365,0.37903,2.05545,0.25869,0.00846,0.02875,1.72418,0.06962,602,120,0.5191256830601093,0.56216,0.25864,1.24384,2.98433,0.2782,0.0035,278.0,0.5768320231831142,0.03693401354501877,0.29508196721311475,0.34852363293570765,0.03371437401928607,3.7036013971699218,0.2825563333322474,35.127322208171904,5.330775713537983,18.808534396450376,3.2523589087901823
Haffner_3,106.0288,-6.1328,2.332,0.041,8.722,0.098,-0.142,0.028,1.329,0.075,118,-2.24006,1.10342,1.24731,0.20998,0.07065,0.05657,1.74301,0.25279,275,55,0.711864406779661,0.57327,0.26912,1.254,1.44717,0.13936,0.67346,202.0,0.602397934666534,0.199710873647477,0.3983050847457627,0.4257641037551086,0.045066630916131195,1.7749559300252225,0.1515898443540674,13.440394800572705,2.184280174011247,39.22726000581148,10.90848692570925
Haffner_4,106.5099,-15.0044,4.203,0.258,8.865,0.428,-0.237,0.038,1.489,0.184,185,-2.8309,0.75819,2.12197,0.27831,0.04184,0.02597,1.76203,0.13126,1119,223,0.8,0.73591,0.24591,0.98739,4.00991,0.17096,0.53541,333.0,0.6517085874216695,0.15575848248125962,0.6270270270270271,0.470406024113276,0.12648906082675537,2.210681344311141,0.2827500529372193,13.707265260916246,2.963308987977942,53.46249008753185,53.94041972386504
Haffner_6,109.9982,-13.1523,4.106,0.188,8.633,0.12,-0.219,0.026,2.079,0.079,396,-2.434,0.66357,1.41581,0.16139,0.18104,0.02766,2.29799,0.18891,1745,349,0.6363636363636364,0.55416,0.25992,,,,,648.0,0.4668069076488397,0.07857738569737252,0.3686868686868687,0.3198278436116628,0.08952341438195391,4.30545916303126,0.2385119222944942,51.10047227954795,6.644044249354826,8.405723227274372,2.566876305751689
Haffner_7,110.7423,-29.5073,4.016,0.119,8.838,0.035,-0.106,0.063,0.811,0.052,114,-2.6302,0.90257,1.64998,0.27149,0.08473,0.03424,1.7645,0.17986,422,84,0.5175438596491229,0.64254,0.28797,0.98107,2.11851,0.17526,0.69437,173.0,0.5429053186730494,0.046800454806289464,0.3333333333333333,0.36564136454862906,0.044151078568834795,2.019416778569362,0.3046874658008561,11.6889623845622,2.8899280926354525,58.91474997419693,15.320133258131658
Haffner_8,110.7763,-12.3186,2.496,0.049,8.532,0.164,-0.116,0.06,1.29,0.061,221,-2.19468,0.73136,1.55174,0.25504,0.0443,0.04204,1.84535,0.16095,633,126,0.5248868778280543,0.59235,0.26736,1.37772,3.6753,0.3334,4e-05,337.0,0.4793451134416426,0.1561013952153303,0.3212669683257919,0.3268727153397962,0.03141133491327847,2.179395729834767,0.2072595556670417,18.009672951695016,3.1325582339338087,18.90140873818381,7.858398376106736
Haffner_9,111.1713,-17.0041,2.647,0.105,7.97,0.267,-0.145,0.029,2.215,0.056,218,-2.04549,0.4284,1.5851,0.22535,0.05203,0.03315,1.81151,0.1085,582,116,0.6467889908256881,0.67062,0.27107,1.27578,2.13713,0.39822,4e-05,359.0,0.46385266869152253,0.10024403649296319,0.44954128440366975,0.31792703107439674,0.09332278457252283,1.7784829524689911,0.1506766876359135,14.561840964568594,2.351703062903853,6.408903263452437,4.073807170387631
Harvard_10,244.8341,-54.9315,0.671,0.004,8.267,0.099,-0.024,0.029,0.586,0.049,252,-1.42258,0.2478,1.65446,0.18659,-0.09841,0.02971,1.67276,0.05745,425,85,0.4444444444444444,0.54351,0.24824,1.11042,3.51496,0.13056,0.21182,364.0,0.3795989472902039,0.10003092604290423,0.2619047619047619,0.2662660249652036,0.027696674603868727,3.767863530892402,0.2367216477771026,53.13133796118141,7.30070370286013,3.480560983292348,0.9264115193725728
Harvard_20,298.319,18.3437,2.234,0.071,8.027,0.099,-0.002,0.063,0.936,0.059,152,-1.89398,0.33711,1.92161,0.3215,-0.01161,0.03283,1.59534,0.08773,483,96,0.5526315789473685,0.63714,0.22858,1.35443,3.38904,0.23011,0.03346,236.0,0.5436604756782533,0.04033004600998874,0.3815789473684211,0.3923971572092043,0.039401480593810184,3.629771786267248,0.5398511850266184,33.464665134011106,8.172963374798094,3.179900393333968,1.0623464449261026
Hogg_16,202.3062,-61.2086,1.996,0.041,7.415,0.056,0.119,0.051,1.486,0.041,68,-1.57629,0.40986,1.18606,0.23247,0.11565,0.05657,1.60161,0.17662,232,46,0.6176470588235294,0.56832,0.25,1.68487,0.91866,0.59134,0.00439,110.0,0.43976244431592626,0.1794151925476611,0.4117647058823529,0.2914764690257181,0.14782261375510375,1.6585268698284117,0.1625357892491289,8.353438204923203,1.4811136122818531,3.112681867488809,0.6824097895922601
Hogg_22,251.6592,-47.0786,2.416,0.102,6.945,0.071,0.064,0.073,2.169,0.018,74,-0.9809,0.40415,1.72116,0.46813,0.14151,0.09978,1.67399,0.26665,444,88,0.5405405405405406,0.66475,0.23413,,,,,114.0,0.5936928183091031,0.05793244721372784,0.40540540540540543,0.45312904110980023,0.05707414128741433,1.5997583159443174,0.3830768483978935,5.872834402729852,2.1882690615379974,1.5002106522848309,0.6104292348293172
Hogg_4,149.4142,-54.6099,3.484,0.164,8.999,0.038,-0.046,0.065,1.917,0.065,564,-1.52942,0.95619,1.58391,0.14533,0.14507,0.04088,2.22811,0.24878,2165,433,0.7322695035460993,0.7653,0.28702,,,0.30809,0.04014,977.0,0.4399916443976954,0.05954507388219828,0.5088652482269503,0.26206393912501913,0.05483308387429148,5.008657426099801,0.1964630865970443,80.81839661980382,9.376953731564114,12.344962354500328,1.7939630051616111
IC_1369,318.0191,47.7696,2.87,0.099,8.49,0.229,-0.009,0.03,2.563,0.058,336,-1.56493,0.41412,1.59516,0.20684,0.11415,0.03434,1.99408,0.11858,1262,252,0.6755952380952381,0.68157,0.26474,,,0.43373,0.34627,563.0,0.4467925175824817,0.07495179100351701,0.47619047619047616,0.2717650514544696,0.068924042986059,2.032820816069909,0.1847373283317721,17.3770126081393,2.9361690884780707,17.783813030475184,9.846953943071712
IC_1434,332.6303,52.8524,3.016,0.128,8.118,0.266,-0.047,0.066,1.454,0.045,578,-2.2781,0.33181,2.36517,0.22112,0.09568,0.01825,2.30151,0.09186,1432,286,0.596885813148789,0.7317,0.22676,1.25218,4.73305,0.15412,0.11081,923.0,0.44000640664722146,0.07536719754253099,0.4757785467128028,0.25975218380306175,0.05379719532354786,4.433448027888527,0.1872235412795313,78.93370545731136,9.334435168552506,1.6624075753403764,1.0370089084178775
IC_1442,333.9595,53.9963,2.808,0.112,7.465,0.087,-0.082,0.052,1.547,0.05,392,-2.16327,0.32427,1.63512,0.1957,0.06028,0.02787,2.06485,0.09777,1473,294,0.5561224489795918,0.61477,0.27012,1.15828,5.98062,0.14957,0.05812,610.0,0.423071149348188,0.08534647190007687,0.35459183673469385,0.250026427774919,0.061383548630887644,9.08781883643121,0.4355865147010455,162.32470442697704,19.96552552794713,0.1797278500706337,0.0422488305574894
IC_1590,13.2149,56.6326,2.532,0.188,6.871,0.139,-0.128,0.073,1.315,0.088,137,-1.23589,0.15651,2.07564,0.42933,-0.00209,0.03808,1.66052,0.06437,651,130,0.781021897810219,0.7948,0.22153,1.27787,1.96815,0.15244,0.45819,244.0,0.467251983671088,0.09832977081950246,0.6423357664233577,0.31843801825512874,0.10463443858964831,1.275543261147196,0.3147011701855948,6.163098926370785,2.3623871013888067,1.2055933983429306,0.6020315419249839
IC_2157,91.1797,24.0869,1.877,0.049,7.738,0.282,-0.037,0.055,1.587,0.048,74,-1.47329,0.47739,1.16418,0.19429,0.07301,0.06447,1.5074,0.18455,189,37,0.5675675675675675,0.56935,0.29493,1.33787,2.01886,0.30754,0.11954,116.0,0.4470495150151082,0.19510378489749974,0.33783783783783783,0.25416167315230864,0.13747861846775453,1.5209239585435503,0.2636259974811225,8.452172303502625,2.348134208629539,6.471897912768364,4.570868896079167
IC_2391,130.7678,-53.0893,0.149,0.0,7.761,0.021,0.124,0.04,0.088,0.032,289,-1.45672,0.34885,0.05896,0.23884,-0.2,0.10269,1.37756,0.07981,215,43,0.2283737024221453,0.5678,0.25615,1.15569,2.35659,0.2733,0.00654,355.0,0.38935636906604376,0.02469321485221258,0.1314878892733564,0.22863346927697997,0.019878421491552764,1.680062191908641,0.2139693784931843,21.801516996972563,4.70100269866284,2.645533627189076,0.5846167139069085
IC_2395,130.4568,-48.0611,0.693,0.004,7.122,0.023,-0.034,0.039,0.474,0.044,361,-1.52541,0.26146,1.10254,0.3167,-0.2,0.05283,1.55934,0.07894,484,96,0.4016620498614958,0.69031,0.23103,0.96836,2.11322,0.09902,0.60285,506.0,0.3469544217945152,0.09736678195229609,0.2770083102493075,0.24825649915717368,0.08382919423645074,2.6490025647646247,0.1970050521056718,38.268590279370834,5.7121241172821495,0.346064886510483,0.0548100093236274
IC_2488,141.7932,-57.0357,1.287,0.012,8.184,0.036,0.019,0.025,0.979,0.024,642,-1.8619,0.22666,2.09653,0.20011,-0.03747,0.01969,2.01739,0.05189,1190,238,0.4672897196261682,0.59169,0.24705,1.17707,5.11982,0.15216,0.00106,942.0,0.4443021100841951,0.12612209344837053,0.29906542056074764,0.2664283891852099,0.06265167237549495,4.252551957003944,0.2006951561011117,82.73272273836325,10.136489568154651,1.8463867834603924,0.2731319507925904
IC_2581,156.8493,-57.6239,2.421,0.114,7.135,0.079,0.041,0.071,1.435,0.022,217,-1.19843,0.20048,1.65942,0.24157,0.13236,0.04015,1.98484,0.09649,834,166,0.511520737327189,0.58427,0.27222,1.40845,2.65511,0.26601,0.26432,328.0,0.44376754322686135,0.14052556876447836,0.3317972350230415,0.28463478133044323,0.101527565142955,2.2813270122508778,0.3279092389183959,16.445601056579225,3.905250648363475,0.8297557090763849,0.2482046861844267
IC_2602,160.6034,-64.3443,0.149,0.0,7.7,0.043,0.121,0.06,0.104,0.064,299,-1.28066,0.27087,0.16502,0.2184,-0.2,0.09393,1.47057,0.06968,264,52,0.31438127090301,0.50254,0.25598,1.14766,1.88615,0.27896,0.00222,393.0,0.34659614259469324,0.026849368459057436,0.15719063545150502,0.21552048310478467,0.021049530661348893,1.9890235862355872,0.23044562355247,27.492780787117336,5.491784301311876,1.822977593674775,0.4064248502836356
IC_2948,174.7877,-63.4337,2.242,0.081,6.814,0.063,-0.007,0.084,1.351,0.023,313,-1.39401,0.13489,2.02135,0.2645,0.0172,0.02674,1.9379,0.05286,1025,205,0.6773162939297125,0.77762,0.22103,1.08825,2.11547,0.06154,0.96683,525.0,0.4351045503642949,0.07238763176102897,0.5399361022364217,0.28301850281871976,0.06066121815317608,3.6986331906797,0.15082536543033,44.70396475979698,5.240388968572545,0.1457652352676474,0.0271861970831116
IC_361,64.7416,58.2517,3.385,0.113,9.014,0.034,-0.229,0.041,2.374,0.044,748,-1.8164,1.04042,1.44623,0.12477,0.12474,0.03777,2.34037,0.23606,2459,491,0.81951871657754,0.61772,0.27949,,,0.2036,0.23426,1361.0,0.45940601378869556,0.05948951208216788,0.4786096256684492,0.2840354689466134,0.04122826127827414,3.5484008706688863,0.1448613516234564,59.67807253413416,6.989577502619278,17.305542252067305,2.4379577870177185
IC_4665,266.6712,5.5021,0.31,0.013,8.309,0.27,0.112,0.066,0.51,0.148,253,-1.93339,0.81814,0.29588,0.57501,-0.2,0.14835,1.28553,0.17094,308,61,0.7905138339920948,0.82766,0.19099,1.21903,2.87789,0.18955,0.1633,453.0,0.36592978607316445,0.0897970508292643,0.6758893280632411,0.21845472523665455,0.059919729578314165,2.5793179901933883,0.1892399784254365,42.14206557184753,6.238970198066936,4.833749959960517,3.0891634598703543
IC_4996,304.1411,37.6504,1.912,0.08,7.027,0.023,0.076,0.065,1.863,0.049,134,-1.23688,0.16767,1.99145,0.24378,0.02968,0.02927,1.6818,0.07647,500,100,0.753731343283582,0.72642,0.2148,1.25385,0.67174,0.25702,0.175,235.0,0.5395232802389731,0.1505903607334914,0.5970149253731343,0.38571334545746805,0.12310139902752724,0.8876864548755696,0.1163990180490233,3.964669858032433,0.8748071208816989,2.684064641771772,0.609060512005319
Juchert_20,62.6978,46.8662,2.603,0.078,8.005,0.619,-0.188,0.047,2.41,0.163,162,-1.97058,0.33999,1.8211,0.24044,0.03497,0.03159,1.70136,0.08623,707,141,0.7098765432098766,0.68691,0.2491,1.14723,3.68595,0.17251,0.47618,277.0,0.5998397395053368,0.18103078458550792,0.5185185185185185,0.4333395095623758,0.14369880093833715,1.7421833106334164,0.2575752592906709,10.428102269012951,2.535662378597347,9.700513364409582,14.0259015833083
Kharchenko_1,92.1846,24.2756,2.407,0.093,8.671,0.077,-0.186,0.041,1.549,0.114,106,-2.78261,0.89599,1.49554,0.2588,0.06713,0.0357,1.68993,0.17725,348,69,0.5943396226415094,0.55506,0.23617,1.40736,3.42875,0.2481,0.12326,169.0,0.7309714001272712,0.04769201859572003,0.4056603773584906,0.5315904916251223,0.04769201859572003,3.096441083933716,0.4096066973605339,24.00727578413884,5.325106353815062,19.52797086852316,5.545242337665655
King_12,358.254,61.9608,2.491,0.099,7.259,0.097,-0.099,0.059,1.837,0.053,86,-2.00498,0.61779,2.22119,0.35124,0.05212,0.03555,1.61476,0.14303,300,60,0.686046511627907,0.63151,0.2255,0.81456,2.27939,0.22785,0.82053,145.0,0.5135315443512655,0.18961740492547025,0.5116279069767442,0.306674033849212,0.13881094571278824,2.4522303511789625,0.3736574124525602,16.224881959138404,4.047790510342471,1.1189700284694994,0.3746896557849544
King_13,2.5554,61.1745,3.23,0.107,8.76,0.045,-0.155,0.03,2.194,0.051,539,-1.90161,0.53983,1.51665,0.15831,0.09979,0.02934,2.17702,0.12626,1577,315,0.7235621521335807,0.61233,0.27313,,,0.18811,0.30445,929.0,0.4617257488057537,0.07099695294797369,0.4397031539888683,0.29083514467916727,0.048694264091456586,3.542555528102094,0.1655979895467498,54.01556923750928,6.591490587289263,10.653223606825602,1.7054321097127856
King_14,8.0069,63.1666,2.232,0.086,7.47,0.11,-0.019,0.042,1.681,0.04,217,-1.56528,0.34231,1.81872,0.27001,-0.0322,0.04144,1.69831,0.10159,870,174,0.5483870967741935,0.56465,0.27051,1.03488,1.98023,0.1367,0.28892,336.0,0.47208798723837364,0.12199741639998347,0.3225806451612903,0.27980891679204106,0.10879790588115533,2.092140133332354,0.215189490819484,14.414603889679228,2.6502347715996777,2.047374488576431,0.6407876316436737
King_15,8.2512,61.853,2.73,0.079,8.006,0.537,-0.109,0.039,2.063,0.082,131,-1.51906,0.3931,1.83432,0.27791,0.05746,0.03748,1.6719,0.10712,452,90,0.5954198473282443,0.71044,0.26112,0.65276,1.87052,0.2322,0.34352,209.0,0.46802974013001597,0.13431030692403545,0.4351145038167939,0.31670796702948006,0.11054500952430707,1.995836075696629,0.2664437810667014,12.833773988493784,2.870053747849407,7.900336928527101,9.92715835681074
King_16,10.9122,64.178,2.506,0.046,7.378,0.322,-0.063,0.055,2.528,0.049,149,-1.66944,0.3412,1.11057,0.17433,0.19606,0.04474,1.92029,0.15591,633,126,0.5973154362416108,0.61164,0.28633,2.67196,1.53446,0.18706,0.90954,238.0,0.5893398708406069,0.040178269350241685,0.37583892617449666,0.3667295445082706,0.03967857668771743,1.3673558502761411,0.2991232479054729,6.803326655122935,2.3328729572670954,3.509770152099261,2.867084058089707
King_17,77.0798,39.0688,3.318,0.075,7.559,0.45,-0.263,0.034,1.876,0.096,72,-1.25894,0.48705,1.37132,0.32024,0.07748,0.07136,1.5155,0.17039,281,56,0.6111111111111112,0.59696,0.26625,2.19874,1.58689,0.24839,0.57633,116.0,0.7664963167377431,0.057452192805513225,0.4027777777777778,0.5494603790150471,0.05780088420918413,1.4561646671886144,0.268839519534528,6.493824773774558,1.911221504655649,5.578268755874417,6.008639416191316
King_18,343.0382,58.3019,2.501,0.079,8.404,0.049,-0.09,0.027,2.096,0.063,287,-2.54596,0.42659,1.78607,0.21461,0.03318,0.02434,1.86476,0.08995,718,143,0.6480836236933798,0.70547,0.27263,1.17471,5.06942,0.33811,0.0,473.0,0.5027539338189316,0.09915472631473368,0.4529616724738676,0.3235677405704077,0.06700769532196772,4.675536711165066,0.5641869199992652,69.75705614972105,14.410910778837351,3.6342253679064473,0.8554576229073354
King_19,347.052,60.5269,2.487,0.081,8.775,0.042,-0.005,0.046,2.438,0.062,217,-1.52804,0.79523,1.39587,0.21435,0.15112,0.04604,1.93074,0.21431,676,135,0.5898617511520737,0.6738,0.27999,1.16388,1.96436,0.52195,0.00208,345.0,0.4898821471958561,0.11484625725548164,0.3824884792626728,0.2904140946450163,0.09529713919702149,2.3783791289054363,0.2340961779555851,20.242686404215995,3.607974330431997,29.426042158364456,5.967076081756644
King_20,353.3215,58.4721,1.709,0.03,7.623,0.128,0.113,0.078,2.589,0.037,144,-1.68263,0.39648,1.30811,0.23354,0.07394,0.04428,1.7622,0.11814,471,94,0.5416666666666666,0.57256,0.25874,1.02931,2.26005,0.21709,0.10282,222.0,0.40103535883270924,0.1163159875108202,0.2986111111111111,0.24399038350972027,0.10982532212707367,1.7483110602723468,0.1817620481972894,10.801388183252731,1.999771576454065,3.8861577499995135,1.3526017899139404
King_21,357.481,62.7052,2.811,0.147,7.196,0.107,-0.114,0.05,2.597,0.034,190,-1.46725,0.27609,1.64851,0.23578,0.04713,0.04033,1.71844,0.10896,1078,215,0.5526315789473685,0.61264,0.26993,,,,,295.0,0.5319438881523814,0.2603010022089507,0.3684210526315789,0.34766641412461774,0.17538643730636386,1.5395625625183715,0.141919616698732,7.372820082498337,1.2569252762199123,2.12993506794136,0.638146395180396
King_4,39.0238,59.0265,2.203,0.062,7.923,0.347,-0.112,0.044,2.535,0.051,230,-1.93358,0.29254,1.6495,0.20006,0.04327,0.02755,1.80571,0.08331,888,177,0.5739130434782609,0.63422,0.26108,1.26136,2.35153,0.25714,0.00624,362.0,0.5294470901812344,0.1698423210845766,0.3565217391304348,0.34724455068063714,0.1810145155691016,1.9827499964356432,0.1948093907071496,13.969658144244912,2.485377467259805,5.995345580249007,4.907581757391354
King_5,48.6598,52.6931,2.186,0.114,8.961,0.038,-0.129,0.03,2.586,0.046,504,-2.25462,0.64154,1.78678,0.19651,0.06363,0.02657,2.10547,0.12125,1275,255,0.621031746031746,0.73731,0.28025,1.5157,7.51163,0.31389,0.0,817.0,0.47476975266193866,0.059394669683937716,0.4305555555555556,0.314002279912866,0.05679282049048241,3.692315082242812,0.2589142852983382,57.46337207203994,8.339836888191076,15.90775494908752,2.695862566406735
King_6,51.9979,56.4272,0.702,0.001,8.072,0.193,0.041,0.06,1.909,0.062,290,-2.48611,0.25972,1.79819,0.14567,-0.04787,0.01622,1.76725,0.04713,497,99,0.5793103448275863,0.64292,0.22686,1.20812,1.91649,0.24713,0.00034,458.0,0.4519994436446021,0.09497705224243952,0.42758620689655175,0.31048582835072625,0.07398630319178043,1.611566763624246,0.1215892054812194,16.530252707285236,2.4920429635027195,7.1403665542967465,3.350787130487163
Koposov_10,86.8591,35.4311,2.377,0.12,8.279,0.348,-0.192,0.036,2.505,0.099,105,-1.49269,0.53362,1.88938,0.3811,-0.00573,0.04847,1.49012,0.11557,457,91,0.6476190476190476,0.67152,0.25193,0.73247,1.81114,0.44085,0.0014,173.0,0.6806852084569254,0.046619903452336686,0.4666666666666667,0.4950954132609059,0.04868644955601477,1.74093680932631,0.193249720111366,8.991034368741113,1.7442736313767515,21.14415541033551,17.432296693178884
Koposov_12,90.2358,35.2985,2.105,0.066,8.651,0.122,-0.101,0.03,1.852,0.062,304,-1.81238,0.54665,1.53804,0.22925,0.06013,0.03786,1.93343,0.12141,851,170,0.4703947368421052,0.6051,0.27251,1.51541,4.20181,0.36859,0.0,447.0,0.5364546089392789,0.02862665350276914,0.27960526315789475,0.3513297546787767,0.025740746930508016,3.418922902197292,0.2660811256027114,38.27608020291121,5.880644762461329,11.69694759241073,3.745178519188431
Koposov_36,84.2284,31.2199,1.64,0.06,7.623,0.417,-0.112,0.062,2.577,0.236,178,-2.37082,0.29909,2.05234,0.23521,0.04076,0.02021,1.82778,0.0725,537,107,0.6460674157303371,0.723,0.22677,1.54637,2.78157,0.1266,0.55507,293.0,0.48427577062411303,0.13010949985590037,0.47752808988764045,0.34089908725168044,0.10872836266405406,2.228511833276626,0.2391956776192769,18.094542428288143,3.42589951974259,2.319809885519827,2.270321101542
Koposov_43,88.0901,29.8911,4.658,0.284,9.04,0.042,-0.307,0.079,2.047,0.097,127,-0.76078,1.80637,1.57885,0.22132,0.12666,0.09749,1.6181,0.43524,948,189,0.7637795275590551,0.65792,0.27814,,,,,224.0,0.7109083480430549,0.28735397996874773,0.5118110236220472,0.5153525261862728,0.04435544509543522,4.4544842611445965,0.4805883304921059,31.180398649746028,5.926468209823869,35.165624675299455,7.499375401975598
Kronberger_4,296.2948,28.1618,6.866,0.742,8.908,0.072,0.072,0.086,2.575,0.103,112,-0.0,1.29067,1.35197,0.31695,0.2,0.1483,1.57057,0.36807,750,150,0.8571428571428571,0.62241,0.28279,,,,,208.0,0.548608007480759,0.14035199398563397,0.5,0.40471212333659334,0.15270852254259698,1.316103247935711,0.2169744246464404,5.315309132164266,1.4178358739113102,152.2199140370481,47.80730739802341
LP_0201,118.9571,-29.4691,3.408,0.196,7.313,0.114,-0.142,0.051,2.32,0.039,135,-1.44171,0.26802,1.27269,0.18123,0.11781,0.04196,1.76271,0.11674,656,131,0.7111111111111111,0.57297,0.25761,,,,,231.0,0.46770035717600233,0.12742440311562608,0.4,0.31855244608476424,0.12358777357723451,1.6105727100436855,0.1923031070596414,8.346598555481494,1.7114921153952396,2.463147810833633,0.8204539980962163
LP_0665,108.7018,-26.2456,3.331,0.163,9.056,0.054,-0.068,0.058,1.333,0.1,125,-2.868,1.119,1.87288,0.29786,0.10467,0.0287,1.88398,0.21404,573,114,0.576,0.78215,0.25978,1.47672,5.4507,0.35569,0.01438,197.0,0.5408769332095488,0.24747891371993694,0.456,0.34934465336081333,0.12947096761822705,4.741082184542238,0.845958045047355,39.86908756441223,11.38404192206777,28.5340687565394,8.886467713754934
LP_0733,111.0731,-20.2464,2.613,0.082,7.523,0.031,-0.149,0.039,1.108,0.021,286,-1.81675,0.24506,2.0964,0.23444,-0.02134,0.02557,1.83172,0.07464,936,187,0.5734265734265734,0.64962,0.2524,1.07965,4.40449,0.05301,0.98685,450.0,0.4739922241853476,0.11480002503242485,0.3986013986013986,0.3231648678663991,0.07969977534735039,4.642326048799202,0.4046203143861918,58.05893028666318,9.552623356799655,0.5742896245538074,0.1029986608583459
LP_0782,153.9768,-59.0316,3.152,0.111,8.256,0.177,0.0,0.037,1.882,0.111,100,-2.36565,0.57394,1.47961,0.2507,0.13212,0.03429,1.84835,0.16012,346,69,0.7,0.59647,0.25618,2.31626,1.69403,0.553,0.02196,170.0,0.5927963364432736,0.20840343087387023,0.45,0.4410082437978194,0.049749371855331,1.929279488922626,0.2563939306758412,11.894535963410515,2.6511860202937605,15.158369745620504,7.041443758956991
LP_1406,110.3253,-11.7901,2.597,0.155,8.646,0.314,-0.172,0.047,1.535,0.13,74,-2.44047,0.72917,2.14326,0.44477,0.05583,0.0343,1.61517,0.13508,270,54,0.527027027027027,0.60009,0.21581,1.97336,2.11068,0.32661,0.16022,113.0,0.6771634212555095,0.05803884298235808,0.3783783783783784,0.481991101115999,0.05637808913501088,2.102170550751191,0.2390219978859324,11.270785016226467,2.2283276820764195,39.26863760824433,29.434051277683995
LP_1540,170.2306,-59.3058,2.454,0.076,9.161,0.026,-0.008,0.039,0.814,0.064,283,-1.52291,0.58676,1.8803,0.27697,-0.05422,0.03897,1.72791,0.0789,934,186,0.6501766784452296,0.74085,0.27909,1.28659,4.00261,0.47152,0.0,467.0,0.5274149169966369,0.10727957298937364,0.4275618374558304,0.33973027864826355,0.09601300090959416,4.014687538558251,0.3170567616341256,48.163925366577686,7.45337517218529,30.08002031641101,4.991080815634401
LP_1614,241.5615,-52.1413,2.121,0.073,7.804,0.337,0.152,0.036,3.276,0.066,168,-2.26897,0.51494,1.52177,0.20429,0.14211,0.03499,1.97564,0.17788,818,163,0.7202380952380952,0.71939,0.27463,,,,,289.0,0.39849386651523033,0.11338451435941486,0.5059523809523809,0.25738516602434514,0.0836404094845753,1.6882727592341893,0.1380595529323164,9.562793240122271,1.5111967581729675,6.65909535967102,5.273332396379066
LP_1800,337.8983,57.9894,1.329,0.03,8.277,0.112,0.038,0.039,1.761,0.065,330,-1.50772,0.30855,1.95751,0.26948,-0.0607,0.03302,1.79897,0.06764,1017,203,0.4848484848484848,0.59237,0.26208,1.59269,7.07206,0.33657,0.0,490.0,0.4981948864143009,0.027511453900567865,0.2909090909090909,0.3299746662493034,0.025001878216448312,3.658807362859336,0.2791453836805173,41.751472326779805,6.3398316650662645,4.53239972912573,1.3564260951489402
LP_1809,334.7117,57.426,2.596,0.148,8.338,0.292,-0.016,0.055,2.857,0.078,107,-2.35229,0.80745,1.64741,0.2892,0.14572,0.04083,1.88818,0.23325,487,97,0.6822429906542056,0.67329,0.25232,,,,,180.0,0.5687599704369953,0.19251929622828093,0.5046728971962616,0.4215883795691395,0.1726569433438632,2.1603683222844228,0.3684864174605363,12.410808504620752,3.4073741141575464,17.54688078171826,12.74341116679
LP_198,112.1278,-20.1067,2.84,0.065,8.441,0.275,-0.127,0.038,1.177,0.06,403,-2.46302,0.39623,2.02839,0.19323,0.02045,0.02096,1.99573,0.0833,916,183,0.6401985111662531,0.67594,0.25924,0.90623,10.18503,0.27739,0.0,661.0,0.4286872297569843,0.07635713802345379,0.45409429280397023,0.29378636380714973,0.058834730676594185,8.895209064332985,0.8628971136873648,212.89082811898083,37.57475608543808,1.2967105631612807,0.8523911938026087
LP_1994,191.049,-58.08,1.812,0.04,8.824,0.039,0.04,0.045,1.461,0.047,269,-2.09661,0.57105,1.90693,0.21737,0.03419,0.02963,1.85068,0.12203,638,127,0.5947955390334573,0.68505,0.24456,1.35616,5.11202,0.14935,0.1532,429.0,0.5442512812199486,0.16136785202564724,0.44981412639405205,0.3839024554614494,0.11648187649682577,3.3209203008872503,0.3222237845668614,40.93934790987547,7.218438558158668,16.287674407553848,3.222862805048212
LP_2000,319.0494,57.4778,1.313,0.016,8.157,0.083,0.154,0.045,1.783,0.036,242,-2.51086,0.57157,1.69984,0.2373,0.00279,0.02986,1.82018,0.10434,654,130,0.5537190082644629,0.79598,0.27888,1.03595,7.53784,0.40228,0.0,376.0,0.3302730650266355,0.08894295056132921,0.41735537190082644,0.2186771960783341,0.059819938253076466,4.225959967929375,0.4725744418394612,52.21186156542701,10.179932519740726,2.749355013045905,0.7506266134535322
LP_2059,153.2595,-60.9018,2.149,0.05,7.996,0.076,-0.107,0.038,0.762,0.045,352,-2.26518,0.33068,2.23266,0.24096,-0.07059,0.02158,1.64918,0.05781,607,121,0.4886363636363636,0.65424,0.26375,1.2405,8.77628,0.28505,0.0,524.0,0.4850434801296034,0.02664320588437407,0.3153409090909091,0.3386172371643736,0.024766008375703596,13.536455355830206,0.7342335755005575,406.1028455351511,52.25007191889242,0.2439854721005654,0.0529946985248677
LP_2068,283.9673,-5.092,1.831,0.033,8.27,0.061,0.13,0.033,2.17,0.047,261,-1.63468,0.33261,2.03444,0.31429,0.00439,0.03326,1.87605,0.08128,850,170,0.6245210727969349,0.71792,0.25462,1.44638,3.01064,0.30296,6e-05,424.0,0.43076146314567715,0.0924281729163971,0.42911877394636017,0.2689306359214265,0.07000445635237167,2.847564497953204,0.2404954947078305,27.89739957903908,4.502561450032598,6.674769565482937,1.4281107511096245
LP_2094,175.5312,-61.9362,1.614,0.028,8.334,0.114,0.042,0.03,0.876,0.038,204,-1.34126,0.42145,1.98271,0.3105,-0.0768,0.04258,1.6351,0.08284,569,113,0.4754901960784313,0.51579,0.26986,1.31522,3.14606,0.25783,0.00182,301.0,0.4822444957162352,0.034964917256915855,0.2549019607843137,0.3182467950490661,0.030512529664589918,2.341363469222358,0.2227672976359259,19.337908601466232,3.362120242553133,11.158106357939149,3.5131441488275903
LP_2123,297.9696,22.1076,1.547,0.076,8.128,0.057,0.046,0.088,2.127,0.051,90,-1.80949,0.53363,2.19583,0.35287,0.06535,0.03729,1.69695,0.15618,305,61,0.7444444444444445,0.66876,0.21728,1.37447,1.60534,0.33877,0.04885,157.0,0.5220234752148013,0.1562451485556845,0.5888888888888889,0.3303864680091212,0.12396469673122786,1.5294049673818897,0.2951347847383966,8.416732883787152,2.577600562477709,15.953517590232476,5.315495435679692
LP_2219,130.8037,-45.8155,1.416,0.018,8.031,0.071,0.043,0.003,1.303,0.046,568,-2.08796,0.21571,2.75982,0.25552,-0.10916,0.01575,1.88295,0.03955,1444,288,0.6549295774647887,0.81731,0.23504,1.33882,8.34605,0.19243,5e-05,940.0,0.43340470458751557,0.05813254932659728,0.5404929577464789,0.24845545609678973,0.027001751607993753,9.89540750840083,0.6440191892344859,266.1189955779572,37.137772069488754,0.4035748782264701,0.0867469902083832
LP_2220,127.4473,-41.3655,1.288,0.012,8.705,0.063,-0.1,0.057,1.057,0.106,182,-2.43741,0.65172,2.07723,0.44575,-0.05413,0.03481,1.62968,0.09004,365,73,0.4230769230769231,0.66893,0.23205,1.14592,6.25056,0.31549,0.00017,259.0,0.5373066228705836,0.03662123027418631,0.3021978021978022,0.3598897923608234,0.03403894751673976,4.4808261493602535,0.749601398846349,56.78425049003572,15.339006407127728,8.928368410245534,2.7375646963850904
LP_2238,167.7031,-56.8407,1.146,0.012,8.712,0.15,-0.105,0.05,0.44,0.081,133,-1.78523,0.55639,2.24481,0.32887,-0.14213,0.03558,1.35126,0.0678,288,57,0.4285714285714285,0.57248,0.24884,1.39612,3.76206,0.27034,0.01761,190.0,0.5818096509471309,0.04291081494186504,0.2781954887218045,0.3796264187836596,0.03885608290566273,2.1948289886424748,0.3024763189088825,17.226721808212382,3.9481076848615695,29.908687811753868,12.397449106836346
LP_2253,307.5172,45.9047,1.384,0.023,8.045,0.144,0.027,0.073,1.611,0.106,143,-1.61895,0.27915,2.04853,0.27623,-0.05746,0.02979,1.54888,0.0668,384,76,0.6573426573426573,0.67567,0.25048,1.14228,3.62339,0.28139,0.00562,237.0,0.530839639487219,0.1574830183899718,0.46153846153846156,0.3616355682961589,0.12991263094378264,2.2343162941138472,0.2836364497682612,18.185496198277576,3.902553021344698,6.099227665657291,2.408940397879119
LP_2312,223.1395,-61.5089,1.025,0.01,8.162,0.216,0.042,0.097,1.753,0.105,65,-1.28212,0.43324,1.38123,0.45851,-0.01302,0.07099,1.43901,0.0995,198,39,0.7538461538461538,0.59191,0.23315,1.05747,1.75333,0.13961,0.89601,114.0,0.5517975748863094,0.20795027253861642,0.49230769230769234,0.3575493795905464,0.1731750544686328,2.189776495886375,0.287973789171012,14.083959428558446,3.105241290764165,10.310393358867938,5.609243447915098
LP_2339,290.6811,18.6803,1.034,0.008,7.948,0.232,0.156,0.047,2.652,0.039,105,-1.81816,0.41105,1.99936,0.30623,-0.03752,0.03485,1.49492,0.09743,244,48,0.6857142857142857,0.75774,0.232,1.07296,1.7267,0.11662,0.83503,177.0,0.31566433750068534,0.14026851717196198,0.5619047619047619,0.21749666672788556,0.10020251333069732,2.614713564134797,0.3356861063436523,23.047562634961377,4.983821676769267,3.849240052361176,2.218342842154699
LP_589,119.8153,-19.1332,2.826,0.06,8.702,0.043,-0.117,0.033,0.268,0.036,177,-2.00137,0.43719,1.84549,0.29421,-0.00786,0.03106,1.61271,0.07516,524,104,0.5028248587570622,0.54844,0.26163,1.72323,6.09595,0.38861,0.0,266.0,0.49797287573181404,0.03758170159482839,0.288135593220339,0.34179730081453075,0.03404163893794435,3.347239404410903,0.4326689096983901,31.24603543835616,6.805761482686495,16.114063807590487,3.8554485330221593
LP_597,282.1025,8.7248,2.004,0.085,8.795,0.306,0.119,0.053,2.942,0.115,273,-1.65711,0.50971,2.01175,0.21201,0.08153,0.03329,1.95597,0.12821,1099,219,0.6923076923076923,0.75059,0.24354,1.86324,3.96317,0.37119,0.00083,462.0,0.4868260072202838,0.1008680704890806,0.5531135531135531,0.3240433383766604,0.07365868010618087,3.230065921831752,0.3073222538573333,31.76550714118872,5.528960573993199,19.63560136817881,14.250954057447167
LP_658,95.3039,-3.3948,1.4,0.02,9.013,0.02,-0.103,0.039,0.811,0.07,184,-2.43328,1.20394,1.38765,0.34301,0.02797,0.05139,1.75464,0.20283,420,84,0.3804347826086957,0.61771,0.25245,1.40906,10.08106,0.2298,0.01253,254.0,0.5580292739721675,0.035791072392288764,0.2554347826086957,0.38049001287189754,0.03215011109947198,4.287023725906297,0.5965433938015345,48.78749696769377,11.291614651066851,21.11988079904816,4.983910412251529
LP_866,261.7528,-39.4088,2.104,0.171,9.521,0.154,0.099,0.047,2.261,0.159,322,-0.0,3.57729,1.80559,0.19638,0.08157,0.09512,1.92579,0.44198,1219,243,0.8385093167701864,0.74961,0.25915,0.88664,3.84359,0.30659,1e-05,592.0,0.5136645179021342,0.06792501860424166,0.6242236024844721,0.33883381039645977,0.0552483180147695,2.764655744930192,0.2679961196317706,29.216010738639483,5.150396736149077,113.60019700214092,44.98579960976561
LP_930,102.8405,-1.8162,2.276,0.064,9.2,0.031,0.032,0.062,1.046,0.08,189,-2.68346,1.22739,1.45169,0.21666,0.09635,0.03252,1.94545,0.21472,508,101,0.6349206349206349,0.66946,0.27641,1.27149,3.77931,0.21754,0.04501,309.0,0.5124332985536113,0.1263449437620738,0.4497354497354497,0.34198354990940993,0.09719874629607472,3.1126652633109826,0.2724649781537432,32.0294693754629,5.274886011994235,49.48234308481126,8.881692404196878
Loden_1194,211.9608,-59.7101,0.717,0.004,8.373,0.069,-0.027,0.027,0.764,0.046,74,-1.62097,0.23324,1.53701,0.21373,-0.12791,0.02841,1.25088,0.03869,140,28,0.4729729729729729,0.57899,0.28901,1.17223,3.68476,0.15288,0.74572,109.0,0.4669007879492742,0.05803884298235808,0.25675675675675674,0.2598903307170346,0.05078208939110116,2.889088430082116,0.3588676489530956,24.55759864702343,5.192987634311579,9.612007538313122,2.5423409234692222
Loden_372,172.7549,-58.4947,1.665,0.041,8.149,0.105,0.092,0.058,1.087,0.06,122,-1.57461,0.44531,1.69097,0.32144,-0.06824,0.04789,1.51209,0.10537,380,76,0.5163934426229508,0.56169,0.24657,1.31906,2.23618,0.31148,0.00512,185.0,0.47458097926185233,0.21145431542949567,0.28688524590163933,0.3255847521340085,0.040949999658279314,2.073607260058986,0.2203065193251571,13.492628153748775,2.5385190155309667,10.444879843741315,3.199792498083743
Loden_46,155.9499,-54.6193,1.093,0.006,8.915,0.062,-0.119,0.063,0.483,0.135,115,-1.22062,0.28075,2.1135,0.24812,-0.14511,0.02863,1.46389,0.04183,288,57,0.6521739130434783,0.64408,0.22643,1.39664,11.38536,0.37078,0.00061,190.0,0.5369138642317398,0.17944702532411633,0.4782608695652174,0.3546923186106453,0.13574284237854553,8.430128654381186,1.5718790267366785,129.6740015847666,38.47167197503747,6.340844270233905,2.0876643018687897
Lynga_2,216.1662,-61.3541,0.918,0.007,8.05,0.121,-0.05,0.035,1.026,0.031,184,-1.63821,0.24439,2.20183,0.28387,-0.11656,0.02656,1.478,0.05347,367,73,0.4456521739130434,0.52125,0.2357,1.14813,2.67798,0.18669,0.07066,266.0,0.47643569558588794,0.03664209341427634,0.24456521739130435,0.3078247122926609,0.031687423084003075,2.24510470129369,0.1987087065048052,20.50936754488127,3.4021370617739985,5.470760869864067,1.77392711657653
Majaess_65,87.4379,27.076,0.926,0.007,8.054,0.093,-0.048,0.04,0.808,0.044,42,-1.36637,0.37261,1.74219,0.33846,-0.12513,0.04491,1.13657,0.06845,98,19,0.5,0.75524,0.25997,0.89613,1.09049,0.32212,0.20351,63.0,0.4951638393023014,0.07715167498104596,0.40476190476190477,0.2571340935314826,0.16890021510897846,1.5299719450751983,0.2505316097367134,7.648573393861704,2.019688936549587,14.805380100612696,5.033486505510439
Mamajek_4,276.3936,-50.8305,0.442,0.01,8.772,0.041,-0.006,0.056,0.335,0.073,358,-1.41258,0.48485,1.1877,0.28847,-0.2,0.05949,1.67714,0.06668,506,101,0.5810055865921788,0.65835,0.21797,1.13138,9.13369,0.15691,0.05908,566.0,0.43568959613784874,0.08912405303270035,0.4245810055865922,0.269671441705957,0.05784384675918045,10.968064124242034,0.7936159714996194,345.42839066552506,50.93219608761936,1.7125449157080943,0.2998320958077448
Markarian_38,273.8232,-19.007,1.662,0.048,7.164,0.161,0.031,0.071,1.061,0.048,45,-1.07992,0.33787,1.3864,0.45722,0.04738,0.08198,1.27647,0.1357,156,31,0.6,0.56932,0.2665,0.96027,1.22598,0.27143,0.54388,72.0,0.5491005362166931,0.3087236520471558,0.4,0.35714413735014544,0.07302967433402215,1.1508999667376398,0.5387808006483773,4.340547006011674,3.0783272175302043,3.360899578451481,2.689557293808272
Melotte_22,56.8112,24.1892,0.135,0.0,8.005,0.016,-0.017,0.01,0.349,0.036,1236,-1.74569,0.32999,0.22909,0.22169,-0.2,0.06544,1.77512,0.0627,816,163,0.18042071197411,0.58519,0.22871,1.24056,2.96354,0.19247,0.0001,1459.0,0.38061343126927,0.010937786655138296,0.11650485436893204,0.21973685459114678,0.009125672084900789,2.589283808859076,0.1432866690524927,68.46985787661536,8.892057903895058,1.4774084328943626,0.1994394021544097
Melotte_72,114.6221,-10.7028,2.578,0.089,9.097,0.026,0.066,0.063,0.23,0.016,254,-2.07399,0.89093,1.53963,0.24018,0.03461,0.04027,1.87696,0.14952,709,141,0.6811023622047244,0.61879,0.25922,1.40568,2.65316,0.2016,0.0135,427.0,0.583475127571754,0.1485042749377518,0.468503937007874,0.4308301775155584,0.15435221344509628,2.169840764467592,0.2593665697082477,20.43372069841502,4.189438232280515,61.18606829713091,13.068580436622998
NGC_1027,40.6822,61.6262,1.069,0.004,8.104,0.129,-0.038,0.047,1.486,0.062,472,-1.98202,0.26015,2.12128,0.21508,-0.07511,0.02112,1.84859,0.0522,879,175,0.4364406779661017,0.60122,0.2498,1.07895,4.1938,0.1914,0.00029,678.0,0.37922142024366134,0.08651188379559023,0.2860169491525424,0.24367110526315364,0.07001561914918573,3.311925308595544,0.1850016638591901,50.41412672078144,6.559606379730439,2.52027395465087,0.8172788610056555
NGC_103,6.3188,61.3254,2.984,0.064,7.996,0.142,-0.123,0.035,1.723,0.041,284,-1.70461,0.46628,1.35401,0.21346,0.05924,0.04652,1.86863,0.14168,841,168,0.5633802816901409,0.61247,0.28788,1.26976,2.53467,0.36559,0.00029,444.0,0.5240311156616649,0.1700670236636417,0.35563380281690143,0.3460734053356347,0.18004902604388884,2.329237544412124,0.1535789551752579,21.533799556511525,3.026860583016585,4.601287117456959,1.6376025277376465
NGC_1220,47.9197,53.3459,2.493,0.049,7.553,0.224,-0.113,0.027,2.477,0.028,67,-1.39851,0.53196,0.98566,0.24078,0.15086,0.07625,1.57179,0.21543,255,51,0.5373134328358209,0.55643,0.28432,0.83934,0.71392,0.41538,0.80054,103.0,0.5618507594846363,0.06091438912063716,0.29850746268656714,0.3578859968073967,0.05590513785789613,0.6731159074457611,0.1497469812535762,1.963120853990688,0.6838803308332403,18.199227899069715,11.327252790188536
NGC_129,7.5498,60.2434,1.723,0.026,7.963,0.038,0.002,0.052,1.854,0.026,720,-1.78925,0.29213,1.95467,0.22697,-0.0136,0.02755,2.11429,0.076,1577,315,0.5402777777777777,0.64511,0.25841,1.47708,7.99223,0.26603,0.0,1109.0,0.4022779651544368,0.059334222570655876,0.38472222222222224,0.23489214176628018,0.04564631390462499,5.363031583397711,0.3262547677321358,116.61883138850024,15.776507311302383,0.7874650993751404,0.1268707274559874
NGC_1342,52.868,37.3958,0.636,0.003,8.605,0.095,-0.005,0.028,1.263,0.045,478,-2.19537,0.29145,2.23749,0.22305,-0.12632,0.01866,1.77302,0.04236,925,185,0.5543933054393305,0.76295,0.24836,1.3375,3.08755,0.16905,0.00627,743.0,0.44349717510893827,0.08443818582412782,0.4456066945606695,0.2676960314289356,0.055358961760801136,2.873932110161342,0.1592678759375735,42.83413725723936,5.570105605074717,9.40177765007737,2.3925585529394664
NGC_146,8.2509,63.3253,2.598,0.103,7.4,0.079,-0.093,0.048,1.849,0.03,221,-1.37353,0.29915,1.61288,0.28877,0.02819,0.05055,1.75552,0.10741,759,151,0.4751131221719457,0.59864,0.28875,1.03021,3.19602,0.13574,0.43671,326.0,0.5595138791677376,0.03359195142451028,0.25339366515837103,0.3582514564572992,0.029258198032491668,3.87243007720464,0.5366607904597309,37.93977291042111,8.74328153076356,0.6620720786706737,0.1943799965336864
NGC_1496,61.1148,52.6597,1.529,0.033,8.544,0.116,-0.091,0.071,1.808,0.078,74,-1.34022,0.40556,2.07489,0.22709,0.03227,0.03214,1.51388,0.10585,199,39,0.6486486486486487,0.60376,0.18524,1.42121,1.22922,0.24603,0.32259,122.0,0.512954980379648,0.19639257991703532,0.4864864864864865,0.30594108749071997,0.14211340655471957,0.9477717191453968,0.1271971865212583,4.206282868882029,0.9417536203677616,83.19582347094222,28.99586616163381
NGC_1502,61.9603,62.3364,1.019,0.01,6.881,0.065,-0.17,0.093,2.236,0.045,212,-0.96185,0.10613,1.54638,0.24622,-0.16606,0.03875,1.64506,0.04263,728,145,0.75,0.64081,0.23954,1.43893,1.64039,0.26542,0.00086,371.0,0.5462880938870148,0.11157451080898427,0.5141509433962265,0.3978969512342189,0.11514379187849023,0.9200756384709528,0.1542841927245163,4.97378387848853,1.345543305210904,1.5286677015231225,0.4726165613668601
NGC_1513,62.4583,49.5031,1.352,0.019,8.23,0.186,-0.004,0.04,2.228,0.045,416,-1.98142,0.40837,1.9725,0.22591,0.00858,0.02915,1.99031,0.10046,850,170,0.5216346153846154,0.60387,0.24643,1.22565,2.70555,0.21609,0.00024,633.0,0.4667810428047433,0.10861460977501075,0.33413461538461536,0.30877533516446193,0.0997610912617176,2.18715697658506,0.1446571644144532,26.005584403217256,3.6632291670717567,6.5303037460356,2.944195978023738
NGC_1528,63.8535,51.2424,0.986,0.008,8.54,0.106,0.007,0.04,1.149,0.036,380,-1.55347,0.32434,2.10001,0.29775,-0.07429,0.03062,1.83518,0.06191,925,185,0.4526315789473684,0.59913,0.24428,1.08202,3.99146,0.22721,8e-05,552.0,0.4641429363028977,0.025534096538126622,0.3131578947368421,0.29352795203004056,0.11059741217506913,3.3823977913354115,0.2576079827411226,42.868452492075086,6.508560642984192,8.088392052795253,2.324950118894648
NGC_1545,65.1883,50.2603,0.692,0.004,8.126,0.238,-0.03,0.044,1.237,0.081,189,-1.89379,0.34346,1.62359,0.27834,-0.12516,0.03479,1.48579,0.06677,287,57,0.5555555555555556,0.64959,0.22553,0.94882,3.18697,0.25399,0.00931,294.0,0.397457298518495,0.10142929823768357,0.3968253968253968,0.26859510528479824,0.09199019390055214,3.262563924801227,0.2658684084089748,43.96217173736864,6.923552328468495,3.0403309566490555,1.7335844949972414
NGC_1582,67.9688,43.6975,0.941,0.008,8.188,0.15,-0.096,0.03,1.278,0.025,203,-1.58718,0.27335,1.86629,0.24127,-0.0713,0.02908,1.65861,0.06337,534,106,0.5517241379310345,0.60749,0.22284,1.27194,5.01332,0.27492,0.0007,315.0,0.5590834544650592,0.0349048399226535,0.4236453201970443,0.38331029960161844,0.14339802637716928,4.185639393113966,0.4474756300509657,49.46257561459099,9.328176020236194,3.11690289839006,1.2265680856737973
NGC_1605,68.7425,45.2687,2.463,0.102,7.799,0.423,-0.151,0.038,2.679,0.087,222,-2.27955,0.47959,1.4071,0.21941,0.11094,0.03466,1.94402,0.13887,610,122,0.5585585585585585,0.63903,0.27398,2.17754,2.52902,0.32857,0.13769,346.0,0.4981689688034861,0.15259080879713316,0.35585585585585583,0.3559944539554267,0.03213306131260457,1.930817346651136,0.234327773671703,15.623153649870163,3.244941834084748,4.029315700050288,4.012767483459405
NGC_1662,72.3564,10.852,0.388,0.014,8.847,0.083,-0.17,0.055,1.159,0.088,295,-1.65345,0.34923,1.40229,0.23582,-0.18239,0.0365,1.62395,0.05049,397,79,0.5627118644067797,0.69767,0.21569,1.346,5.6883,0.28483,0.00023,461.0,0.5772650170202491,0.028881242640916214,0.43728813559322033,0.4249472344473079,0.20601892379279352,3.5672731978326047,0.3764205214228535,61.2330868983865,11.447853252158668,11.481902276959334,3.0697092677575872
NGC_1664,72.7428,43.6735,1.279,0.013,8.744,0.039,-0.005,0.044,0.923,0.054,395,-1.86796,0.42534,1.97286,0.2567,-0.04823,0.02857,1.84438,0.07282,778,155,0.430379746835443,0.61255,0.242,1.22659,2.35749,0.17478,0.00407,565.0,0.498599784624499,0.02491265858647641,0.29620253164556964,0.3341984691933734,0.02297310435657397,2.397180212364651,0.1538851210599726,28.42321616306397,3.937928532248842,19.51312299691995,3.221689055452043
NGC_1708,75.8913,52.8409,0.906,0.01,8.296,0.113,-0.175,0.048,1.767,0.057,165,-1.98819,0.40088,2.0148,0.27426,-0.08668,0.02941,1.54466,0.07157,390,78,0.6545454545454545,0.70837,0.22376,1.25267,3.4573,0.20779,0.04896,273.0,0.6022590897721839,0.2181411102519845,0.5393939393939394,0.43633511483991194,0.14033196512867493,3.1576088535526687,0.2748522465046815,33.86930038920762,5.570202307496566,5.837054847291191,1.7967094242514516
NGC_1750,75.9814,23.6905,0.695,0.003,8.187,0.149,-0.001,0.025,1.236,0.048,459,-1.55015,0.2277,1.92817,0.22128,-0.13816,0.02592,1.79947,0.04463,705,141,0.4444444444444444,0.58222,0.24451,1.10995,6.89415,0.12816,0.04852,663.0,0.4813139390444174,0.02319349226241294,0.28104575163398693,0.3239119939541718,0.02098131948070378,4.66037166876506,0.245765696146163,92.2536606341793,11.762705759195953,1.6673101421984744,0.6102553194213527
NGC_1758,76.1781,23.8133,0.85,0.011,8.742,0.028,-0.018,0.038,1.268,0.065,192,-1.7765,0.51374,1.72806,0.26351,-0.04652,0.0364,1.62073,0.08197,333,66,0.4479166666666667,0.56838,0.25539,1.26037,1.48286,0.22065,0.01515,278.0,0.5723493983765735,0.03588808750744639,0.2552083333333333,0.38167751375083947,0.031464020451487815,1.4548078864020155,0.1322789485160503,11.627685704874954,1.9603027661420185,47.479563284833006,8.569899661698251
NGC_1778,77.0287,37.0121,1.538,0.021,7.989,0.129,-0.069,0.038,1.382,0.029,241,-1.7729,0.26498,2.00947,0.2408,-0.04332,0.02587,1.72955,0.06574,535,107,0.4854771784232365,0.59255,0.25102,1.16647,2.93228,0.16065,0.08228,358.0,0.5935431747947902,0.03219424239480266,0.3029045643153527,0.3638022461481766,0.029599917939795908,3.1563347900876373,0.2193663723621667,35.82889856671521,5.175778243191556,2.721238097514795,0.8988206940553463
NGC_1857,80.0337,39.3339,2.512,0.059,8.436,0.045,-0.123,0.029,1.67,0.036,288,-1.56346,0.4445,1.59119,0.17512,0.05781,0.03749,1.88223,0.12567,732,146,0.5590277777777778,0.57294,0.26664,1.16793,1.84239,0.25927,0.00284,449.0,0.47714645948070994,0.11081582963297104,0.3402777777777778,0.32633659645381646,0.14653408119742942,2.8327442584073013,0.1173955808414428,31.237691251913265,3.6708917821113127,8.736169907053853,1.3687121492336145
NGC_1883,81.4798,46.4924,3.802,0.158,8.627,0.092,-0.293,0.049,1.823,0.057,186,-2.33842,0.6721,1.43921,0.19625,0.13419,0.03147,1.96165,0.16944,591,118,0.7043010752688172,0.61074,0.27027,,,0.22976,0.67605,317.0,0.7391944365471075,0.033461667255314756,0.46236559139784944,0.5345198185041127,0.036557779520782464,2.218217461257016,0.178204400917063,18.23046761785813,2.852801758972853,23.238184281929843,6.120204624948696
NGC_189,9.8814,61.0925,1.208,0.028,8.806,0.098,0.048,0.116,1.831,0.118,69,-0.2432,0.53803,2.13946,0.31312,-0.00286,0.06548,1.3736,0.1378,281,56,0.6086956521739131,0.67866,0.23474,1.08206,1.19611,0.2037,0.64067,111.0,0.5082032426813698,0.23450806394219442,0.4782608695652174,0.33122448200624793,0.1513612741378114,1.269483610088398,0.2481619697657737,5.116887876798655,1.5846599173404716,125.02420433783134,47.90705748072332
NGC_1901,79.5948,-68.4091,0.416,0.0,8.887,0.116,0.03,0.018,0.208,0.089,108,-0.80074,0.35867,1.65434,0.43675,-0.2,0.06288,1.40025,0.0603,197,39,0.3518518518518518,0.64875,0.26747,1.51551,2.93523,0.28267,0.02428,146.0,0.5456360286289661,0.04595208114017962,0.24074074074074073,0.34271081766931577,0.04113940128216503,3.5755982051838013,0.4156386864223965,35.435666081588444,7.104919616655414,21.75501561871232,7.265763778094015
NGC_1907,82.0576,35.3244,1.45,0.027,8.815,0.058,-0.115,0.049,1.502,0.079,308,-1.92482,0.51202,2.08358,0.23046,0.03023,0.02704,1.95059,0.10451,677,135,0.5357142857142857,0.66616,0.23855,1.10432,1.43306,0.21885,0.00206,473.0,0.5216755609591832,0.2282450009598442,0.3961038961038961,0.36072291714857585,0.11836878712706103,1.4236744796270415,0.1088647202910239,12.070489298725116,1.834450460624813,54.10969982107149,10.947415171482383
NGC_1912,82.1752,35.8255,1.069,0.012,8.505,0.043,-0.022,0.025,0.998,0.032,844,-1.70879,0.23339,2.29209,0.19127,-0.06509,0.0184,2.06572,0.04345,1462,292,0.4431279620853081,0.58999,0.23928,1.05775,3.38162,0.11139,0.00956,1218.0,0.3875714488286761,0.07256071563509518,0.2772511848341232,0.22831923911653004,0.04348927667412117,3.477078205658793,0.1697373961969223,68.39168901769472,8.469099179094062,4.677315556373767,0.74158162737401
NGC_1960,84.0843,34.131,1.119,0.011,7.451,0.032,-0.026,0.028,0.904,0.024,350,-1.52615,0.16573,1.74426,0.18868,-0.12251,0.02457,1.73298,0.04246,629,125,0.5428571428571428,0.55076,0.261,1.29128,2.39891,0.21624,0.00048,540.0,0.3646644771631766,0.07115574426348838,0.3028571428571429,0.24356407753887988,0.06552699016168945,1.489226847309078,0.1091818518310257,14.918132315919191,2.211055878187835,1.8935882288034576,0.3134225020576625
NGC_2126,90.6392,49.8959,1.254,0.018,9.181,0.021,-0.141,0.05,0.806,0.06,149,-2.63114,0.9139,1.7968,0.25791,0.00089,0.02912,1.72146,0.10135,275,55,0.6241610738255033,0.63829,0.25827,1.3841,2.15218,0.26234,0.00885,242.0,0.5816308413752868,0.23615427564424832,0.44966442953020136,0.4160752386030733,0.1844248999571996,1.945385711249101,0.2185194834956857,17.745801591498964,3.476958489384572,85.48784678095741,17.25229105642807
NGC_2129,90.2716,23.3302,1.815,0.051,7.357,0.137,-0.08,0.091,2.213,0.063,99,-0.78953,0.25743,1.90803,0.36079,-0.04218,0.0588,1.54428,0.11621,453,90,0.7171717171717171,0.71078,0.24978,1.39474,1.72067,0.49934,0.00049,170.0,0.5656230074347975,0.17363776921672944,0.5353535353535354,0.36363246429164464,0.14292827983588652,1.156115342619196,0.1763960324352159,4.82220288402351,1.2031088107702157,4.717962900959063,1.8975268337589253
NGC_2169,92.124,13.9337,0.936,0.016,6.899,0.058,-0.179,0.057,0.805,0.056,109,-0.99836,0.21869,1.67768,0.75669,-0.2,0.0836,1.31628,0.08835,234,46,0.3211009174311927,0.6898,0.25001,1.19112,1.6772,0.24219,0.12861,144.0,0.7219085992831006,0.044720858817314274,0.22935779816513763,0.5152078414909663,0.04026891242792926,1.072591702645472,0.36697882310248,5.286634831276264,2.762482175092968,1.4990657682500674,0.8085016760210302
NGC_2183,92.721,-6.2499,0.825,0.01,6.858,0.108,-0.12,0.043,1.657,0.522,169,-1.77242,0.29657,1.51131,0.34802,-0.2,0.04089,1.30246,0.07463,258,51,0.5857988165680473,0.78138,0.22902,1.07541,2.31919,0.12856,0.74127,268.0,0.48626149866864227,0.13083112048000325,0.44970414201183434,0.32501623499020327,0.09210126919446258,3.4010166511205027,0.4264805978648058,45.87651052958759,9.748004002996067,0.1571844656140157,0.0514141233352405
NGC_2184,91.7832,-1.9226,0.562,0.002,8.97,0.047,-0.121,0.052,0.655,0.072,120,-2.5542,1.5241,1.14459,0.40408,-0.0831,0.07765,1.43021,0.16111,196,39,0.5333333333333333,0.61329,0.20296,1.31994,5.89488,0.27578,0.0723,184.0,0.5842139238443348,0.04554200340426488,0.4,0.40277491462902526,0.044721359549995794,2.2864737203325984,0.3385596459148245,21.662731685268856,5.2720734985666375,43.08109957488077,11.47455809900614
NGC_2192,93.8202,39.8406,3.382,0.132,9.149,0.037,-0.164,0.057,0.436,0.046,270,-2.24982,0.99491,2.03076,0.23218,0.02548,0.03186,1.84148,0.14233,765,153,0.4814814814814814,0.69589,0.27634,1.27011,3.6581,0.20423,0.00842,400.0,0.5871429071151796,0.030408153418783813,0.32592592592592595,0.41858480545520516,0.02852537640451846,2.6339018632852644,0.1575926078509085,24.962233008143624,3.354129545715901,56.45684013774363,8.982335318543383
NGC_2215,95.1968,-7.2475,0.922,0.007,8.817,0.051,-0.048,0.052,0.794,0.071,162,-1.68829,0.67586,1.79852,0.36877,-0.09184,0.05066,1.54998,0.09694,371,74,0.5185185185185185,0.58348,0.2318,1.43786,4.35115,0.34023,0.00012,246.0,0.49702824347091623,0.24504151768856608,0.35802469135802467,0.29567001232060014,0.11059401828696654,2.567598203936708,0.4040381919879052,23.46510614904633,6.012807184618543,27.96259527381566,7.881858635637621
NGC_2225,96.6476,-9.639,2.889,0.141,9.095,0.044,-0.199,0.036,1.63,0.056,104,-2.01773,1.74027,1.40447,0.24448,0.10254,0.0593,1.7174,0.34918,470,94,0.7596153846153846,0.68185,0.29481,1.3078,1.74175,0.34659,0.06103,183.0,0.6956516469360436,0.2864000271580925,0.5576923076923077,0.5051734451978316,0.22833124160832977,1.6565894088190114,0.2265803756336769,8.591114738165501,1.9608037935586853,144.86066706136594,36.17349813926792
NGC_2232,96.9381,-4.6682,0.314,0.006,7.451,0.036,-0.035,0.04,0.236,0.034,279,-1.76496,0.48133,0.25441,0.29416,-0.2,0.10138,1.32305,0.11374,227,45,0.2508960573476702,0.71038,0.24228,1.04506,3.35037,0.18942,0.15646,349.0,0.47373030986201525,0.02595469072149119,0.17921146953405018,0.3388876041091958,0.022961298178795175,2.698181210489601,0.3094880798752717,42.59955659774134,8.458672488050771,0.6631242671350907,0.1426847245444166
NGC_2236,97.4227,6.8427,2.421,0.053,8.954,0.024,-0.153,0.043,1.674,0.044,585,-2.47858,0.68562,1.82375,0.16702,0.07032,0.02447,2.20337,0.13464,1331,266,0.6,0.6619,0.27354,1.1475,3.52139,0.19531,0.00065,936.0,0.4719989782547891,0.0756918516767585,0.4017094017094017,0.31155495530524435,0.062312777877371384,3.317558497146954,0.196413110003285,53.617707723377904,7.167850371559542,16.776129001461314,2.426770628586867
NGC_225,10.8238,61.7914,0.668,0.004,8.238,0.142,0.143,0.091,0.923,0.078,53,-1.22097,0.35267,3.0,0.95929,-0.19703,0.03825,1.16951,0.0674,124,24,0.4339622641509434,0.68723,0.1912,1.31545,1.58376,0.24927,0.33253,76.0,0.3529786790479747,0.19567865030348952,0.37735849056603776,0.2283156751537225,0.14619321618099787,1.6372100208904297,0.2893475071411133,8.581144574931876,2.4216811829416045,20.158340698144364,8.706669928429312
NGC_2259,99.623,10.881,2.619,0.074,8.499,0.082,-0.16,0.026,1.996,0.05,179,-2.43945,0.6929,1.49907,0.18866,0.08965,0.03516,1.88991,0.17556,406,81,0.5642458100558659,0.58379,0.26569,1.76667,1.87926,0.35854,0.00185,280.0,0.5582929710558243,0.03706196501514196,0.33519553072625696,0.40012822731343667,0.035283329416003414,1.362474688532722,0.1438947816925113,9.598193890120228,1.796874381863559,32.870815691920875,8.740016146957586
NGC_2262,99.901,1.1485,2.824,0.266,8.983,0.061,-0.142,0.039,2.294,0.08,391,-2.38184,0.70843,1.94858,0.20144,0.0829,0.02424,2.09978,0.13733,1004,200,0.6547314578005116,0.80435,0.26449,1.68362,2.97951,0.42851,0.0,647.0,0.4646799546326261,0.08313724581569866,0.5063938618925832,0.3195555903436331,0.05171409630259417,2.371704103076521,0.1953450304237247,27.508524527486987,4.365491310426653,34.95688318080479,7.408283684798038
NGC_2264,100.2089,9.8836,0.692,0.006,6.744,0.076,-0.041,0.046,0.328,0.11,249,-1.26465,0.23219,0.8327,0.4325,-0.2,0.07851,1.45219,0.08087,368,73,0.3493975903614458,0.73448,0.22645,1.02838,0.73472,0.15353,0.3888,336.0,0.4652635797823514,0.03021468792341702,0.26907630522088355,0.2989626830272992,0.028104384256124694,0.9015962632517116,0.1208120981769879,6.270041686620118,1.4053486376134323,0.8845646339823345,0.2515356864899862
NGC_2266,100.8286,26.9731,3.114,0.094,9.021,0.023,-0.232,0.04,0.436,0.061,360,-2.10843,0.84058,1.68106,0.17523,0.04369,0.03418,1.99407,0.15016,840,168,0.6583333333333333,0.64051,0.2713,1.34804,3.49358,0.1746,0.01175,597.0,0.6946764950713088,0.024996141677575603,0.4305555555555556,0.5022053976974025,0.026096906433085685,2.503882979423252,0.1794169410852399,30.54412006178799,4.484126824147049,34.36152118735766,5.362747827155731
NGC_2269,100.8192,4.6274,2.046,0.07,8.397,0.188,-0.105,0.032,1.358,0.094,90,-1.48457,0.55303,1.96715,0.38834,0.00879,0.04728,1.48696,0.13795,306,61,0.4,0.57103,0.25436,1.25879,1.38414,0.2069,0.28995,126.0,0.5148411251906793,0.051639777949432225,0.23333333333333334,0.3133237300125364,0.04458311699497529,0.9688502381942866,0.1760271548495067,3.59100006896452,1.042054361049788,69.46796655624358,36.20325073323964
NGC_2281,102.0351,40.9961,0.508,0.001,8.736,0.043,-0.032,0.037,0.341,0.057,538,-1.98715,0.33661,1.42587,0.26174,-0.2,0.0317,1.69492,0.0496,681,136,0.5074349442379182,0.69466,0.2228,1.47316,4.70446,0.24677,2e-05,811.0,0.3887254728621158,0.057147330637175996,0.379182156133829,0.23699717432949838,0.0447406419910681,3.017304544000227,0.1735154170298826,57.73050145161073,7.617684700692678,9.43180189243324,1.5559521860103385
NGC_2286,101.9177,-3.1624,2.042,0.055,8.752,0.086,-0.108,0.052,1.133,0.121,245,-1.99181,0.41886,1.89082,0.20137,-0.00303,0.02479,1.75349,0.07575,557,111,0.4857142857142857,0.60133,0.25447,1.02993,3.2017,0.18724,0.0268,364.0,0.49258086335064805,0.031930787290788486,0.3020408163265306,0.3350403731125229,0.02933356102566239,2.8738954312662326,0.224391075490715,30.91585886497596,4.7539185007032,18.273371517176603,4.581405046157202
NGC_2287,101.5589,-20.6933,0.714,0.004,8.296,0.067,-0.078,0.025,0.225,0.032,765,-1.50378,0.15188,1.6018,0.12409,-0.13967,0.01868,1.94157,0.02992,1126,225,0.4235294117647059,0.53673,0.24101,1.16697,5.54911,0.16073,0.00019,1089.0,0.38787702775709065,0.08292445250911515,0.2457516339869281,0.2475429638610568,0.015565915856255618,3.690339113111751,0.1930771534061052,77.587945982751,9.857415767045667,2.5480370888428583,0.5092345564084001
NGC_2301,102.9472,0.4688,0.835,0.006,8.306,0.053,-0.031,0.018,0.251,0.012,607,-2.13273,0.30255,1.82028,0.17336,-0.13869,0.02247,1.77768,0.04693,725,145,0.3476112026359143,0.53489,0.26972,1.16122,2.45576,0.15851,0.00254,818.0,0.36594581861555997,0.019328839684654382,0.18780889621087316,0.25326730229609523,0.015852320661989983,2.468121814070976,0.1162529122672096,41.68870888710922,5.104407156190213,4.852678897196108,0.8388937323678922
NGC_2302,102.9767,-7.0883,1.167,0.004,8.09,0.072,-0.033,0.018,0.734,0.047,95,-1.84165,0.35952,1.94644,0.24004,-0.09835,0.03113,1.32228,0.07546,190,38,0.431578947368421,0.57088,0.26982,1.16588,1.17064,0.15471,0.58228,136.0,0.43426410067068094,0.050816342124493215,0.2736842105263158,0.2509597831406409,0.14426850410659325,1.3220437212708536,0.1354785308330988,7.690799250338756,1.4103396247826463,15.996630919188163,3.954543987184833
NGC_2311,104.4755,-4.6239,1.91,0.04,7.798,0.193,-0.045,0.04,1.186,0.054,138,-2.08827,0.3795,2.02298,0.30473,-0.02639,0.02979,1.57926,0.08906,365,73,0.4710144927536231,0.68812,0.27058,0.98859,2.65792,0.25931,0.01617,203.0,0.47587596959129186,0.042491247212046994,0.3188405797101449,0.28108139429904355,0.13356372157789217,1.7127759334529105,0.3174904860633947,11.10089601548362,3.2801462221279336,5.657726709062918,3.0193484674480704
NGC_2318,104.8825,-13.8423,1.278,0.023,8.709,0.087,-0.013,0.026,1.075,0.106,199,-1.78942,0.48796,2.01334,0.29811,-0.01962,0.03278,1.74559,0.09674,561,112,0.5678391959798995,0.6872,0.21455,1.4591,5.68079,0.24565,0.00387,312.0,0.5249658091537729,0.1897767797360187,0.4623115577889447,0.33716121752203065,0.10495637198997436,3.812706444107624,0.2840579772834538,41.63681341000654,6.239056829618399,12.289168974139969,3.074344051735831
NGC_2343,107.0278,-10.6243,1.04,0.014,8.19,0.15,0.013,0.058,0.674,0.095,103,-2.0501,0.44593,1.79933,0.43158,-0.06579,0.03961,1.41899,0.09077,194,38,0.5145631067961165,0.63772,0.23463,1.1281,0.92814,0.1567,0.49937,156.0,0.5220308916769273,0.04924556220905466,0.3786407766990291,0.3379496206797443,0.16705023780321884,1.082734839445773,0.1334124663060062,6.255871157531684,1.3085530433719328,24.757808783318687,9.99693311884656
NGC_2354,108.5228,-25.7374,1.262,0.022,9.204,0.02,-0.061,0.035,0.488,0.052,276,-1.29036,1.07501,1.70669,0.2082,0.04058,0.04965,1.92067,0.17773,847,169,0.6014492753623188,0.68133,0.26027,1.18291,4.2746,0.23315,0.00127,442.0,0.5092359881180732,0.12811844833120983,0.4384057971014493,0.3238284845047175,0.08273830686380144,3.029940660619441,0.2482400636195896,31.71943793842125,5.020862338525415,50.428321955766805,8.313244398371411
NGC_2355,109.2495,13.7681,1.777,0.02,9.094,0.028,-0.004,0.044,0.301,0.019,380,-2.38128,0.46765,2.40414,0.23884,-0.04064,0.01918,1.83337,0.05794,705,141,0.5078947368421053,0.63179,0.229,1.3806,2.719,0.2314,6e-05,573.0,0.5047451142055376,0.025646261301867534,0.3763157894736842,0.32051823381106564,0.0743787258712114,2.4033686624447923,0.1975255252485989,30.319997859079567,4.812965259906457,40.951596149951136,7.016330200890205
NGC_2360,109.4375,-15.6277,1.036,0.009,9.106,0.029,-0.083,0.027,0.396,0.041,822,-1.65164,0.38255,2.04031,0.2,-0.08012,0.02376,2.02276,0.04698,1327,265,0.4099756690997567,0.63684,0.26352,1.38018,3.5903,0.18698,0.0,1159.0,0.4574785834569703,0.01715450115241702,0.2639902676399027,0.27981752805927573,0.015374458478834797,2.744562551452939,0.152556323996316,48.2907746507299,6.281824291927618,26.432353136667903,3.864963807544696
NGC_2374,111.0037,-13.2428,1.211,0.012,8.575,0.047,0.029,0.041,0.515,0.047,110,-1.76904,0.45343,1.34935,0.18176,0.0499,0.03563,1.65477,0.11339,257,51,0.4545454545454545,0.57632,0.29551,1.20644,2.74394,0.22874,0.10558,160.0,0.47249760898223964,0.047475724351553956,0.2636363636363636,0.2908403278834288,0.0420099805679294,3.304400415382236,0.3971478970556557,29.540742501561983,6.078960660694584,12.722679677688228,2.95807720282892
NGC_2383,111.1719,-20.9512,2.822,0.082,8.451,0.067,-0.144,0.037,1.087,0.027,371,-2.77802,0.62611,1.63383,0.19007,0.06867,0.02755,2.07371,0.14175,763,152,0.4716981132075472,0.55515,0.26264,1.46718,2.69289,0.31633,0.0,546.0,0.47563448382597107,0.025917087537488497,0.2587601078167116,0.32524456249391537,0.022737415548396714,1.6718692891546514,0.124054243166629,16.257236871108788,2.428241089178984,17.37613837647828,3.7312090769038138
NGC_2384,111.2906,-21.0179,2.27,0.13,7.372,0.118,-0.13,0.123,0.91,0.04,72,-0.93798,0.23237,1.78789,0.41617,-0.10296,0.05752,1.34587,0.09667,313,62,0.7222222222222222,0.66229,0.27787,1.24479,1.47535,0.19375,0.46294,124.0,0.5401364001035927,0.19964302074924137,0.5,0.3652454134478888,0.17173008537301268,1.3324074314560426,0.2756744436541601,5.65850875087407,1.8433706417014568,4.161961017613032,1.7655228986080924
NGC_2396,111.9972,-11.7174,1.375,0.027,8.202,0.055,-0.129,0.036,0.569,0.031,322,-2.05316,0.35224,2.25163,0.29288,-0.09663,0.02702,1.68287,0.06912,670,134,0.3291925465838509,0.52345,0.26802,1.25803,5.98735,0.23323,0.00036,428.0,0.4705073172432258,0.026187618207532917,0.17391304347826086,0.3226214938467514,0.02112277749611252,4.69202406804508,0.4188729918208259,66.96533304665944,11.191812395263048,2.3776611787202886,0.4985732742928152
NGC_2401,112.3493,-13.9667,4.239,0.223,7.812,0.277,-0.22,0.032,1.285,0.054,130,-2.06934,0.37896,2.00901,0.26244,0.07259,0.02905,1.75292,0.10461,444,88,0.5923076923076923,0.61372,0.26104,1.66558,1.35294,0.53689,0.01552,207.0,0.7094849422843973,0.04309910671400086,0.35384615384615387,0.5141594466835392,0.04193759587900885,1.1465674454061667,0.1509262374253055,5.596452281263131,1.2363853956899007,11.590100316228204,7.823243374455324
NGC_2414,113.2877,-15.4479,4.173,0.17,7.157,0.058,-0.224,0.027,1.828,0.013,292,-1.28097,0.2404,1.28395,0.22182,0.13843,0.04951,1.97538,0.11383,1384,276,0.5034246575342466,0.59022,0.26126,,,,,439.0,0.6368121884698879,0.029259600445355124,0.3150684931506849,0.4600296547315576,0.027185331571496378,3.251712022959854,0.3371990308713211,27.43659701647433,5.069283809179926,0.5232024337754843,0.1192777220904354
NGC_2421,114.0571,-20.6316,2.368,0.063,7.833,0.171,-0.109,0.034,1.447,0.038,587,-1.80302,0.25799,1.71218,0.1811,0.06183,0.02522,2.15583,0.07776,1344,268,0.5110732538330494,0.60848,0.26896,1.21263,5.87762,0.22917,3e-05,887.0,0.38196425330445993,0.054877359734879644,0.33049403747870526,0.2275419629456793,0.043413208746464,4.0776129678342885,0.2556452087561696,69.53214153597266,9.52983739497529,0.979071467749262,0.4081886311247531
NGC_2423,114.2671,-13.8403,0.901,0.009,9.048,0.021,-0.024,0.044,0.353,0.042,503,-1.41238,0.48727,1.61203,0.20693,-0.05095,0.03736,1.942,0.0748,999,199,0.489065606361829,0.58374,0.26585,1.44529,6.47062,0.19517,0.00012,749.0,0.44324541911323145,0.09612717188007647,0.30218687872763417,0.2676130644614706,0.07827857900642356,4.248560377201176,0.2146518499114828,74.57720584871694,9.333619265755605,14.975933129569992,2.009321896163399
NGC_2428,114.8221,-16.5504,1.299,0.013,8.888,0.023,-0.03,0.025,0.272,0.022,218,-1.5988,0.40184,1.91511,0.22021,-0.04722,0.02898,1.75318,0.06761,461,92,0.5412844036697247,0.52811,0.24674,1.215,2.97624,0.24746,0.002,336.0,0.49243180590245084,0.1607882750046995,0.2981651376146789,0.29760998587901155,0.030982585248021353,3.384509045668563,0.2555555439651892,40.744523112584,6.150229743720144,18.96403555787499,3.033620438116337
NGC_2432,115.2229,-19.0846,1.731,0.029,8.968,0.043,-0.003,0.062,0.772,0.066,274,-2.00567,0.59994,2.04121,0.26425,-0.01867,0.03175,1.80114,0.09999,705,141,0.4416058394160584,0.61648,0.25377,1.30748,2.19631,0.23069,0.00112,395.0,0.4946258899007992,0.02999939914299117,0.28102189781021897,0.306991099284149,0.02715517659521622,1.9862194486824416,0.1413806400369968,16.85682929833974,2.46594621282504,55.1092005702064,9.734738962397175
NGC_2439,115.1955,-31.6868,3.33,0.076,7.379,0.066,-0.178,0.023,1.351,0.02,774,-1.55762,0.19281,1.58914,0.1523,0.09089,0.02602,2.2834,0.0773,2656,531,0.5542635658914729,0.59578,0.26203,1.69469,6.72114,0.32393,0.0,1203.0,0.36853484965727856,0.057970279475550265,0.3462532299741602,0.21846470924062894,0.03355326654773597,3.943630195606785,0.2514975126214537,60.65608504502847,8.39232103817971,0.3945714192778334,0.0810921615838201
NGC_2448,116.0612,-24.8213,1.07,0.018,8.117,0.186,-0.059,0.044,0.062,0.013,222,-1.69311,0.25454,1.49172,0.19034,-0.10245,0.02879,1.61747,0.05071,450,90,0.6216216216216216,0.52989,0.22324,1.18667,5.10987,0.18557,0.04593,360.0,0.536470084458085,0.14774845227640584,0.31981981981981983,0.36011318508540424,0.031303160381436504,4.871253120181335,0.4479066697598927,75.23551718406527,12.817199257724685,1.740111548374777,0.8020523977999737
NGC_2451A,115.9537,-38.2344,0.192,0.001,7.716,0.041,0.045,0.037,0.073,0.037,419,-1.30467,0.33311,0.08628,0.21837,-0.2,0.11495,1.52452,0.08944,342,68,0.2386634844868735,0.56248,0.22665,1.15167,3.58413,0.17618,0.07259,519.0,0.5059118858355303,0.020824486783205677,0.1431980906921241,0.369176064683823,0.01711204111460715,3.3710440001586384,0.2231428624670318,66.7148167616033,9.373867047093649,0.7794310496147416,0.1319394538772178
NGC_2451B,116.1018,-37.8642,0.354,0.004,7.631,0.026,-0.011,0.015,0.463,0.053,411,-1.70606,0.50683,0.33304,0.43466,-0.2,0.10903,1.51336,0.10745,367,73,0.2992700729927007,0.60024,0.25006,1.21463,4.21014,0.21119,0.00933,534.0,0.39908678700730194,0.02258843105501387,0.18491484184914841,0.2623606084393797,0.019149898077591005,3.4066008983140965,0.3750876193724748,66.95739147817184,12.90886789175695,0.6385596522095283,0.1289083269406552
NGC_2453,116.8838,-27.1877,3.838,0.089,7.457,0.218,-0.151,0.034,1.645,0.037,234,-1.80051,0.30438,1.47214,0.20404,0.09756,0.03555,1.88834,0.1156,656,131,0.5897435897435898,0.64488,0.28227,1.99306,2.30548,0.25339,0.35672,372.0,0.4665711328889004,0.11861306928646302,0.3888888888888889,0.3192006917790563,0.08903050921550608,2.0302125278281635,0.282045148406513,17.211270123549017,3.977041173723221,1.6641293462634803,0.9195901620020251
NGC_2479,118.7515,-17.7474,1.561,0.016,9.101,0.025,0.066,0.041,0.069,0.01,157,-1.29509,0.39805,2.03204,0.30365,-0.05064,0.03407,1.61005,0.05661,395,79,0.5286624203821656,0.58765,0.24944,1.24859,2.53042,0.28428,0.00261,240.0,0.5698173614891924,0.03983872469195968,0.35668789808917195,0.43366935074644297,0.03823008131680878,1.920286918031875,0.2230125100281159,14.427424390858038,2.897955971521416,87.46034637965127,18.27485858378492
NGC_2482,118.7954,-24.26,1.208,0.035,8.827,0.048,-0.102,0.112,0.096,0.022,152,-0.87304,0.37367,1.74945,0.23552,-0.11233,0.04636,1.50582,0.06954,313,62,0.5,0.54858,0.26293,1.21017,2.74282,0.15273,0.29287,228.0,0.5503763311537544,0.040555355282690636,0.29605263157894735,0.37939330166510477,0.03702821389744648,2.905389312697845,0.3178316321511256,28.980392242229826,5.554490608793954,23.168383896045256,5.125952747278233
NGC_2489,119.0574,-30.0654,1.778,0.055,8.565,0.095,0.051,0.07,1.514,0.05,428,-1.68085,0.32616,1.84384,0.19874,0.02486,0.02589,2.03303,0.07396,1136,227,0.6144859813084113,0.64556,0.2489,1.16929,2.39166,0.19682,0.00124,691.0,0.46478514812036853,0.07593274846519661,0.4205607476635514,0.2873270565683439,0.05791398954538438,2.069179103247585,0.120912589816669,22.24398118846124,2.956473364578817,16.51153619427654,4.226276211442893
NGC_2509,120.1996,-19.0585,2.831,0.0,9.146,0.0,0.426,0.0,0.055,0.0,325,-1.3892,0.44132,1.73612,0.11876,0.09565,0.02066,2.09647,0.08988,1453,290,0.9015384615384616,0.62861,0.22483,1.06672,3.40256,0.15252,0.18315,618.0,0.4216605054519661,0.08673084048541399,0.6153846153846154,0.292811105173225,0.054651825495960926,2.9616916910872986,0.2071952343709991,30.7329288515323,4.450511290513611,45.54031701091317,6.594805721568347
NGC_2533,121.7652,-29.8694,2.532,0.1,9.001,0.044,-0.032,0.055,1.04,0.1,181,-0.84345,0.73749,1.68758,0.24865,0.03958,0.05795,1.74566,0.15211,632,126,0.6850828729281768,0.67887,0.24875,1.27264,2.78524,0.2378,0.0453,305.0,0.5347576455795737,0.1354588402245456,0.4861878453038674,0.3313482112646062,0.10118989966485747,3.1614593022272306,0.2309325748901848,29.09199387933536,4.309371737387532,34.452957821837586,6.183006737168324
NGC_2539,122.6456,-12.8636,1.239,0.009,8.89,0.019,-0.005,0.023,0.135,0.011,695,-1.42431,0.30103,2.1311,0.21123,-0.12539,0.02532,1.90727,0.04348,1152,230,0.4431654676258992,0.5673,0.27265,1.2801,5.53383,0.20396,0.0,1003.0,0.44633766733022656,0.018843155577801547,0.2503597122302158,0.2721750831329474,0.01643297819210462,3.862658057807788,0.1990762413954211,76.69370418467285,9.683422077144645,10.121392947190897,1.3524779152550086
NGC_2546,123.0965,-37.6366,0.903,0.005,8.244,0.03,0.023,0.036,0.536,0.039,305,-1.15542,0.23769,1.63997,0.27511,-0.11285,0.04063,1.69708,0.05406,558,111,0.4229508196721311,0.50372,0.26806,1.05759,3.40118,0.14888,0.05939,434.0,0.42866620310054665,0.028287947025556086,0.20327868852459016,0.2526115032288884,0.023043541345860938,3.6554303798950696,0.2750179472352972,51.02813587242832,7.67606345494737,3.4370851920330923,0.5689420455084275
NGC_2547,122.4891,-49.1475,0.384,0.004,7.551,0.095,-0.032,0.076,0.352,0.132,391,-1.54343,0.4094,0.38727,0.35876,-0.2,0.09329,1.51125,0.09175,362,72,0.2429667519181585,0.66313,0.22961,1.35171,1.98494,0.28513,0.00019,486.0,0.37048732410784424,0.021689149489473362,0.17135549872122763,0.26902787461722255,0.01905657157390793,1.700344737900258,0.1330917889858986,22.0236503326566,3.3887052129331403,1.6147700912307732,0.4318553861272174
NGC_2548,123.3641,-5.7408,0.747,0.004,8.714,0.032,-0.002,0.026,0.127,0.016,600,-1.3284,0.23545,1.68828,0.17444,-0.17089,0.02729,1.81951,0.03918,920,184,0.4433333333333333,0.57673,0.26319,1.24953,5.90539,0.16562,0.00125,866.0,0.41466107603886765,0.1126832045225973,0.24833333333333332,0.26138812769640934,0.01763821083561146,4.55897672893257,0.2239584472826916,97.39877883255556,12.098553640556329,5.314305149969272,0.7675249313661566
NGC_2571,124.7314,-29.7765,1.248,0.023,7.419,0.166,-0.038,0.043,0.435,0.028,212,-1.53248,0.1682,2.02277,0.27943,-0.14599,0.03041,1.50247,0.04147,345,69,0.4386792452830189,0.67164,0.27233,1.43024,2.9008,0.18143,0.0625,305.0,0.4029863146827432,0.15509138962992616,0.27358490566037735,0.2837764820914911,0.030617559169626257,2.172950884006515,0.2204096342292671,22.43706007698886,4.085123785255246,1.1695910847410005,0.4951788474637727
NGC_2587,125.8386,-29.5016,2.751,0.079,8.831,0.037,-0.006,0.05,0.223,0.025,324,-2.57535,0.49943,1.97036,0.23337,-0.00137,0.0223,1.83408,0.0748,649,129,0.4722222222222222,0.66813,0.26828,1.31929,10.00569,0.29853,0.0,477.0,0.5013727981503628,0.027734877709276896,0.3148148148148148,0.3195277076317101,0.02580233786828077,7.36096311893382,0.7649089847518155,145.92946789420583,26.97643487877863,4.643623507912347,0.9451946943621016
NGC_2645,129.7883,-46.2335,1.707,0.046,7.318,0.086,0.001,0.088,1.439,0.028,124,-1.39718,0.24717,1.61053,0.19837,0.0279,0.03474,1.60601,0.08847,348,69,0.7419354838709677,0.60015,0.27133,0.99675,1.27728,0.12333,0.89118,216.0,0.6113941743317669,0.16339610830080378,0.41935483870967744,0.46259328962198354,0.04431343256996376,1.5447286917456051,0.191033229137288,10.21672896447678,2.148897039759232,2.0355797773776017,0.5880397129563534
NGC_2659,130.6271,-45.009,1.909,0.031,7.543,0.18,0.003,0.055,1.598,0.048,117,-1.33681,0.24443,1.72548,0.2851,-0.03725,0.04023,1.51807,0.06807,404,80,0.717948717948718,0.61266,0.24284,1.52175,2.02279,0.36906,0.00093,201.0,0.5619005147807807,0.17157134833362905,0.48717948717948717,0.43098999647220537,0.18748996773136978,1.3693497523914175,0.1497611745414455,7.485375886864846,1.4342915333571429,4.664299037958123,2.129786800723093
NGC_2669,131.6434,-52.9315,1.11,0.009,8.114,0.073,-0.003,0.034,0.866,0.06,263,-2.34256,0.47628,1.49599,0.25559,-0.03321,0.03471,1.72858,0.0935,509,101,0.4106463878326996,0.49119,0.2569,1.26464,2.94704,0.25963,0.00023,371.0,0.5205793270459342,0.030335007321139643,0.20152091254752852,0.3618889406800684,0.024735116456874276,1.8931237857275087,0.1628674264433349,17.55605486532264,2.8577280530779543,7.405818607923328,1.732871037385029
NGC_2670,131.3951,-48.7828,1.394,0.019,8.098,0.054,0.148,0.073,1.417,0.04,264,-1.9032,0.22953,2.3192,0.25061,-0.04158,0.02084,1.73734,0.0525,562,112,0.5416666666666666,0.68988,0.23353,1.15501,3.75117,0.22498,0.00216,407.0,0.32667747619698007,0.08179907067297869,0.4128787878787879,0.21470787242345485,0.06772021861368542,2.393764555643977,0.1942516070598419,25.58710447581636,4.025036463572207,4.897549764279988,0.9820277147931948
NGC_2671,131.5587,-41.878,1.335,0.022,8.617,0.314,-0.02,0.036,2.823,0.071,339,-1.49579,0.51111,1.91699,0.25419,0.04249,0.03697,1.95623,0.12133,943,188,0.5752212389380531,0.68524,0.24727,1.17909,1.6277,0.19202,0.01086,534.0,0.44850676986729393,0.07272023393853062,0.41887905604719766,0.27509229886693265,0.057536665134371036,1.6957690083903203,0.1539966869289663,14.670464601291362,2.476309298934943,28.21994299916644,20.952008520258136
NGC_2682,132.8347,11.8133,0.842,0.005,9.578,0.021,-0.045,0.041,0.164,0.029,994,-0.10267,0.41061,1.74518,0.1566,-0.15141,0.04361,2.13024,0.03106,1843,368,0.5603621730382293,0.64461,0.26301,1.26323,2.78005,0.18717,0.0,1551.0,0.4688935599035116,0.06990907413449665,0.37525150905432597,0.2968455072010812,0.05714543196301358,2.6774576166965245,0.1024363083173759,50.44326001978139,5.808837827221365,75.02341929698558,9.370125628614485
NGC_2818,139.0406,-36.6171,2.908,0.093,9.099,0.031,-0.097,0.07,0.535,0.087,404,-1.42031,0.94336,1.40377,0.19135,0.06138,0.04871,1.98656,0.16898,1100,220,0.5693069306930693,0.59828,0.27856,1.39322,5.91857,0.22499,0.00055,634.0,0.4880854483858831,0.10019248598936578,0.349009900990099,0.31543167620931833,0.09601766090296315,4.4968153248455565,0.3551729355064253,67.48062173884783,10.461952348334451,18.613194889575137,3.1768862298663354
NGC_2866,140.5226,-51.0991,2.37,0.048,8.045,0.132,-0.015,0.035,2.052,0.033,159,-1.92317,0.54127,1.43526,0.21573,0.05442,0.04354,1.72923,0.1499,364,72,0.5723270440251572,0.52309,0.27606,1.55331,1.0312,0.5259,1e-05,250.0,0.6046769373003553,0.039235524807685246,0.3081761006289308,0.4592432029697814,0.03661834365469127,0.7445394908117632,0.0958059394397428,3.746113527658301,0.81245816235385,29.60868129257544,11.055475989062582
NGC_2910,142.6338,-52.9214,1.22,0.011,8.017,0.111,0.051,0.061,0.79,0.059,196,-1.92757,0.34918,1.91163,0.25471,-0.07136,0.02891,1.56042,0.07037,419,83,0.4030612244897959,0.54222,0.22888,1.15891,0.98727,0.18144,0.06864,275.0,0.5104307905740584,0.0350366334379637,0.22448979591836735,0.36551013409406957,0.029803277405628093,1.1848007354072088,0.1131642578360147,7.553654340157205,1.31564341834338,13.767113492347272,4.2580450532348655
NGC_2925,143.3434,-53.4141,0.738,0.005,8.32,0.194,0.008,0.05,0.26,0.074,134,-1.75871,0.49444,1.41957,0.2602,-0.09419,0.04834,1.49463,0.09644,219,43,0.4253731343283582,0.66531,0.27452,1.10692,1.43568,0.14486,0.48315,191.0,0.4734956948139008,0.04270960873746869,0.2835820895522388,0.28540769916471714,0.038937693056700175,1.50735406801841,0.1407714363126994,11.288919621533546,1.931089931228673,18.50749408179611,8.852774658621934
NGC_2972,145.0513,-50.3309,1.816,0.056,8.631,0.078,0.029,0.032,1.575,0.084,121,-1.60761,0.61309,1.48729,0.28479,0.02269,0.0512,1.53997,0.13922,335,67,0.4958677685950413,0.56679,0.24855,1.32949,1.06176,0.34346,0.00361,181.0,0.4667665668176597,0.2357339954768404,0.2809917355371901,0.2891248933136641,0.04086213265480736,1.1725746593990294,0.0960323137889219,6.009039201428271,0.9518522011286968,71.15328621087382,17.03944919288601
NGC_3033,147.1585,-56.4067,1.689,0.034,8.841,0.065,0.04,0.022,1.028,0.079,147,-1.29606,0.65128,1.77169,0.3219,-0.04291,0.05578,1.57194,0.1255,441,88,0.5986394557823129,0.6489,0.25662,1.06205,3.19338,0.29825,0.00298,235.0,0.5185429521635825,0.18251820505781297,0.42857142857142855,0.35196784661557007,0.13379825302093282,2.995390237519791,0.3574493092338441,26.167574053483445,5.3624755461172136,26.499430348387943,6.724598600217809
NGC_3228,155.4033,-51.7725,0.461,0.014,7.721,0.128,-0.001,0.067,0.205,0.071,170,-1.24632,0.37224,0.63886,0.42295,-0.2,0.10406,1.45837,0.08432,228,45,0.5,0.6618,0.2571,1.08348,5.323,0.14846,0.37657,255.0,0.5350235054544853,0.038348249442368525,0.3352941176470588,0.38407011644313127,0.036207894192739,3.028234807288866,0.4289794027010051,39.43243432199899,9.238515453673385,1.3339710708584027,0.5022481696131235
NGC_3255,156.6343,-60.6762,4.777,0.145,8.546,0.135,-0.036,0.03,1.305,0.091,225,-1.95807,0.69208,1.6429,0.21762,0.11083,0.04155,1.91747,0.20145,992,198,0.6355555555555555,0.57036,0.27029,,,,,368.0,0.5005605883441528,0.11636840431184509,0.36444444444444446,0.2909671060125528,0.08425422547112618,1.4179442790632597,0.146761956815595,8.098972538251033,1.494777937287405,43.4080297059776,15.692523585506782
NGC_3293,158.9447,-58.2172,2.283,0.068,7.145,0.039,0.017,0.036,0.947,0.017,560,-1.12052,0.16411,1.54929,0.18884,0.05895,0.03571,2.13388,0.07836,1975,395,0.6071428571428571,0.60395,0.27507,1.23238,2.80812,0.21812,0.00421,900.0,0.44234902702412787,0.057890561021582645,0.3892857142857143,0.2612441802839446,0.055706556763744634,1.912968553010674,0.1370745828759392,18.65513805791536,2.7387258820061096,0.7485167661160557,0.1288162630294254
NGC_3496,164.8725,-60.3359,2.158,0.038,8.734,0.024,0.153,0.039,1.553,0.045,812,-1.72631,0.46619,1.59247,0.18101,0.07914,0.03054,2.27018,0.11306,2044,408,0.6354679802955665,0.65522,0.26685,1.50022,4.02703,0.26383,0.0,1328.0,0.45780683799832755,0.05190049260977794,0.4248768472906404,0.29441841466625435,0.04759004510772934,3.325220671893596,0.1707593358529386,58.16620234439817,7.33318572883201,9.318141266855848,1.282668001260698
NGC_3590,168.2482,-60.7877,2.259,0.109,7.151,0.035,-0.041,0.071,1.615,0.032,203,-1.38487,0.22825,1.68695,0.21428,0.08379,0.03591,1.84508,0.10533,735,147,0.6009852216748769,0.61262,0.25185,1.49491,1.36771,0.27514,0.10625,325.0,0.4820516965758375,0.13298841960661117,0.39408866995073893,0.3101874832909096,0.10432926604481833,1.1052896115607287,0.1383700302878369,5.864763249576333,1.247728991098877,2.4140680871633773,0.5492067606620585
NGC_3680,171.4281,-43.2623,1.013,0.009,9.302,0.041,-0.137,0.06,0.31,0.102,103,-0.78748,86031423.36732,1.30762,0.42774,0.09156,2975763.09887,1.72023,14111561.35806,366,73,0.5339805825242718,0.74223,0.24879,2.10403,3.14603,0.56288,0.0,158.0,0.5695151402333904,0.04915255823141194,0.39805825242718446,0.39582883784672274,0.04823162964358276,2.1476322623824946,0.2990067621323585,12.846976998742583,2.973160966772108,156.0267468028743,38.997885198516194
NGC_381,17.0977,61.5999,1.119,0.011,8.548,0.095,-0.011,0.048,1.436,0.047,175,-1.85086,0.49871,1.99026,0.26609,-0.01218,0.03231,1.68737,0.09854,369,73,0.5257142857142857,0.59785,0.22378,1.40119,1.38889,0.18571,0.10108,267.0,0.5742533137193488,0.03774643033341632,0.32,0.422744745115165,0.03526228256123774,1.3829185065753735,0.1586348392338893,9.917282874821012,1.9682954317738268,35.61289662198239,10.51880203012716
NGC_3960,177.6381,-55.6779,2.098,0.078,8.975,0.041,0.021,0.079,1.098,0.142,441,-2.13442,0.71637,1.61618,0.18875,0.08846,0.02938,2.15018,0.14384,1152,230,0.5510204081632653,0.62897,0.27178,1.11032,2.13903,0.16861,0.01201,684.0,0.46586787868533647,0.07699246428480719,0.3786848072562358,0.28291868115234375,0.050130274554418576,2.276186353501776,0.1237025218165652,25.27291718466517,3.257241943836403,37.35464605798454,5.967776490416511
NGC_433,18.7876,60.1316,1.817,0.058,7.856,0.07,-0.104,0.052,2.242,0.05,192,-2.17442,0.36102,1.98408,0.2622,0.03526,0.02656,1.78091,0.08932,459,91,0.5052083333333334,0.77364,0.25223,1.40166,1.44786,0.13629,0.45722,289.0,0.4910473703598617,0.2551361832358674,0.4010416666666667,0.345099395190002,0.12172766096797309,1.5321861664388707,0.1080500791666161,11.03718852492495,1.600047491708247,6.503416061530419,1.409835622616206
NGC_4337,186.0171,-58.1258,2.367,0.044,9.172,0.012,0.047,0.029,1.291,0.037,320,-2.40934,1.7616,1.56847,0.15589,0.13975,0.0424,2.20965,0.39723,1049,209,0.628125,0.66664,0.27049,1.36976,2.03239,0.22813,0.01438,521.0,0.4961470606489472,0.07858876593292058,0.4375,0.3145064674670054,0.06990951182600261,2.123409102143093,0.1525412190266189,19.103322404383167,2.8034030396633858,77.7841472196516,11.615361015230954
NGC_436,18.9962,58.8231,2.829,0.059,7.924,0.105,-0.088,0.057,1.595,0.026,209,-1.76331,0.35711,1.46119,0.19827,0.07987,0.03712,1.87045,0.11894,829,165,0.6842105263157895,0.5588,0.26208,1.38297,2.85475,0.19777,0.23074,352.0,0.5627772897454677,0.14543830727611942,0.3923444976076555,0.35935441503747867,0.1501820903725844,2.020146781177691,0.1865562235429398,14.54031066358227,2.4800508818099125,5.773329098269637,1.7082171776617543
NGC_4439,187.1215,-60.1015,1.78,0.056,7.723,0.055,0.055,0.07,1.234,0.032,95,-1.46385,0.43637,1.14513,0.29581,-0.01164,0.07023,1.43904,0.14172,282,56,0.5157894736842106,0.47265,0.26546,1.15248,1.49991,0.28997,0.03048,144.0,0.561423217100177,0.05127333281651806,0.23157894736842105,0.3949454781620956,0.04328001100595189,1.5479364713839614,0.3350277904878692,8.349120658515252,2.83449886633208,6.329352196344413,2.293429632120749
NGC_4463,187.4405,-64.7994,1.684,0.043,7.492,0.181,0.134,0.045,1.615,0.062,157,-1.4612,0.23291,1.90783,0.26018,0.03235,0.03259,1.66845,0.08799,555,111,0.5286624203821656,0.6114,0.2587,1.03103,1.1676,0.11516,0.72791,240.0,0.36830389707052863,0.11661023513980162,0.3375796178343949,0.22146905366681785,0.08688954286405932,1.3953625384847637,0.1579439154419146,7.539147968476033,1.4855752698963625,4.117918365722051,1.898371367807172
NGC_4609,190.6319,-62.9929,1.366,0.019,7.878,0.07,0.097,0.042,1.233,0.048,461,-1.75762,0.23132,1.80359,0.20098,-0.07664,0.0251,1.81608,0.05355,943,188,0.5704989154013015,0.61112,0.27184,1.0397,3.97702,0.15578,0.00658,724.0,0.40160035514820114,0.08680040034469774,0.34273318872017355,0.2686103945418702,0.05885030907593455,3.0231168291628827,0.2494629127264735,44.802537291215785,7.120275858843451,1.6853782694434172,0.3814941770264066
NGC_4852,195.0302,-59.6128,1.245,0.019,8.056,0.06,-0.007,0.062,1.448,0.021,334,-1.63307,0.32626,1.78333,0.2715,-0.07707,0.03634,1.75937,0.07514,983,196,0.562874251497006,0.56166,0.24376,1.59145,3.93236,0.28364,0.0,522.0,0.4692797183664919,0.10271666566818398,0.3473053892215569,0.3114774185864767,0.10649465969254233,2.523922022633513,0.2229737147210924,25.61298049644523,4.247401451543151,4.441604466849602,0.9586710526550069
NGC_5138,201.8578,-59.0208,1.84,0.044,8.023,0.16,0.125,0.086,0.842,0.056,149,-1.56403,0.37632,1.75837,0.4278,-0.05602,0.05083,1.51179,0.07836,448,89,0.4228187919463087,0.65964,0.26414,1.30131,2.88891,0.38122,2e-05,212.0,0.38179713030974416,0.1628113742462574,0.2684563758389262,0.22733046265260246,0.10650635504508638,2.11846744702548,0.2757840698178827,14.253560525039438,3.1227153609376748,7.397357976198307,3.170749864929086
NGC_5168,202.7902,-60.9452,2.554,0.086,8.848,0.051,0.099,0.049,1.947,0.096,321,-1.77501,0.78858,1.38933,0.19524,0.09426,0.04408,1.99757,0.1829,795,159,0.6105919003115264,0.6032,0.29024,1.12076,2.16132,0.23728,0.03184,517.0,0.5003474292206652,0.09168190592848939,0.34579439252336447,0.3507989261021033,0.026546886202511628,1.7327628900695782,0.1268917209790832,16.075016573277463,2.387895327161632,43.83778179977774,8.301033884785536
NGC_5269,206.1618,-62.9097,1.85,0.046,8.226,0.2,0.168,0.05,1.477,0.06,150,-1.76968,0.52612,1.54964,0.32663,0.04174,0.04673,1.7654,0.13493,386,77,0.5666666666666667,0.66664,0.25205,1.16845,1.24424,0.34188,0.00346,235.0,0.3135898058955597,0.08551606303518094,0.4533333333333333,0.2237237258478005,0.08280405500895427,1.5480083990521645,0.1165163051746558,10.391277870155523,1.5654415193272648,16.19313891993234,7.846093279532893
NGC_5281,206.6138,-62.9113,1.461,0.023,7.802,0.091,-0.028,0.055,1.031,0.026,161,-0.92049,0.1547,1.93676,0.21297,-0.04536,0.02877,1.60501,0.05595,423,84,0.4347826086956521,0.61318,0.25934,1.22938,1.18473,0.31208,0.0011,231.0,0.44989558140350605,0.0390688746721183,0.2795031055900621,0.2997675469245287,0.03536685464071509,1.165440615180796,0.170041704606996,6.398173037661512,1.537642048166261,9.90704233108083,3.158796517400975
NGC_5288,207.1877,-64.676,2.287,0.075,8.588,0.347,0.094,0.055,1.705,0.138,160,-0.88529,0.49794,1.46706,0.28227,0.05258,0.0637,1.64111,0.12714,475,95,0.625,0.61564,0.26656,1.00608,1.40676,0.24585,0.09478,260.0,0.45403804692827177,0.12547721406693726,0.375,0.2906461442033379,0.10704766753647649,1.345216141150941,0.1218568199725696,8.212806256155924,1.3855766266932366,47.15290155923827,38.50573819300966
NGC_5316,208.5673,-61.8939,1.395,0.023,8.138,0.186,0.052,0.053,1.133,0.062,183,-1.30957,0.24794,1.98564,0.2762,-0.08275,0.03236,1.61174,0.06322,453,90,0.4918032786885246,0.60089,0.28286,0.9101,3.65084,0.20413,0.04118,273.0,0.5036454855754176,0.03695609666420857,0.3114754098360656,0.3568741981118303,0.03423308715706767,3.262696887312368,0.3496436752269953,33.007833858347844,6.237281426756525,4.162775360870925,1.9486579544723743
NGC_5460,211.8213,-48.3071,0.707,0.003,8.249,0.16,-0.052,0.033,0.475,0.073,209,-1.23584,0.27117,1.47674,0.22142,-0.16025,0.04107,1.56072,0.05794,379,75,0.492822966507177,0.5447,0.24035,1.3582,3.08845,0.27059,0.00113,312.0,0.5116936742686354,0.03458216000171096,0.2727272727272727,0.33926000820822183,0.03080631789408573,2.6339229175187064,0.2243436432918351,29.086659626862414,4.7002800573855925,6.099667351460496,2.4538695074464627
NGC_559,22.3808,63.2964,2.353,0.041,8.757,0.037,-0.095,0.034,2.214,0.036,750,-1.7724,0.4149,1.95066,0.18986,0.03376,0.02561,2.19367,0.08734,1949,389,0.7106666666666667,0.70598,0.25392,1.47722,4.09456,0.15556,0.00317,1283.0,0.3960451340088192,0.01655775973395578,0.516,0.24054129270819824,0.04071382566156122,2.698588104399028,0.1321895523668804,42.3058495260525,5.242832390196216,13.508265241664574,2.0314640259269385
NGC_5593,216.4261,-54.8009,1.002,0.012,8.297,0.076,-0.011,0.053,0.916,0.065,114,-2.0602,0.40257,2.11529,0.31924,-0.0851,0.02976,1.41171,0.07053,245,49,0.5789473684210527,0.60257,0.22785,1.18535,1.95029,0.22876,0.08654,180.0,0.5142458301749253,0.20496338315340162,0.38596491228070173,0.3294014306787054,0.1510037310712856,2.082748336875985,0.2009445819716167,16.56322901421017,2.9136264785300874,11.963410178686054,2.9684654936473875
NGC_5662,218.755,-56.6328,0.749,0.004,8.074,0.176,-0.021,0.034,1.116,0.047,345,-1.30329,0.13488,2.2044,0.208,-0.12895,0.0202,1.74366,0.03207,658,131,0.4985507246376812,0.56865,0.24059,1.11748,3.31103,0.14791,0.04029,517.0,0.44957897324834795,0.10992043252246514,0.3159420289855073,0.30344871251997374,0.13588694257463338,3.470732876362028,0.2396045953142774,50.08931862740928,7.19481603506652,2.367308601235988,1.0178435060515745
NGC_5715,220.8744,-57.58,1.919,0.059,8.676,0.104,0.155,0.033,2.118,0.071,305,-1.0422,0.37989,1.72025,0.20831,0.02596,0.03932,1.86118,0.09058,927,185,0.6983606557377049,0.65775,0.27109,1.32001,2.734,0.29888,0.00017,518.0,0.3721958125708802,0.07743666301297462,0.47540983606557374,0.2432204407240903,0.06097279551364831,2.200580513896014,0.2330463856316439,21.339004699105672,4.003056359424076,22.22418486463525,6.760559491213352
NGC_5749,222.1659,-54.5278,1.071,0.011,8.122,0.059,0.027,0.061,1.176,0.044,123,-1.8903,0.51262,1.35363,0.3376,-0.02916,0.05261,1.51118,0.11612,276,55,0.5365853658536586,0.53725,0.27429,1.38042,2.28212,0.26984,0.01762,189.0,0.49735208057962355,0.23125050989057713,0.3089430894308943,0.30419294156520327,0.041662333783538404,2.0872433970817394,0.3066862889188202,16.253267204777423,3.931276499011859,8.148155804670413,2.2604332928833326
NGC_581,23.342,60.6613,2.329,0.045,7.822,0.184,-0.078,0.058,1.407,0.031,264,-1.48282,0.22773,1.72848,0.23014,0.00866,0.03048,1.84406,0.06918,715,143,0.7007575757575758,0.59937,0.25953,1.56226,2.36611,0.26986,0.00275,449.0,0.5493316132889099,0.10658319228630363,0.4431818181818182,0.35775696701209103,0.0949590136707889,2.2506765689651043,0.1777224051240572,22.384120252580885,3.469860077731905,2.965240817652324,1.3377493070846478
NGC_5999,238.0485,-56.4836,2.294,0.081,8.213,0.204,0.135,0.051,1.944,0.045,428,-1.67784,0.34094,1.54264,0.16133,0.16506,0.02778,2.22614,0.1171,1203,240,0.6004672897196262,0.58305,0.24764,1.53405,1.07816,0.2505,0.13618,685.0,0.4450516388193375,0.05849735566710294,0.3808411214953271,0.30982239735126593,0.07101897696440254,1.6538002955007398,0.0915909432140409,15.33497586765629,1.9906745942745296,10.649198029314652,5.189723929605254
NGC_6025,240.7343,-60.4253,0.753,0.003,8.173,0.078,-0.001,0.017,0.69,0.031,391,-1.52889,0.15729,2.10228,0.1697,-0.16404,0.01775,1.67065,0.03302,575,115,0.4168797953964194,0.52982,0.25414,1.32795,3.28086,0.25243,1e-05,554.0,0.4703672715450243,0.024934237371860065,0.22250639386189258,0.3074531336335097,0.021034455873489632,2.981686212441866,0.1781189539387775,45.13468351472154,6.060383515872562,3.2998150462828257,0.7399688706092203
NGC_6031,241.8985,-54.0109,1.705,0.03,7.705,0.202,0.137,0.063,1.632,0.054,178,-2.01421,0.43241,1.23152,0.24166,0.07663,0.04243,1.83899,0.12472,527,105,0.6067415730337079,0.56937,0.28476,1.13494,1.00919,0.27495,0.00323,286.0,0.36449061223019785,0.09438738717236721,0.3258426966292135,0.21926644647390622,0.0833128238945496,1.169218327369927,0.1371200357560367,6.810184683427077,1.3767598222090165,7.444595585028575,3.77557772480038
NGC_6087,244.7276,-57.9032,0.924,0.014,8.192,0.083,-0.118,0.077,0.704,0.027,350,-1.32362,0.20505,1.97585,0.21805,-0.15729,0.02691,1.70212,0.04749,668,133,0.6457142857142857,0.58592,0.23055,1.30433,3.68403,0.2126,0.00073,576.0,0.483335397613477,0.09394562784533211,0.44285714285714284,0.33787976260013125,0.074063762813532,3.4122892620805776,0.2400054782989595,52.92055894479246,7.676464974054539,2.940191227436358,0.7054384024688081
NGC_6134,246.9768,-49.1779,1.078,0.009,9.096,0.024,0.025,0.029,1.3,0.037,945,-1.82449,0.51621,1.8475,0.18837,-0.03244,0.02862,2.138,0.07678,1912,382,0.5068783068783069,0.63658,0.26008,1.34188,3.7676,0.22777,0.0,1424.0,0.3963842636016874,0.04238873182278333,0.33544973544973544,0.23776657105476579,0.033599227367410466,2.511434018240751,0.112656581883616,41.86270295315138,5.042070928390765,29.79701324204728,3.948572837865951
NGC_6152,248.2352,-52.6212,1.534,0.026,8.309,0.098,0.04,0.027,1.283,0.045,563,-1.51321,0.30212,2.0217,0.23307,-0.06479,0.03056,1.94939,0.07092,1228,245,0.5719360568383659,0.58528,0.2535,1.41574,5.11188,0.25871,0.0,885.0,0.433399679660966,0.08644637286490406,0.3641207815275311,0.24817888192940696,0.044532804981189084,4.499609910401542,0.2854594074492239,84.16392867630607,11.603299928989676,2.4203267477450647,0.6400211591534586
NGC_6178,248.9343,-45.6412,0.849,0.018,7.123,0.068,0.026,0.085,0.868,0.096,67,-1.306,0.26571,1.8609,0.41839,-0.16844,0.04336,1.15678,0.07196,122,24,0.4626865671641791,0.63295,0.24948,1.22102,0.9311,0.2441,0.23194,98.0,0.5460199460747461,0.06091438912063716,0.2835820895522388,0.33869939809156896,0.05506621360830609,0.7352933725889315,0.199746139259126,3.124880299083275,1.3099058268491846,4.247824974669106,1.9007904387735648
NGC_6192,250.0801,-43.3605,1.553,0.03,7.677,0.234,0.14,0.05,2.222,0.059,716,-1.96401,0.24318,1.70703,0.14544,0.07005,0.02196,2.26743,0.08085,1840,368,0.590782122905028,0.6224,0.2518,1.06988,2.78029,0.228,0.0,1139.0,0.4482879204499197,0.061587210525802356,0.38687150837988826,0.28995863065406624,0.038975188154698866,2.0196781570326885,0.1019540302922796,25.513951864525044,3.2003074964458538,1.863040380677827,1.0306576598764752
NGC_6204,251.5269,-47.0291,1.129,0.016,8.013,0.073,0.07,0.029,1.523,0.024,299,-1.89852,0.32159,1.71246,0.22052,-0.01122,0.02886,1.85511,0.07934,628,125,0.5418060200668896,0.60121,0.24308,1.16831,1.29265,0.18563,0.01096,461.0,0.4833516177568278,0.13849409521227307,0.3612040133779264,0.3578526509904249,0.02777933076439645,1.1564505128320095,0.1007328715110385,8.986438543131461,1.4759703128736676,11.4660119856844,2.6946340300808966
NGC_6208,252.3041,-53.7083,1.142,0.009,9.269,0.023,-0.228,0.04,1.082,0.067,452,-0.35769,0.5176,1.65804,0.20101,-0.10938,0.05698,1.89114,0.05391,1689,337,0.6216814159292036,0.58094,0.27086,1.70331,4.04134,0.30611,0.0,733.0,0.5198932732250521,0.10152712204388159,0.3561946902654867,0.3613078054513271,0.02252432475155759,2.816834908895207,0.1482281282609966,30.417480238636685,3.8695008079999367,61.07686897522469,8.41617698125803
NGC_6242,253.8436,-39.4726,1.219,0.016,7.833,0.086,0.126,0.041,1.374,0.024,757,-1.7084,0.18678,1.70669,0.15657,-0.046,0.0216,2.04861,0.048,1529,305,0.4900924702774108,0.5295,0.26122,1.13987,2.30865,0.19888,0.0,1128.0,0.4481535296361489,0.08814911377392326,0.25891677675033026,0.2891280663831229,0.015920827874043298,2.11498570366498,0.126743668807553,29.750564195558624,3.9945504363835806,2.2882569695783177,0.5474663739455212
NGC_6249,254.4574,-44.8141,1.144,0.012,7.346,0.042,0.076,0.06,1.57,0.06,91,-1.3026,0.29931,1.62164,0.3127,0.01013,0.04641,1.54992,0.10201,297,59,0.6373626373626373,0.5342,0.25391,1.18993,1.07278,0.25628,0.11637,149.0,0.5606966482689256,0.2430043736081267,0.34065934065934067,0.41715209074360204,0.04968146383954968,0.8609412835390508,0.1269014026056875,3.4625794264470384,0.8392734624582439,6.406196498649899,1.6717901971796243
NGC_6253,254.78,-52.7072,1.594,0.023,9.525,0.014,0.036,0.055,1.036,0.055,615,-0.0,1.48965,1.76381,0.14907,0.04027,0.06347,2.06033,0.15725,2861,572,0.640650406504065,0.64765,0.25099,1.09202,1.32996,0.08163,0.28545,1009.0,0.5016989430722223,0.07510394420154369,0.4032520325203252,0.32698206400295965,0.06715114052911084,1.646542253202237,0.0750639947280003,13.61179163073488,1.6486170419508437,246.0847537523932,30.84263611522184
NGC_6268,255.5168,-39.7014,1.409,0.023,8.343,0.052,-0.044,0.045,1.562,0.05,230,-1.17757,0.2834,2.29396,0.31939,-0.01436,0.0318,1.78096,0.07442,536,107,0.4695652173913043,0.58549,0.21664,1.143,1.81216,0.2083,0.02016,338.0,0.4969115879631818,0.03290789016049927,0.3130434782608696,0.3130723504019856,0.030577574830556578,1.740972537385281,0.1263646745757682,14.006624738924527,2.06882708668176,15.727746720675002,2.990450110468678
NGC_637,25.7742,64.0411,2.316,0.088,7.265,0.054,-0.003,0.048,1.962,0.027,123,-1.17749,0.28176,1.22098,0.28782,0.12575,0.06157,1.68303,0.121,430,86,0.5609756097560976,0.61877,0.2619,0.66004,1.13935,0.2735,0.70242,192.0,0.5635682294118687,0.04474698291276975,0.34959349593495936,0.43318162343634126,0.04299535648352966,0.9891265406616404,0.2249821392063427,4.29972045036167,1.528705564261303,4.281143443439721,1.6124982769833536
NGC_6425,266.7017,-31.4717,0.969,0.011,8.712,0.024,0.05,0.059,1.094,0.07,216,-1.29787,0.39139,2.35571,0.36157,-0.11723,0.03554,1.60539,0.06771,415,83,0.4351851851851852,0.58335,0.24252,1.25217,2.23767,0.31321,4e-05,310.0,0.5399633428342648,0.03373364073891837,0.26851851851851855,0.3870310553264932,0.030155179191784027,1.93575524564252,0.2170217353825157,17.423949382374897,3.4090688645222924,29.570141262171763,6.011869270144469
NGC_6444,267.4126,-34.8178,1.638,0.087,8.451,0.383,0.188,0.065,1.616,0.148,193,-0.77524,0.38592,1.58818,0.22748,0.11135,0.04847,1.77579,0.1206,630,126,0.533678756476684,0.60659,0.24835,1.19713,2.40235,0.37126,0.00803,296.0,0.34505728714466277,0.09072914109160295,0.3316062176165803,0.2538510099277066,0.08459511376338016,3.2695627121048414,0.2654757406686697,29.927674588230595,4.716226924354057,9.439022622982634,8.456036523577074
NGC_6475,268.4215,-34.8721,0.273,0.0,8.667,0.0,0.114,0.0,0.204,0.0,595,-1.19323,0.27701,1.59289,0.27233,-0.2,0.03965,1.86536,0.0487,791,158,0.4302521008403361,0.56471,0.24494,1.1541,1.48798,0.15288,0.00397,851.0,0.4335654939430114,0.020297585672665163,0.24873949579831933,0.3100287021502228,0.017721854666504326,2.090796386959328,0.099422025534839,32.154149539509646,3.946254002552197,14.44651100636242,1.773009166724223
NGC_6520,270.8547,-27.8821,1.572,0.064,7.937,0.304,0.162,0.069,1.337,0.066,185,-1.22934,0.25913,2.00461,0.28871,0.06791,0.03439,1.82047,0.08785,555,111,0.6486486486486487,0.65739,0.25313,1.33818,0.61712,0.34091,0.02381,305.0,0.3276070768660778,0.09525848302196165,0.43783783783783786,0.22346576260737072,0.07385880971910537,0.833525222871605,0.0553575522350489,4.202737463782367,0.5932305706255091,20.581059993151285,14.696440373558715
NGC_6568,273.2109,-21.6117,1.019,0.008,8.891,0.025,0.151,0.041,0.828,0.062,315,-0.89035,0.31898,2.13329,0.2794,-0.12055,0.03616,1.76614,0.05371,784,156,0.5936507936507937,0.64122,0.24878,1.1911,2.66333,0.24571,0.00013,502.0,0.3705986034278066,0.07271674687971104,0.4,0.24196578052438036,0.06118941707439907,2.7761564138961674,0.1968771786821237,32.05178443722594,4.668353495490424,24.27435990540883,3.8016863619094488
NGC_659,26.1019,60.6713,2.634,0.058,7.374,0.089,-0.083,0.055,2.174,0.047,270,-1.34625,0.23615,1.30519,0.19572,0.11538,0.04221,1.94043,0.09872,1094,218,0.5481481481481482,0.60345,0.28156,1.07264,2.73652,0.16327,0.52649,418.0,0.47425891356860594,0.13165721266647964,0.32592592592592595,0.2946935950888681,0.11078170569695366,2.463471106888332,0.2017948908268065,19.561097480179324,3.09440284648767,1.2095025342433223,0.313120893013645
NGC_6604,274.5254,-12.2434,1.935,0.037,6.809,0.057,0.103,0.077,2.881,0.037,152,-1.13513,0.13389,2.32708,0.38756,0.04007,0.03607,1.74716,0.06115,871,174,0.743421052631579,0.76381,0.20726,,,0.26905,0.33846,265.0,0.4359688561564498,0.12349432110315664,0.625,0.2868263398707432,0.08327141339903918,1.3809443005903363,0.200502860036785,6.403249519934478,1.5342303467548095,1.0060036915784114,0.2748340722542953
NGC_6633,276.865,6.6414,0.391,0.002,8.901,0.175,-0.117,0.043,0.549,0.238,278,-1.54609,0.63417,0.98941,0.17689,-0.01796,0.05699,1.84673,0.11982,512,102,0.6942446043165468,0.67544,0.22046,1.10947,2.23366,0.14728,0.10059,471.0,0.5339333861972798,0.10767558090216765,0.5215827338129496,0.3725160139127941,0.08216447862368331,2.4352929784592328,0.1314010486372189,30.946099248005623,3.9717937786494,25.72729260760153,10.880035449299148
NGC_6694,281.3173,-9.3785,1.675,0.037,8.001,0.159,0.173,0.024,1.892,0.029,513,-1.63935,0.34161,1.694,0.22347,0.02036,0.03573,2.02296,0.10202,1208,241,0.50682261208577,0.52754,0.26662,1.40171,3.00303,0.32857,0.0,773.0,0.40880766321889084,0.07430931459895518,0.26900584795321636,0.28347954101656336,0.019578487105731464,2.397882883555468,0.1797590470938746,29.514597831882888,4.436533993046751,3.395964409839144,1.3440142849914514
NGC_6709,282.8393,10.3438,1.043,0.006,8.197,0.049,0.047,0.021,1.082,0.023,377,-1.8278,0.24921,2.15511,0.22734,-0.08311,0.02222,1.81381,0.05113,679,135,0.5039787798408488,0.52725,0.22741,1.27143,3.16968,0.2379,4e-05,567.0,0.463715243427652,0.12058332191131264,0.27320954907161804,0.32253137137908255,0.022949956592696087,2.618141979503176,0.187769817767341,34.82719416641216,5.101390256901953,4.519407612756206,0.8356069436891814
NGC_6728,284.7119,-8.9423,1.699,0.021,8.762,0.041,0.122,0.049,0.876,0.092,511,-2.02238,0.47512,1.82558,0.22051,0.00075,0.02933,1.9889,0.09355,1170,234,0.49706457925636,0.60354,0.25556,1.45218,5.67041,0.36157,0.0,765.0,0.4504730326108471,0.097576778381876,0.30724070450097846,0.31047696198183644,0.020408923933484133,5.04330412106153,0.352781623784794,90.6940490925857,13.145761157236834,6.374134281021735,1.1025944686925906
NGC_6793,290.8032,22.1722,0.583,0.002,8.517,0.169,0.126,0.053,1.17,0.057,250,-2.00735,0.36041,1.75969,0.20602,-0.1034,0.02658,1.64492,0.05422,409,81,0.484,0.58213,0.25535,1.27488,3.10366,0.26181,0.00057,371.0,0.3673744178358078,0.08840715808123231,0.316,0.21736962087935136,0.0736722184815959,2.1869286440429554,0.1870076073854509,24.31686410936036,3.9403717091471777,13.523603594486383,5.700569753374282
NGC_6811,294.3895,46.3864,1.107,0.007,9.003,0.012,-0.021,0.025,0.255,0.042,363,-1.36598,0.54,1.74331,0.24628,-0.06964,0.04257,1.80282,0.08242,646,129,0.4573002754820937,0.60109,0.27798,1.60368,4.83898,0.27829,0.0,529.0,0.5280146590427492,0.026147322262602603,0.26170798898071623,0.3539144752360846,0.023071151024577387,3.139041855632076,0.2081541797093001,44.30021260832992,6.243464031271387,22.729725424894863,3.264405932216974
NGC_6830,297.7246,23.0977,2.024,0.046,7.722,0.212,0.159,0.018,1.857,0.034,263,-1.72902,0.28269,1.52187,0.19407,0.09068,0.03073,1.98802,0.09665,699,139,0.5703422053231939,0.62924,0.27469,1.04508,1.77441,0.33109,0.00038,413.0,0.33285126666529435,0.07574905756037104,0.3916349809885932,0.22233558250561555,0.06597330020510195,2.693020744547812,0.1851959942152355,27.70113159404081,3.9687594692010975,1.903279148120589,0.9682716220038609
NGC_6866,300.9715,44.1596,1.377,0.021,8.892,0.031,0.063,0.064,0.514,0.078,229,-1.69262,0.52537,1.92816,0.2301,0.02125,0.03016,1.79672,0.10175,449,89,0.4235807860262008,0.64015,0.24134,1.32361,2.52605,0.32696,1e-05,326.0,0.5457272912346488,0.03265273842048241,0.29694323144104806,0.4029699870035764,0.030193549496365994,2.5835144632214178,0.2891831063090818,26.880256795645,5.240848114619159,29.011259693382165,6.023487167603959
NGC_6910,305.7806,40.7493,1.64,0.031,6.989,0.04,-0.03,0.039,3.311,0.101,422,-1.65362,0.14649,2.10512,0.22614,0.08793,0.02149,2.05662,0.05999,1528,305,0.7417061611374408,0.79062,0.21813,,,0.26748,0.04936,735.0,0.43096772120001026,0.06942472655470364,0.6184834123222749,0.24779444579155485,0.05672794247321382,4.089103645114725,0.4526994307016194,56.05980408215106,10.861392543577017,0.1739195585287132,0.037310003890147
NGC_6913,305.8575,38.4713,1.636,0.047,6.921,0.037,-0.003,0.072,2.832,0.163,241,-1.39612,0.16891,1.45948,0.16786,0.14838,0.03083,2.02636,0.08242,903,180,0.5975103734439834,0.69952,0.26751,,,0.28189,0.10015,385.0,0.45026530177584617,0.09131175901537708,0.4315352697095436,0.2761754811991465,0.06564729070246711,3.4319518518908927,0.3210923371102667,33.141065344668526,5.7045823238743685,0.2515553365437454,0.0483137856785899
NGC_6939,307.937,60.6499,1.719,0.04,9.183,0.017,-0.007,0.036,1.397,0.034,797,-1.66627,0.66181,1.81107,0.1587,0.04808,0.02733,2.21489,0.10993,2031,406,0.5984943538268507,0.69399,0.26707,1.14669,3.58803,0.17915,3e-05,1274.0,0.461023181157642,0.06998221610445184,0.4316185696361355,0.2843849850046593,0.040034272222568744,3.018591350559829,0.1326216113677456,48.74004176953874,5.835239852524225,31.26900795455993,3.938595640672552
NGC_6940,308.5568,28.3041,1.0,0.009,9.022,0.017,0.008,0.045,0.709,0.055,715,-1.19297,0.30907,2.26511,0.21701,-0.09742,0.02519,2.01298,0.04708,1393,278,0.4979020979020979,0.68548,0.23586,1.27642,8.02996,0.25631,0.0,1071.0,0.4440176300437241,0.09818824712626507,0.3622377622377622,0.2607688774578706,0.03693831100171588,4.017936915745936,0.1978968202974838,78.15334040728358,9.703369107877222,13.460229189706968,1.75228604883135
NGC_6991,313.7985,47.2687,0.551,0.01,9.157,0.013,0.07,0.032,0.32,0.052,332,-1.1596,0.32152,1.72594,0.18561,-0.12442,0.03019,1.79833,0.04235,672,134,0.5813253012048193,0.69392,0.24761,1.40022,9.33495,0.341,0.0,525.0,0.5555540005324042,0.19283910452487363,0.4246987951807229,0.40102814032439993,0.14896951234102543,4.105543903131935,0.4778556387946751,64.56802394356352,12.981535581610125,22.23220327461722,4.519099883393472
NGC_6997,314.1423,44.6326,0.857,0.013,8.631,0.081,0.124,0.088,2.038,0.092,248,-1.78369,0.28331,1.74502,0.17742,0.02352,0.02206,1.84975,0.05833,535,107,0.6008064516129032,0.67856,0.25074,1.04633,1.37754,0.17614,0.05115,397.0,0.36936492404414534,0.08154860708319854,0.43548387096774194,0.22052034645387802,0.07121592942080758,1.5886610646882418,0.1272911576622633,13.898244830361916,2.1729746793292364,30.763804449432232,7.487098413164065
NGC_7039,317.6554,45.5859,0.739,0.006,7.124,0.037,-0.031,0.051,0.517,0.079,165,-1.62085,0.31816,1.02474,0.36554,-0.2,0.05988,1.3274,0.08049,218,43,0.406060606060606,0.70787,0.23209,0.99095,2.12177,0.1779,0.35331,232.0,0.37994941606365484,0.17586492211846372,0.26666666666666666,0.25499630755855623,0.03442651863295482,2.0055881399081987,0.3421351333441794,20.1877093293123,5.53616437690202,0.6590417943289321,0.1892526674197758
NGC_7062,320.8567,46.3738,2.124,0.059,8.65,0.166,0.036,0.041,1.679,0.076,192,-1.38703,0.37193,1.82084,0.28691,-0.00115,0.03819,1.70137,0.0773,568,113,0.5729166666666666,0.63462,0.25798,1.09112,2.36344,0.22576,0.02504,302.0,0.48312497634929047,0.14762315607482024,0.3854166666666667,0.31690933159312523,0.10858643843624542,1.852043004653248,0.2176475392398107,13.652264536273137,2.7632933144132403,32.7186446588517,14.151223731921268
NGC_7063,321.1081,36.4906,0.656,0.003,8.187,0.169,0.002,0.025,0.325,0.039,79,-1.30406,0.61843,1.04337,0.29092,-0.09811,0.08865,1.348,0.13145,131,26,0.5189873417721519,0.4118,0.30815,1.10641,1.08142,0.27471,0.08067,120.0,0.5324967356838929,0.05621381883942542,0.22784810126582278,0.38169686868859354,0.04719114699416714,1.1158309054397966,0.159218574605418,6.541888685602891,1.543376619591885,23.512393961825392,10.699735534025614
NGC_7067,321.0723,48.0137,4.654,0.167,7.085,0.044,-0.083,0.047,2.565,0.034,105,-1.04192,0.27177,1.24337,0.31129,0.2,0.08133,1.80486,0.14013,701,140,0.638095238095238,0.62234,0.2866,,,,,172.0,0.5926512485689913,0.2737960738804455,0.38095238095238093,0.37095685732143524,0.04739174776458279,2.1772242843330925,0.3988086888954734,10.108016668933574,2.955005102829155,1.2031895479399513,0.3722675881233807
NGC_7082,322.1874,47.1038,1.295,0.016,8.225,0.099,0.028,0.065,0.985,0.052,451,-2.08602,0.25204,2.38706,0.24142,-0.0667,0.01884,1.85676,0.05084,847,169,0.458980044345898,0.6059,0.2423,1.22732,5.98479,0.23339,1e-05,658.0,0.5026827145955455,0.023464714427080178,0.30598669623059865,0.3383181650521606,0.021699358710035404,3.7332786540028233,0.2156831957142355,59.97125506605857,7.924999562519657,2.7993478146711284,0.7375983307891332
NGC_7086,322.6064,51.5921,1.555,0.025,7.741,0.23,-0.005,0.047,2.325,0.045,845,-1.88799,0.20815,1.89164,0.16028,0.03201,0.01946,2.25799,0.06044,2152,430,0.5988165680473373,0.66229,0.25274,1.4602,3.71405,0.13932,0.00199,1351.0,0.3816592296937021,0.03683502040763848,0.42958579881656805,0.22577629782638997,0.025658138762824592,2.6459310895405457,0.1255020458741081,40.822314224097774,5.00693276512074,1.3492809187193415,0.7334851526402046
NGC_7092,322.8179,48.2639,0.327,0.023,8.565,0.142,0.179,0.132,0.047,0.004,282,-1.59382,0.53291,0.85021,0.57971,-0.2,0.09417,1.47435,0.10733,331,66,0.3794326241134751,0.62459,0.23362,1.4196,5.28052,0.2891,0.00066,389.0,0.31157168548105973,0.09327847347189515,0.25886524822695034,0.23075108590807322,0.09301462112736111,4.300182099660757,0.5375385263882828,77.41291678728916,16.439627697278844,4.744457588483352,1.849763280400428
NGC_7128,325.991,53.7117,3.133,0.184,7.189,0.09,-0.046,0.031,2.941,0.031,249,-1.54877,0.25492,1.24693,0.19876,0.2,0.04321,2.03885,0.1202,1366,273,0.5783132530120482,0.62352,0.27616,,,,,393.0,0.43784571849473963,0.09720546137124128,0.3654618473895582,0.27775568758034286,0.07460878930927166,1.1507903602334155,0.1172763994691924,5.318996521570018,0.9713951981535816,2.90516159067218,0.8024674215035502
NGC_7142,326.3063,65.757,2.168,0.069,9.502,0.031,-0.099,0.067,1.429,0.065,527,-0.16072,0.99754,1.79578,0.18345,-0.00757,0.05805,1.9488,0.0841,3434,686,0.715370018975332,0.66219,0.26825,1.6312,5.10141,0.33868,0.0,904.0,0.5032818804776766,0.07384263585822175,0.4629981024667932,0.3289185905886558,0.0567655829335701,3.109069228118222,0.1704127304616443,29.42148306381928,3.806233956318622,107.978039847913,15.9542865032705
NGC_7160,328.4459,62.5841,0.894,0.015,7.26,0.136,-0.036,0.055,1.188,0.079,69,-1.47318,0.23709,1.50322,0.38254,-0.19262,0.04827,1.17253,0.06778,205,41,0.7971014492753623,0.68815,0.23607,1.02357,1.03982,0.20238,0.51738,124.0,0.44557110593048677,0.17713786734472836,0.5942028985507246,0.2546827158262733,0.12806897719367075,0.865363533262875,0.1164558540217208,3.6596499413197927,0.8244222222363204,4.972335845744135,1.9181365794981031
NGC_7209,331.1915,46.5209,1.178,0.017,8.625,0.095,0.048,0.064,0.699,0.089,410,-1.3171,0.37601,2.1028,0.28701,-0.04673,0.03488,1.89418,0.08294,1087,217,0.5121951219512195,0.61968,0.23211,1.33706,7.02632,0.23281,2e-05,620.0,0.4832031213721041,0.1542709943731468,0.35609756097560974,0.3120965771686235,0.08587880978935476,5.292627862716008,0.4429023525129019,85.10751004252121,13.648971075189204,4.954868297966834,1.3439409750464169
NGC_7226,332.6055,55.395,4.098,0.25,8.591,0.311,-0.126,0.032,1.856,0.151,97,-1.81493,0.83041,1.60014,0.38346,0.14503,0.05007,1.72473,0.23,432,86,0.6082474226804123,0.68311,0.24664,,,,,156.0,0.5455385038190396,0.23221264297910807,0.4020618556701031,0.3648179487992087,0.194047126060687,1.3420565368614354,0.1545833006994651,5.785219451204272,1.153554684155573,67.40314519881716,50.1038912629902
NGC_7235,333.0843,57.2744,3.112,0.104,7.148,0.055,-0.125,0.038,2.702,0.03,308,-1.11327,0.23223,1.47581,0.21159,0.13337,0.04747,2.01997,0.12666,1635,327,0.448051948051948,0.61455,0.26814,,,,,446.0,0.45324616597403694,0.028335959892829814,0.2857142857142857,0.2862731418506651,0.025741070362730257,3.151894293206127,0.2587283521777947,24.398986367754247,3.870219179315512,0.5762729250048471,0.1169695238642801
NGC_7243,333.7764,49.837,0.864,0.005,8.13,0.084,-0.004,0.037,0.803,0.042,371,-1.58348,0.198,2.36433,0.24041,-0.14158,0.02051,1.67917,0.03969,587,117,0.3773584905660377,0.52607,0.24656,1.10189,3.39326,0.14528,0.04271,511.0,0.46756522390793465,0.025165707433531033,0.20485175202156333,0.3032285705139132,0.020953517528248776,3.275942861014544,0.2147442383409785,48.17191954629512,6.744126443825216,2.800309589687929,0.6686264937444597
NGC_7245,333.8087,54.3372,2.798,0.094,8.796,0.043,-0.085,0.033,1.288,0.074,522,-2.28948,0.52831,1.65815,0.1759,0.03788,0.02658,2.06282,0.10409,1186,237,0.6360153256704981,0.63376,0.26959,1.23325,4.55327,0.24517,0.0,854.0,0.4489487790931301,0.04066192458119116,0.4042145593869732,0.28168083514879855,0.047316638220265377,3.136688884925722,0.1847553501492918,48.39368906325905,6.454570914533901,12.918475629301051,2.145884618776894
NGC_7296,336.9918,52.3319,2.41,0.058,8.4,0.176,-0.089,0.057,0.793,0.076,211,-2.01106,0.52478,1.55355,0.24275,0.03305,0.03796,1.84449,0.12405,642,128,0.5592417061611374,0.57248,0.263,1.67885,3.91729,0.32359,5e-05,329.0,0.6300775935340083,0.034178956154981656,0.32701421800947866,0.4052314725989874,0.032295724720295974,2.4806556044212926,0.4441087272956247,21.30515525136037,6.10284748542288,11.790040494303335,5.851054118399608
NGC_7423,343.7852,57.0933,3.688,0.125,9.124,0.042,-0.186,0.059,2.111,0.098,240,-2.5822,1.46805,1.62208,0.18444,0.11605,0.03529,2.08226,0.29385,776,155,0.8125,0.76736,0.28671,,,0.4181,0.09979,435.0,0.6423334811450992,0.13172912548104163,0.5541666666666667,0.4638183953912983,0.10810672528074247,2.079437956653268,0.169492945979906,18.59999635743048,2.936362371874268,71.52982142636776,13.24271087288844
NGC_743,29.5908,60.1331,1.045,0.025,7.823,0.304,0.001,0.055,1.768,0.089,77,-1.94908,0.42584,1.37749,0.31383,0.01777,0.04463,1.54888,0.11172,178,35,0.6753246753246753,0.57795,0.23557,1.22811,1.66916,0.18769,0.51628,129.0,0.4900938397036337,0.18777761294937398,0.4155844155844156,0.2963086900763898,0.14535892189663968,2.3195926081183096,0.2718337390962444,17.750833349413853,3.575208341291631,3.747841823007762,2.7298763728865656
NGC_744,29.6555,55.4796,1.265,0.026,8.343,0.135,-0.046,0.041,1.268,0.112,129,-1.51319,0.50189,2.21429,0.44258,0.01204,0.04209,1.67217,0.13341,315,63,0.5271317829457365,0.59651,0.20233,1.36121,1.28271,0.15441,0.51859,197.0,0.5030067465825478,0.2497925873281169,0.46511627906976744,0.31474336137043324,0.11725241794863607,1.4152427937370904,0.1737660414695865,8.769776662284281,1.837881932071753,25.11952753058657,9.417198980814076
NGC_7510,347.7746,60.5894,2.95,0.115,7.02,0.031,-0.187,0.056,3.065,0.038,481,-1.13481,0.16524,1.85802,0.27022,0.12583,0.03904,2.17257,0.07601,2997,599,0.7338877338877339,0.70225,0.24897,,,,,834.0,0.4551487822011332,0.055547395413360415,0.5301455301455301,0.30577269627659026,0.06204869701474728,2.0603219870779133,0.2568016543983137,15.891290736835126,3.3688617825095584,0.658932345642455,0.1473957769846341
NGC_7762,357.3992,68.0458,0.931,0.014,9.206,0.024,-0.052,0.051,2.543,0.04,491,-2.94781,0.96977,1.71415,0.12501,0.11735,0.01731,2.46201,0.17612,1394,278,0.659877800407332,0.71479,0.25256,1.18664,3.00478,0.16339,0.00574,815.0,0.47367260657816884,0.05526357356032513,0.5030549898167006,0.2985275090794986,0.04492684701196034,2.201572013361442,0.1056333116679403,25.25140106321793,3.105261149643616,63.63770663615185,8.579640411100264
NGC_7790,354.3582,61.2169,2.853,0.074,7.457,0.295,-0.109,0.048,1.931,0.033,369,-1.66282,0.26095,1.6712,0.21389,0.09764,0.03196,2.07218,0.09567,1273,254,0.4715447154471545,0.60616,0.27833,0.99877,5.91121,0.18652,0.08554,543.0,0.3776076785458595,0.07941168525917586,0.2981029810298103,0.24263802862298278,0.06436324473457876,3.2157509823875494,0.4341727930527064,33.42462852828099,7.545971024797575,0.8569064477360349,0.6133712313782774
NGC_886,35.7879,63.8207,0.988,0.013,8.51,0.11,-0.017,0.077,1.825,0.082,224,-1.49548,0.37535,2.08716,0.25791,-0.05621,0.0322,1.7342,0.0787,613,122,0.6473214285714286,0.7691,0.25431,1.123,4.71547,0.2083,0.01314,369.0,0.4572132080719298,0.08248273687576328,0.5178571428571429,0.2741637252063313,0.08450343911739709,4.286250310484114,0.3900092240409505,54.26572217916454,9.16606222948429,5.963131861790142,1.8154166966812213
NGC_957,38.3705,57.5497,2.05,0.07,7.375,0.079,-0.029,0.052,2.291,0.014,552,-1.42264,0.20146,1.73459,0.20728,0.05749,0.03086,2.13163,0.08129,2071,414,0.5851449275362319,0.66122,0.268,1.40625,4.41725,0.192,0.00894,875.0,0.44109288719880846,0.08456180580508385,0.3967391304347826,0.26122354763177336,0.052528044884164085,5.337366709390995,0.5746694595323586,82.94111149614562,15.753085718237248,0.2859105289144643,0.0751911638215601
Patchick_3,79.1101,45.5825,1.587,0.049,9.141,0.037,-0.123,0.074,1.365,0.081,77,-3.0,2.65107,1.71937,0.2643,0.12303,0.05165,1.85575,0.54973,213,42,0.6883116883116883,0.70495,0.22685,1.6919,1.39512,0.39247,0.03502,130.0,0.5652117342116373,0.22824244496108717,0.5844155844155844,0.3980635225799425,0.16561373496540643,1.970692360662209,0.243512930755938,12.78067163864054,2.6831866006873413,108.25459084550494,24.5271338257186
Pismis_11,138.9667,-50.0076,2.211,0.19,6.833,0.101,0.006,0.13,3.411,0.085,68,-1.32005,0.21777,2.40552,0.80237,0.14617,0.04718,1.67125,0.0997,467,93,0.8382352941176471,0.70411,0.16363,,,,,125.0,0.5733643568333321,0.19940308155835618,0.6764705882352942,0.4242830315263607,0.1783937056551673,0.5754477637681046,0.1083088534561107,1.322710277514475,0.3959787363528226,5.146776057210245,1.9510734204804367
Pismis_12,140.0067,-45.1311,2.099,0.09,9.072,0.041,-0.128,0.081,2.022,0.119,281,-1.41152,0.57579,1.94637,0.2237,0.03421,0.03142,1.85632,0.09405,911,182,0.6654804270462633,0.67928,0.25586,1.28506,2.2192,0.19448,0.02754,468.0,0.5775049987374287,0.14501500266477302,0.4697508896797153,0.40914251796188145,0.12116298704115111,1.9927306670660685,0.1294140601103937,17.083733672849906,2.3836348587035707,69.0903205502165,11.639239295174091
Pismis_15,143.6816,-48.0463,2.089,0.103,9.091,0.049,-0.042,0.048,2.183,0.048,193,-2.16342,0.97081,1.63294,0.19834,0.09921,0.03247,1.92848,0.18875,554,110,0.6424870466321243,0.6424,0.27445,1.27803,1.79985,0.21097,0.09095,317.0,0.5378565719298686,0.1334134353600107,0.37305699481865284,0.3365772895077478,0.1332933956688144,1.5972075270222443,0.1732676574187739,11.504626122357314,2.1929732354137297,107.18339041305951,23.74168054468732
Pismis_27,92.7173,20.62,1.763,0.067,6.948,0.023,-0.098,0.057,2.161,0.196,63,-1.60816,0.25233,1.8728,0.34709,0.02455,0.03559,1.43308,0.08101,205,41,0.746031746031746,0.76374,0.21628,1.37283,1.11705,0.26064,0.32925,110.0,0.5245082858915348,0.20630789997834892,0.6349206349206349,0.3132110772798322,0.14106528314984979,0.9565612730019096,0.3579916570823252,3.892402560440224,2.2194868054516923,2.279199024927231,1.3052153779770104
Pismis_4,128.8007,-44.4462,0.677,0.003,8.306,0.058,-0.051,0.025,0.207,0.028,137,-2.13578,0.62627,1.32249,0.29855,-0.05107,0.05031,1.54473,0.12028,235,47,0.4525547445255474,0.5668,0.23702,1.19622,3.55058,0.22147,0.0753,199.0,0.5272761544688157,0.042525127628293566,0.291970802919708,0.3191327353017325,0.038844989828291446,3.477240434110424,0.4552411626492857,39.40932326697414,8.684839177267007,5.133351732465807,1.32278050571765
Pismis_5,129.3686,-39.6462,0.905,0.011,7.002,0.087,-0.051,0.058,1.586,0.122,201,-1.59566,0.19591,1.87341,0.29049,-0.2,0.02938,1.37069,0.05276,332,66,0.6567164179104478,0.72733,0.22001,1.06545,2.28093,0.11378,0.71518,333.0,0.4702601629290168,0.09351381959624654,0.5074626865671642,0.31592414081256515,0.10437928587688766,1.6903943186862465,0.4074097308867267,16.82633905606228,6.308822117947065,0.5970495346202158,0.2538043772421755
Pismis_8,130.4128,-46.2724,1.747,0.072,7.146,0.131,-0.037,0.123,2.227,0.059,78,-1.73509,0.41254,1.28454,0.2869,0.12316,0.04991,1.62109,0.13416,250,50,0.6153846153846154,0.691,0.2527,1.14527,1.00954,0.46133,0.02265,126.0,0.45290138361028687,0.1775987851259909,0.4230769230769231,0.25836562890615516,0.1288535050450832,0.7019836317690437,0.1430210015926358,2.450256925902223,0.7878861194530887,5.712002311991294,2.5183508364432767
Pismis_Moreno_1,334.6217,63.2209,0.894,0.016,7.046,0.127,0.054,0.091,1.898,0.049,57,-1.3495,0.27412,1.72937,0.40645,-0.2,0.04887,1.13364,0.07912,164,32,0.5789473684210527,0.73298,0.23198,1.00108,1.05572,0.31439,0.10037,90.0,0.5645344309790995,0.06539586781025217,0.5087719298245614,0.38946549710781925,0.20098094695470056,0.9353327553799876,0.1971524578272244,3.63551375534053,1.2029358254397244,3.057976952084063,1.3503625606295833
Platais_8,137.2215,-58.3813,0.135,0.001,7.709,0.05,0.153,0.037,0.055,0.063,165,-1.32708,0.62807,0.05919,0.32097,-0.2,0.2023,1.18179,0.15563,129,25,0.3575757575757576,0.57851,0.19413,1.13915,2.29293,0.19504,0.36426,224.0,0.3408838984893644,0.1826174599729719,0.2545454545454545,0.2175003304434296,0.10081411399087227,3.8300396373081824,0.4516425106970925,67.39066416813957,13.591642985917272,0.7592770331861728,0.1763278102887212
Platais_9,139.4009,-43.8957,0.187,0.002,7.836,0.071,-0.005,0.042,0.253,0.092,174,-1.46328,0.50445,0.13866,0.38546,-0.2,0.14972,1.20671,0.12744,136,27,0.2356321839080459,0.57759,0.23601,1.09105,4.27594,0.19061,0.40665,215.0,0.5364395736458301,0.03217317167994101,0.15517241379310345,0.33778948000689724,0.027448377439925814,4.213294443854034,0.7739180965198793,73.3539224755497,21.482646422881288,0.9344943028522418,0.3134327579550237
Pozzo_1,122.3438,-47.3146,0.343,0.008,7.105,0.074,-0.042,0.044,0.269,0.059,668,-1.1162,0.30115,0.01648,0.27706,-0.2,0.15483,1.64677,0.10563,610,122,0.2290419161676646,0.69913,0.24298,1.15546,3.58429,0.07278,0.84385,821.0,0.3733918794601619,0.016258655769589184,0.15868263473053892,0.24718457840533622,0.014136971963460867,3.897057897226528,0.4434385298548172,90.4468223269087,17.89210046490407,0.1408013071386571,0.0367611566941076
RSG_1,75.5537,37.4988,0.31,0.014,8.383,0.105,-0.101,0.068,0.736,0.069,151,-2.90204,1.78845,0.47125,0.37488,-0.07251,0.1157,1.41786,0.25753,179,35,0.4966887417218543,0.65889,0.20603,1.22882,3.9679,0.35166,0.01388,226.0,0.5455534103525248,0.04068853065600272,0.3973509933774834,0.34359724952919396,0.1364454654624937,2.7915980189401366,0.384835211680971,35.84635543265265,8.19910060869759,6.738372158874143,2.242677415754637
RSG_5,303.5534,45.6018,0.329,0.01,7.758,0.03,0.077,0.054,0.069,0.006,309,-1.61568,0.67192,0.18933,0.38708,-0.2,0.1523,1.42434,0.14786,259,51,0.4045307443365696,0.67087,0.22177,1.11459,4.22408,0.145,0.38919,434.0,0.5018601123150805,0.02792069335146901,0.3074433656957929,0.35265064570606813,0.026250100482805728,4.838381979072298,0.3334880131780199,114.05632476964306,16.28356969654966,0.5022045310882077,0.079650257432237
Roslund_3,299.6941,20.5111,1.617,0.028,8.02,0.075,0.112,0.08,1.149,0.059,183,-1.52326,0.27965,1.8407,0.31683,-0.03686,0.03678,1.62667,0.06933,496,99,0.5737704918032787,0.59557,0.2341,1.39609,3.29558,0.24249,0.00824,288.0,0.39101859913047105,0.09835324780249895,0.4262295081967213,0.2362316315474877,0.0770521478250107,2.375410778746053,0.2825742880711619,20.439789201451987,4.178900778033145,5.122990935623315,1.371036201348188
Roslund_5,302.636,33.7857,0.533,0.001,8.333,0.138,0.049,0.015,0.353,0.023,238,-1.88084,0.44239,1.08524,0.60818,-0.2,0.0673,1.44526,0.08117,346,69,0.6092436974789915,0.76134,0.22519,1.11232,6.11676,0.23205,0.02506,383.0,0.43764006075511375,0.10198031789900255,0.47058823529411764,0.30295320435926526,0.07623368299866565,3.778975234657693,0.3918979328277253,61.60400238482762,11.382634414823164,3.494548489360133,1.2845005665247469
Roslund_6,306.7021,39.6764,0.347,0.004,8.514,0.102,0.07,0.016,0.062,0.006,405,-1.32218,0.73903,0.33251,0.4107,-0.2,0.1642,1.64433,0.12844,502,100,0.528395061728395,0.69018,0.21408,1.05557,5.19139,0.10103,0.41106,619.0,0.456798761753169,0.10525910984805985,0.4024691358024691,0.33454686601362044,0.08071672141932326,6.173369589869337,0.3270557864694542,157.55540521679373,20.075549896352594,2.0728443541683363,0.553866749152752
Roslund_7,313.1984,37.8073,1.219,0.02,8.034,0.163,-0.009,0.07,1.127,0.064,306,-1.84071,0.27015,1.89316,0.2479,-0.05065,0.02684,1.77671,0.06277,617,123,0.5686274509803921,0.68186,0.24347,1.15477,11.03114,0.14166,0.08094,480.0,0.4339806470473403,0.08808248930000034,0.45751633986928103,0.27491088422311627,0.06248052474719349,11.301613245390062,1.163456102583995,286.1779137668446,52.59799961462995,0.3778886836735443,0.1579224989737487
Ruprecht_1,99.0778,-14.163,1.459,0.02,8.685,0.077,-0.065,0.059,0.736,0.078,191,-1.72605,0.47856,1.50468,0.20921,0.01592,0.03666,1.70998,0.10439,403,80,0.5235602094240838,0.59322,0.25738,1.31722,4.16785,0.26085,0.00283,291.0,0.6001640749830819,0.036138543515090805,0.3612565445026178,0.38676584300261774,0.034757970463877484,3.4922491252739114,0.4624146375374452,40.75377706201732,9.04886214229482,11.880429312044072,3.375705503107166
Ruprecht_105,188.7075,-61.5584,1.858,0.075,8.179,0.27,0.112,0.095,1.959,0.171,163,-1.5434,0.34908,2.04309,0.28199,0.0365,0.03221,1.74245,0.10351,540,108,0.5460122699386503,0.66424,0.24477,1.32233,5.21087,0.38984,0.00013,252.0,0.3893814517848865,0.11971994290279472,0.4110429447852761,0.23631253023181387,0.08841666915532843,5.445612186666883,0.7384589068416331,61.21853613052189,13.875874759044851,2.466704122007361,1.632286783285244
Ruprecht_107,199.9324,-64.9404,3.26,0.084,8.09,0.223,0.131,0.03,1.652,0.09,167,-1.9268,0.5953,1.44219,0.27696,0.13686,0.04723,1.97092,0.20386,533,106,0.6706586826347305,0.67314,0.26687,,,0.48551,0.08932,279.0,0.3692584053804705,0.10068940665106406,0.48502994011976047,0.22116501551338952,0.08235324918771013,2.144001935369414,0.2462002894332137,16.48958131607299,3.279610768495217,7.460885435661084,4.108335556104401
Ruprecht_108,203.003,-58.511,0.961,0.013,8.242,0.193,-0.111,0.056,0.804,0.067,50,-2.41523,0.39428,1.56161,0.22775,-0.01479,0.02732,1.30612,0.0752,83,16,0.52,0.47248,0.24015,1.75079,1.96375,0.36,0.0779,76.0,0.583598803670526,0.07065408693062278,0.24,0.3715555589369035,0.060398675482166,1.278531618867334,0.1973712639453985,7.23815090776023,1.8154668830472227,24.119725813519047,12.308167529502445
Ruprecht_111,219.013,-59.9733,1.388,0.025,9.058,0.043,0.035,0.062,1.706,0.115,245,-1.61887,0.61569,1.58069,0.22175,0.05452,0.03487,1.88859,0.1077,740,148,0.6612244897959184,0.68196,0.26627,1.13604,1.98654,0.27541,0.00059,407.0,0.5355060189935247,0.12023964524688699,0.46938775510204084,0.36346590076210217,0.10239650523464809,1.8972330053809048,0.1212065805085297,15.73375195254576,2.179178041702784,72.63863941905164,12.36701361837629
Ruprecht_119,247.0378,-51.5041,1.882,0.04,7.997,0.16,0.18,0.05,1.972,0.083,331,-1.84016,0.274,2.05712,0.2547,0.04222,0.02579,2.00613,0.07595,874,174,0.6072507552870091,0.69033,0.25737,1.20628,3.21885,0.21571,0.01355,532.0,0.36261929762876877,0.06611501361632136,0.40483383685800606,0.257402394509411,0.05611957651269487,4.160130396395672,0.3589172016432636,58.37523684206067,9.530810626615622,1.7012625595128568,0.6855582470848353
Ruprecht_120,248.7919,-48.2856,1.755,0.082,7.391,0.385,0.177,0.057,2.407,0.081,55,-2.74133,0.97623,0.9528,0.31816,0.12996,0.048,1.60891,0.23514,221,44,0.6,0.67165,0.26782,0.92527,0.97447,0.28889,0.43447,88.0,0.30704884846210256,0.14427125965914472,0.41818181818181815,0.21704335893792148,0.1410038416706804,1.346862505257683,0.1128848582536444,5.324753789031662,0.8538749608930033,4.620622289082514,4.162637103406812
Ruprecht_127,264.4668,-36.3057,2.137,0.084,7.125,0.064,0.153,0.04,2.989,0.044,165,-1.13982,0.30526,1.67127,0.31365,0.1065,0.05757,1.80485,0.15177,913,182,0.6363636363636364,0.69785,0.27407,,,,,270.0,0.39918931250758544,0.10057606675599907,0.43636363636363634,0.2580767234034951,0.08385483503279437,2.012416496757357,0.2534124936615186,11.165220192179603,2.384567489155712,1.1943530080108542,0.3099090747592309
Ruprecht_128,266.0588,-34.8722,1.702,0.109,8.716,0.422,0.134,0.097,2.759,0.149,311,-2.20313,0.71679,1.69321,0.18514,0.13661,0.0327,2.1553,0.20483,846,169,0.6913183279742765,0.73416,0.26541,1.67854,2.07309,0.29484,0.03853,526.0,0.4098236489904096,0.07360423320855843,0.5016077170418006,0.28300135367391205,0.06539937932262324,1.8530588736895008,0.1291153579258082,17.4769899075112,2.526608539671055,29.75317828100553,29.229117838508216
Ruprecht_145,282.6172,-18.2013,0.588,0.001,8.985,0.02,0.062,0.039,0.691,0.073,265,-1.65978,0.45321,1.91475,0.24618,-0.06475,0.03101,1.78534,0.0699,496,99,0.5320754716981132,0.67119,0.21602,1.32645,4.55717,0.22773,0.00181,406.0,0.5549483979951557,0.03065148979821948,0.4188679245283019,0.40922297172050615,0.21158901828205304,2.993649418300901,0.2029229700001439,38.01624264939567,5.416197124441776,25.411529695325346,3.8048309943770193
Ruprecht_148,71.657,44.7159,3.009,0.248,7.439,0.266,-0.14,0.063,2.292,0.071,97,-1.66145,0.28446,1.30675,0.22422,0.11327,0.04191,1.63876,0.10637,388,77,0.6185567010309279,0.60006,0.26649,1.15977,2.01979,0.31502,0.53058,157.0,0.5266429505780262,0.2090578793839801,0.38144329896907214,0.3586690109097525,0.19697170152008572,2.171137543074612,0.2450440716671585,12.621903704662577,2.476830558354984,2.1770837564600622,1.40020235590724
Ruprecht_16,110.7985,-19.4735,2.61,0.095,8.37,0.107,-0.046,0.043,1.027,0.05,121,-2.35058,0.65564,1.49442,0.3052,0.04415,0.04069,1.6547,0.14569,369,73,0.4462809917355372,0.58324,0.27714,1.14619,4.2975,0.30358,0.01679,175.0,0.4824801127367358,0.04519144475378682,0.2809917355371901,0.27293023750234247,0.04086213265480736,4.520672571090041,0.6432809272363741,42.23767494131594,9.936519498614588,5.550089626327528,1.89066049426962
Ruprecht_171,278.0051,-16.0778,1.468,0.028,9.482,0.017,0.07,0.048,0.934,0.035,833,-1.60841,0.93128,1.91575,0.12464,0.01878,0.02491,2.21371,0.09573,2687,537,0.6398559423769508,0.62669,0.24489,1.20218,3.27741,0.14623,0.00029,1366.0,0.5015733465762597,0.05213821854907017,0.4177671068427371,0.3267062679674424,0.044942660384339396,2.833246274104978,0.1063455837351499,40.85804085606501,4.686235926964874,74.25444589675944,8.998989497530975
Ruprecht_18,111.1584,-26.23,2.305,0.07,8.16,0.198,-0.053,0.052,2.127,0.057,375,-1.63239,0.30596,2.0061,0.24449,0.02044,0.02867,1.97639,0.08065,1263,252,0.648,0.74174,0.26087,1.21334,3.2632,0.15396,0.07849,618.0,0.44102068234725383,0.09819832210379156,0.4826666666666667,0.27081752040320894,0.07233270946991589,3.3852931388327177,0.1542807048543165,40.28280773485052,4.871678551602171,3.5882299472770147,1.6924937487835394
Ruprecht_19,111.4636,-21.8184,1.371,0.023,7.931,0.125,-0.048,0.031,0.344,0.031,100,-1.81787,0.41848,1.17652,0.28774,-0.00649,0.05121,1.4571,0.11282,217,43,0.53,0.50448,0.27573,1.08946,4.64126,0.20634,0.20165,153.0,0.4712624233258184,0.2177957759002686,0.27,0.30170034511329175,0.044395945760846225,4.7379032706476005,0.6391281160351754,53.353967380345495,12.020651666426229,1.598944100887714,0.5844403639261696
Ruprecht_25,114.1863,-23.3838,5.623,0.188,8.933,0.066,-0.366,0.041,1.859,0.099,54,-1.0702,2.88105,1.03252,0.25107,0.12098,0.19361,1.3998,0.73388,400,80,0.7407407407407407,0.60477,0.29312,,,,,94.0,0.746453866198384,0.05963529525180839,0.4074074074074074,0.5415510830740443,0.06686451361840297,2.18657837952715,0.4710048317618158,8.58624125501434,2.904138378938466,99.81525323783112,37.01190829461415
Ruprecht_28,114.897,-30.9305,3.679,0.24,9.413,0.099,-0.045,0.052,0.901,0.147,214,-2.88749,2.86045,1.52695,0.20151,0.09319,0.03153,2.10786,0.36158,707,141,0.780373831775701,0.56614,0.27683,1.17354,3.68894,0.23634,0.02253,381.0,0.5314301502357848,0.11791427101893945,0.4205607476635514,0.3535817227929804,0.11708611668052955,3.139685853039767,0.2477720713046208,32.500034697171,5.030263906959487,79.63723544511743,21.94289543629633
Ruprecht_34,116.4748,-20.3889,2.489,0.058,8.34,0.131,-0.095,0.032,1.104,0.057,193,-2.54289,0.41819,2.02915,0.25841,-0.04012,0.02392,1.53154,0.07493,374,74,0.4818652849740932,0.70808,0.26349,0.86615,5.88847,0.25455,0.00311,286.0,0.595738040968296,0.03596710731856147,0.35751295336787564,0.40298242129050454,0.03449843741614574,4.351000934418949,0.6599238305746702,58.03216052290674,14.39699946442624,3.7699124144895273,1.472356260974517
Ruprecht_35,116.5551,-31.2759,3.249,0.231,7.4,0.219,-0.153,0.051,1.953,0.034,142,-1.71808,0.3174,1.55355,0.24001,0.15217,0.03752,1.90509,0.12959,450,90,0.5915492957746479,0.67401,0.25857,1.36461,3.87431,0.40529,0.16892,226.0,0.5084767456074704,0.18064883872776547,0.4014084507042254,0.3568159868125866,0.15526394094048598,3.5937326523147606,0.6265564979136172,33.02209264744459,9.245771386487542,0.760668458636877,0.4387397626437389
Ruprecht_4,102.2404,-10.5289,3.584,0.069,8.85,0.042,-0.175,0.046,1.666,0.063,161,-2.46296,0.7678,1.62565,0.18922,0.12066,0.02942,1.92204,0.18655,738,147,0.6956521739130435,0.65624,0.25225,0.81898,2.24363,0.21126,0.76935,273.0,0.5775048962309787,0.16659873446391302,0.515527950310559,0.4253058168322243,0.14296772645736494,2.976954710211784,0.2191944492048966,22.53882093317022,3.3519329725752134,31.41006295241729,5.572047121907182
Ruprecht_41,118.4387,-26.971,3.676,0.158,8.398,0.352,-0.114,0.042,1.298,0.074,350,-2.6518,0.51848,1.6817,0.2089,0.0995,0.02539,2.1292,0.12716,798,159,0.6028571428571429,0.64121,0.27299,1.07007,6.03767,0.12446,0.57366,561.0,0.4926714176325556,0.11960478121141205,0.3942857142857143,0.3290586482302305,0.08414119403782425,8.27824481210515,0.4534788416146216,179.06139766287808,23.123726236575248,1.396362026841694,1.1460408096005823
Ruprecht_42,119.3979,-25.9202,5.205,0.128,8.452,0.182,-0.236,0.038,1.55,0.078,160,-2.37574,0.6028,1.69667,0.19703,0.11285,0.02977,1.83281,0.15734,689,137,0.6,0.60751,0.27407,,,,,256.0,0.6927631443012823,0.03872983346207417,0.34375,0.5024250731706164,0.03754879637718099,3.497730641017525,0.4476895435079482,28.244834872405264,6.106696389485703,10.024459369615936,4.727093416732251
Ruprecht_44,119.7119,-28.569,4.139,0.234,7.217,0.055,-0.232,0.042,1.972,0.026,240,-1.24513,0.24587,1.73423,0.26774,0.09682,0.04277,1.97073,0.11186,1171,234,0.5708333333333333,0.67892,0.25884,,,,,377.0,0.644753318877765,0.0319493504686773,0.4041666666666667,0.46560115969768207,0.03167648787759241,3.3464959559794067,0.3218098284454611,27.555003486638416,4.83505904357275,0.5981354320367662,0.1294348225950592
Ruprecht_48,120.6803,-32.0497,3.223,0.072,7.97,0.255,-0.115,0.046,1.493,0.04,191,-2.29572,0.59323,1.50527,0.19454,0.09056,0.03815,1.87172,0.17762,515,103,0.581151832460733,0.59947,0.26005,1.52612,2.1212,0.12816,0.74662,302.0,0.46137999333106483,0.1231773304660313,0.3612565445026178,0.3161406966149192,0.1236364049194278,1.6634110206480937,0.1900261538560357,12.203882279954176,2.421283948431073,7.647191929488972,4.73952930843259
Ruprecht_50,120.8674,-30.8772,1.978,0.072,8.922,0.052,0.035,0.057,0.33,0.037,42,-2.43853,1.19122,1.82664,0.436,-0.01064,0.0402,1.13079,0.1147,81,16,0.5476190476190477,0.59055,0.25056,1.12676,1.15185,0.48611,0.01056,65.0,0.48795322435973637,0.2843428453249822,0.38095238095238093,0.3155469263337735,0.20466273609750546,1.3284450932267429,0.1619381169713369,6.955494438514268,1.4454883984972398,120.13567484208046,28.813869335245705
Ruprecht_54,122.8531,-31.9433,3.839,0.129,8.153,0.36,-0.158,0.038,1.488,0.123,316,-2.87892,0.43741,1.81797,0.16732,0.09348,0.02014,2.0768,0.11147,781,156,0.5537974683544303,0.58893,0.2597,1.26453,6.12523,0.23748,0.16769,491.0,0.5106949334979634,0.15026264253395522,0.3322784810126582,0.3568936010557549,0.026497521502711185,4.967666754770781,0.5305632579668835,75.49945429620045,14.253217134149711,1.883892804764816,1.6016036691504965
Ruprecht_58,123.7095,-31.9354,2.834,0.051,8.698,0.088,-0.124,0.02,1.068,0.065,208,-2.44313,0.51452,2.05746,0.23012,0.06066,0.02275,1.88554,0.10836,605,121,0.4182692307692308,0.62092,0.25075,1.32397,2.7738,0.27703,0.00216,295.0,0.4936835663794286,0.034202457272337755,0.25,0.3404852905337831,0.03002402883845384,2.168499490299656,0.1942999258361117,16.451606112150436,2.7560148204253765,30.32436371616984,7.972580299473174
Ruprecht_60,126.1027,-47.1948,4.116,0.487,8.914,0.052,-0.116,0.054,1.601,0.19,280,-1.65459,0.81926,1.73683,0.20369,0.07352,0.04217,1.87636,0.18305,729,145,0.5821428571428572,0.73045,0.28423,,,0.45759,0.0154,443.0,0.5279270885444051,0.1392277625909908,0.4142857142857143,0.3673872117221744,0.1143010164500563,3.423779619157767,0.389936027100064,41.14364729336678,8.133072320019545,19.938717111792748,4.608033620744959
Ruprecht_63,128.1793,-48.3037,3.521,0.192,8.545,0.222,-0.125,0.021,1.756,0.168,382,-2.67287,0.49378,1.94778,0.22763,0.07228,0.02315,2.03616,0.10712,899,179,0.5104712041884817,0.61993,0.26827,1.29218,5.58895,0.3534,0.00038,577.0,0.4996963791210146,0.2173081396750494,0.32460732984293195,0.32527481502308064,0.023956625904992635,5.634412297423276,0.4338971510701053,96.9285801308763,14.781012771254453,3.6186630762461465,1.930322293904215
Ruprecht_66,130.1517,-38.0681,4.154,0.218,9.031,0.055,-0.144,0.052,1.956,0.061,451,-3.0,0.96529,1.70203,0.16235,0.11883,0.02431,2.24564,0.20357,1220,244,0.7184035476718403,0.75832,0.2876,,,0.31076,0.62797,775.0,0.49285893083796495,0.07786687487673073,0.48558758314855877,0.32632164749653164,0.0687152158723048,5.005854426240412,0.4851539693405729,88.77533810080463,15.664300437978657,12.09783522448237,2.627554426712452
Ruprecht_67,130.4531,-43.3448,1.439,0.031,8.155,0.149,-0.012,0.038,1.716,0.038,91,-1.3856,0.31436,2.66425,0.4696,-0.07169,0.03531,1.48763,0.06595,306,61,0.5274725274725275,0.67073,0.24049,1.11348,1.90894,0.32993,0.01094,139.0,0.5444684621697873,0.0523350638069097,0.38461538461538464,0.3503433212274153,0.18652157638980407,1.2629173074388544,0.3416050969464665,5.751649612540618,2.403021606735663,24.84320246830769,13.430542294412058
Ruprecht_68,131.1504,-35.9056,2.71,0.036,9.244,0.032,-0.102,0.046,1.415,0.056,461,-2.19397,1.54908,1.42414,0.16161,0.07612,0.04224,2.09098,0.24945,1117,223,0.5878524945770065,0.59079,0.28442,1.38508,4.91203,0.17922,0.00422,732.0,0.48441729430277325,0.08144852662105406,0.3232104121475054,0.3131007693908773,0.13836018715394463,3.184449852218294,0.1749350029199932,44.90890733449723,5.8129164687959065,39.05417891328875,5.81675568999122
Ruprecht_71,132.3106,-46.8617,1.795,0.056,7.426,0.028,0.095,0.076,1.25,0.074,146,-1.63379,0.18977,2.76555,0.50328,-0.05012,0.02817,1.63987,0.04825,481,96,0.6164383561643836,0.81515,0.23082,1.50273,2.16238,0.22697,0.03905,236.0,0.4436306710682761,0.13397688313350187,0.4863013698630137,0.2806960563405563,0.09506065133357296,3.2721444501400283,0.351727977851933,28.702335140766383,5.442552561966999,0.929143448239408,0.1860901546359668
Ruprecht_76,141.081,-51.6517,1.911,0.034,7.95,0.341,-0.014,0.044,1.655,0.072,43,-3.0,0.9842,1.74098,0.60914,0.09438,0.04336,1.50765,0.22019,160,32,0.5348837209302325,0.6367,0.19763,1.43173,1.58044,0.45758,0.05461,66.0,0.5330270313698735,0.07606348725472867,0.4186046511627907,0.3354913412481524,0.20926035274115085,1.3319317874111498,0.2901474696475578,5.021324774756012,1.715880737422134,17.749318717928418,15.19907343036642
Ruprecht_8,105.4287,-13.5236,2.027,0.061,8.553,0.051,-0.002,0.057,1.411,0.027,129,-1.56684,0.67403,1.83971,0.30971,0.04283,0.05057,1.67057,0.1747,336,67,0.5116279069767442,0.65894,0.2674,1.08001,4.71719,0.13144,0.73789,195.0,0.5828373885068358,0.04401063928622807,0.35658914728682173,0.4030577525768602,0.042172893249015554,5.101865797201148,0.4596075513866239,57.66412124794948,9.683535120996591,6.1957562244934765,1.2696118562398246
Ruprecht_82,146.4085,-54.001,1.995,0.077,8.64,0.104,-0.006,0.036,1.195,0.096,182,-1.87732,0.56714,2.34582,0.34274,0.00647,0.03211,1.80088,0.11487,483,96,0.5934065934065934,0.64318,0.22072,1.27991,1.97577,0.32147,0.00039,290.0,0.5558803406371639,0.22430121950217585,0.4230769230769231,0.38034493686395043,0.15044445694387734,2.215469280603623,0.1801616185270627,18.7588835908073,2.9514840117748253,23.269819343304576,6.667546609482154
Ruprecht_84,147.2877,-65.2649,1.788,0.049,8.317,0.199,-0.007,0.05,0.741,0.101,110,-1.73955,0.38429,1.79561,0.34975,-0.01919,0.03795,1.4967,0.08287,347,69,0.4454545454545454,0.59972,0.23779,1.36435,1.58644,0.20955,0.15038,159.0,0.5867448027256468,0.04738860559137414,0.3090909090909091,0.40455566214165334,0.04406129191852727,1.2397577794272745,0.1660664647354024,5.814626685446831,1.303518914649161,35.68438060947435,18.20312069113119
Ruprecht_91,161.9483,-57.4822,1.022,0.004,8.052,0.116,0.014,0.033,0.316,0.04,253,-1.57912,0.28339,1.59868,0.24684,-0.0887,0.0351,1.67828,0.06169,477,95,0.4624505928853755,0.52741,0.29644,1.28586,3.48656,0.2197,0.00367,370.0,0.5336792823327458,0.031345962037693756,0.2450592885375494,0.3942174896532443,0.027041560287138073,3.2967702800062115,0.2869046958311332,41.586604441252106,6.827900519270701,2.710482068253157,0.8498089051831178
Ruprecht_93,166.0466,-61.3718,2.015,0.05,8.503,0.126,0.019,0.056,0.89,0.087,193,-1.06897,0.25739,1.81795,0.18757,0.03966,0.0296,1.73498,0.06854,502,100,0.533678756476684,0.55214,0.25231,1.27357,1.43856,0.20571,0.11058,296.0,0.5566223444064128,0.03590904899609656,0.3005181347150259,0.3906198661722259,0.03300235392942515,2.159290120723618,0.1248546798080872,17.993820264428802,2.376486807962812,17.696061619670765,5.641021779195341
Ruprecht_98,179.8986,-64.474,0.459,0.016,8.711,0.078,-0.127,0.082,0.77,0.154,112,-0.44323,0.24102,1.73953,0.24012,-0.16802,0.04529,1.4521,0.04916,259,51,0.5178571428571429,0.69753,0.1966,1.14572,4.4918,0.21315,0.13951,170.0,0.5744124088511768,0.04721541841550918,0.44642857142857145,0.39145440118451147,0.17300615059361785,3.514425938011698,0.689190933037439,33.80061044103812,10.484769685164284,15.208117394185104,5.451160615242336
SAI_24,44.792,60.5598,1.93,0.076,7.092,0.08,-0.016,0.075,2.033,0.04,271,-1.72494,0.15266,3.0,0.42144,-0.03167,0.01751,1.80617,0.04854,1072,214,0.7564575645756457,0.84346,0.18587,1.29294,2.23779,0.10004,0.59043,476.0,0.43481873111601094,0.07965470094924967,0.6642066420664207,0.28343397410198923,0.07780442624415533,3.124652132758004,0.3169595739557264,31.34950417761476,5.704803255733713,0.3942478408724061,0.1020841459641993
SAI_25,45.1034,57.3394,2.122,0.189,7.043,0.066,-0.086,0.063,3.346,0.239,141,-1.36619,0.31426,1.90341,0.33514,0.10855,0.04952,1.78868,0.15719,959,191,0.6950354609929078,0.72726,0.22128,,,,,239.0,0.6041123497927466,0.19459488973052372,0.5319148936170213,0.37184565805036196,0.11579646100031878,4.843244855387423,0.3975494703331383,36.96729129740626,5.853978432284728,0.2986636513396747,0.0655507669182966
SAI_4,5.9021,62.7076,2.553,0.073,7.536,0.165,-0.115,0.032,1.829,0.055,105,-2.12784,0.32097,1.94353,0.28946,0.04149,0.02716,1.57727,0.07663,368,73,0.6476190476190476,0.68804,0.24061,1.33058,2.26213,0.16512,0.62656,173.0,0.48424482620762505,0.16849682738877333,0.42857142857142855,0.31017457871669013,0.12711634669729788,2.066794442536989,0.3587631229673255,12.960306261409656,3.611103649096813,2.6508474488974496,1.2489338115493709
SAI_47,81.0015,42.3156,4.072,0.483,7.599,0.398,-0.296,0.027,2.112,0.311,40,-1.38863,0.51737,1.25916,0.27345,0.15563,0.08195,1.42047,0.25608,235,47,0.625,0.67996,0.26955,,,,,65.0,0.7557845195770772,0.07654655446197431,0.4,0.5407185047562771,0.07745966692414834,1.973377384308232,0.5853408384502445,7.393267033276058,3.371533300704717,5.3723414517795325,5.499249465752626
SAI_81,118.034,-28.1249,3.534,0.16,8.367,0.39,-0.086,0.067,1.892,0.103,188,-1.36629,0.41697,1.62057,0.27388,0.07867,0.04558,1.75769,0.11606,849,169,0.6542553191489362,0.5886,0.25294,,,,,311.0,0.6045435778649283,0.2138994011633424,0.44148936170212766,0.37228324246943323,0.12314312315102682,4.2382811286638855,0.3659652040215953,39.56711641252458,6.463112335196503,5.883904284033392,5.370494661575089
SAI_86,122.0601,-36.6058,3.294,0.063,8.814,0.07,-0.13,0.051,2.057,0.104,171,-1.75178,0.85474,1.5354,0.25719,0.06973,0.05042,1.71489,0.19208,628,125,0.5497076023391813,0.63163,0.27704,,,0.6356,0.0,265.0,0.4999235407312626,0.1845097024157861,0.32748538011695905,0.34455278638484155,0.035887959661892524,2.527716220047852,0.3197765895159254,18.674883928385384,4.001586364621813,34.89330357070562,9.355939351191308
SAI_91,129.2342,-50.0438,3.235,0.094,8.536,0.285,-0.071,0.017,1.754,0.092,128,-2.44465,0.99927,1.12491,0.21955,0.16785,0.04736,1.92707,0.28859,419,83,0.5234375,0.56276,0.28668,1.13295,2.16448,0.44715,0.21698,195.0,0.5910879011519741,0.0441455939542801,0.3046875,0.3943139901699059,0.04068294207801406,3.1574929940149823,0.3933713311870046,25.14133605012064,5.317395820959665,13.665063273287169,9.421751241437518
SAI_94,131.1523,-46.2949,3.933,0.208,9.006,0.087,-0.148,0.05,2.216,0.096,120,-2.25247,2.39375,1.29559,0.28618,0.14792,0.07625,1.86912,0.58375,393,78,0.65,0.62963,0.2893,,,0.77119,0.11373,198.0,0.5808792305811497,0.21787916567063806,0.375,0.40722876001952424,0.04419417382415922,3.553581468051477,0.5551811381505141,31.361456638355552,7.98125966123958,32.32985627640301,10.470909623564731
Skiff_J0507+30.8,76.7845,30.8397,4.779,0.197,9.114,0.037,-0.353,0.066,1.815,0.071,273,-1.59881,1.83305,1.50364,0.18382,0.1216,0.06007,2.01517,0.38632,810,162,0.717948717948718,0.62303,0.28147,,,0.34211,0.32936,469.0,0.697532382147302,0.28846803995887554,0.43956043956043955,0.5042925078436831,0.030039477050087894,6.854651502037615,0.4173679084640039,115.78558365040207,15.680980429907995,11.229114515317963,1.7966551010041556
Skiff_J0614+12.9,93.6841,12.8646,2.916,0.117,8.536,0.31,-0.151,0.054,1.924,0.095,86,-1.23183,0.63733,1.48493,0.28125,0.04892,0.06385,1.45252,0.17698,312,62,0.6744186046511628,0.56472,0.24935,1.50878,1.3943,0.29054,0.28686,144.0,0.6052186219717557,0.2744589349872812,0.3953488372093023,0.427796379974636,0.052722191405402026,1.4512921487311106,0.2486824184328143,7.205938709187043,1.985702557538562,47.67705662856432,36.479906919536845
Skiff_J0619+18.5,94.8931,18.5567,1.477,0.026,7.952,0.095,-0.126,0.036,1.167,0.064,141,-2.11916,0.2967,2.44078,0.3477,-0.11996,0.02585,1.34111,0.05728,423,84,0.4964539007092198,0.58829,0.22672,1.29237,7.14411,0.35626,0.00037,211.0,0.46282375610898374,0.21405427061986598,0.3120567375886525,0.3075076817487623,0.03901966499252565,5.005364203198264,1.41223646892992,53.07894826540549,23.07385291464876,1.6868547603328323,0.8208950583495889
Stephenson_1,283.5556,36.9065,0.351,0.001,7.789,0.096,0.182,0.088,0.432,0.098,194,-1.79899,0.58165,0.65604,0.50985,-0.2,0.10287,1.28024,0.13758,204,40,0.2628865979381443,0.75699,0.21058,1.31425,1.86263,0.31748,0.00307,245.0,0.33187516715840026,0.03160461555769594,0.22164948453608246,0.21770854381907237,0.029820856064116597,1.4905924424631347,0.2824872585816241,13.95271774744496,4.195598401382801,4.4090110890584,1.6454738919675576
Stock_1,294.1005,25.2128,0.386,0.01,8.733,0.046,0.059,0.074,0.33,0.035,202,-1.25124,0.61875,0.90502,0.29941,-0.1185,0.0911,1.66187,0.11164,346,69,0.6237623762376238,0.6745,0.22037,1.15623,3.87321,0.16364,0.1435,328.0,0.5010287938472378,0.13762693533934553,0.4504950495049505,0.39032721665684134,0.128461817851063,3.577142996849064,0.3221713019303314,50.132327105579385,8.417627080745763,10.786539428076924,2.141392112273836
Stock_10,84.9381,37.8819,0.351,0.001,8.132,0.122,-0.12,0.096,0.683,0.129,184,-1.81309,0.30522,0.92876,0.28714,-0.2,0.047,1.36492,0.05957,194,38,0.4130434782608695,0.66038,0.25599,1.13015,2.72627,0.13768,0.65792,260.0,0.5286262898518682,0.036298772536367034,0.266304347826087,0.3551956939463278,0.03258653547587874,3.0532808474448023,0.3696578273113515,43.943995669476,9.066929748303712,3.0839012058531705,1.0748853171664048
Stock_14,175.9447,-62.5326,2.237,0.05,7.251,0.033,0.152,0.027,0.882,0.02,180,-1.32351,0.20042,1.73549,0.21838,0.02671,0.03302,1.72179,0.07635,557,111,0.6444444444444445,0.67474,0.28179,1.21195,2.85503,0.2272,0.11143,296.0,0.3020886998356472,0.08838323336268791,0.40555555555555556,0.19754871721473868,0.06516594402470514,3.8641867895249487,0.5657791715123339,40.89482081633417,9.862613777409686,0.4358446208758481,0.1102065266763394
Stock_20,6.2957,62.6175,2.41,0.058,7.25,0.052,-0.033,0.035,1.476,0.024,98,-1.78554,0.15858,1.68876,0.16824,0.10295,0.01869,1.75007,0.05868,298,59,0.6428571428571429,0.61223,0.24138,0.62708,1.74363,0.14211,0.97081,161.0,0.43341259173675967,0.13773495090707522,0.40816326530612246,0.2632197006215439,0.11960431666257991,2.071712227446571,0.2453392821005762,13.683296223682907,2.7825890275553697,1.299598708504969,0.3066894684855443
Stock_21,7.589,57.9266,1.831,0.055,8.597,0.14,-0.055,0.074,1.718,0.072,78,-1.70949,0.90796,1.49785,0.28006,0.05218,0.06872,1.50281,0.24649,170,34,0.5256410256410257,0.59552,0.25817,1.5442,1.33358,0.40556,0.01503,119.0,0.4926030647827875,0.2688003684123817,0.3333333333333333,0.2734990439036629,0.1506843741958025,1.3077348980042316,0.1769034445096862,7.24105523145665,1.638036479346185,54.60069111896463,21.50258837050124
Stock_23,49.0734,60.5102,0.596,0.001,8.152,0.206,-0.053,0.079,0.972,0.063,134,-1.29267,0.63492,1.22683,1.03476,-0.2,0.12725,1.52816,0.14253,301,60,0.7761194029850746,0.70744,0.19683,1.04208,6.14854,0.16591,0.31507,238.0,0.5217300209928281,0.1286503024359476,0.6417910447761194,0.34303206137299946,0.11021109025247305,5.719112851322925,0.6804029821534481,84.39381133216298,17.25019908992562,1.6814710691330974,0.8684781180012418
Stock_24,9.958,61.9671,2.499,0.09,8.092,0.302,-0.067,0.054,1.838,0.083,140,-1.40406,0.30841,2.19303,0.41285,-0.00799,0.04517,1.60953,0.08312,439,87,0.6357142857142857,0.70928,0.22939,0.91162,1.93839,0.2645,0.07669,229.0,0.6007787948476362,0.2718034309573279,0.5071428571428571,0.36270278404016526,0.11015354152895067,1.9617239438440264,0.2579597557306575,13.62304537025272,3.007086803810381,9.072475352268343,6.619043126751202
Stock_4,28.0646,57.0626,1.28,0.023,8.276,0.178,-0.23,0.062,0.73,0.131,160,-1.60527,0.29599,1.96548,0.28658,-0.12941,0.0314,1.49726,0.05871,415,83,0.81875,0.62841,0.20147,1.26281,3.18883,0.20639,0.066,291.0,0.7151502095293614,0.17765099277621554,0.63125,0.5170734351043044,0.15123937217309685,4.036936855422576,0.3410047768055013,49.91331893140852,8.056727343731586,3.782540190707,1.6662076284051413
Stock_5,31.1578,64.3684,0.92,0.005,8.067,0.148,0.122,0.078,1.678,0.057,157,-1.35936,0.30765,2.41551,0.69125,-0.2,0.04465,1.53077,0.06674,446,89,0.7515923566878981,0.78896,0.22141,1.38269,5.69801,0.17951,0.14178,275.0,0.38260038605608027,0.10041327194145322,0.6560509554140127,0.226183170174058,0.08589837056556054,2.913207178606642,0.4472090773614786,28.228368231434025,7.084015967619241,4.133464632084715,1.749342496981876
Stock_7,37.4486,60.6425,0.659,0.002,8.175,0.176,0.067,0.039,1.743,0.065,146,-1.66092,0.31778,1.77637,0.34195,-0.12721,0.03754,1.42261,0.06264,260,52,0.6643835616438356,0.64342,0.24377,1.26421,3.06462,0.32937,0.00078,243.0,0.5875064767620568,0.20135970043787568,0.4657534246575342,0.45200756651174656,0.23647827715046027,2.098251322893695,0.3166845470189858,20.50937367147838,5.075944907569549,7.295374690916061,3.464226375775466
Teutsch_1,84.8731,33.3502,3.53,0.098,7.661,0.418,-0.253,0.016,2.052,0.115,82,-1.86635,0.36256,1.84084,0.29399,0.10007,0.03432,1.57581,0.11909,314,62,0.5121951219512195,0.68646,0.25543,,,0.22363,0.99268,124.0,0.7678062774796267,0.05519933710725542,0.3780487804878049,0.5504492293070686,0.053548234474720215,0.7364117575785808,0.2405586243958916,2.321319063186249,1.1602921386881389,19.73627382724743,21.40462910179376
Teutsch_103,142.157,-46.6078,2.438,0.135,8.662,0.103,-0.027,0.023,2.748,0.068,50,-1.63162,0.96305,1.43276,0.42885,0.01268,0.08388,1.28803,0.22752,235,47,0.48,0.66161,0.29405,,,,,74.0,0.5235884657489561,0.07065408693062278,0.34,0.30001613280345263,0.0669925368977769,1.0636049624441355,0.2849869537748138,3.2030191809605824,1.326594915959776,143.36411582123478,68.4231050629272
Teutsch_12,96.4397,13.6167,3.516,0.109,8.877,0.054,-0.204,0.047,2.159,0.083,201,-3.0,1.15685,1.7249,0.2079,0.10066,0.03222,2.04152,0.24226,532,106,0.7114427860696517,0.69758,0.26973,,,0.17673,0.95858,344.0,0.7195886235577041,0.03195861349017578,0.46766169154228854,0.5211624852898917,0.03519344083266452,3.198205485230585,0.3507715114596996,35.49922507941278,6.827544899617665,21.2217467296382,4.860240351766345
Teutsch_126,333.4545,55.6993,1.921,0.043,7.997,0.076,0.051,0.057,1.358,0.047,210,-2.13913,0.29954,2.04334,0.25741,-0.03647,0.02474,1.63835,0.06453,483,96,0.5285714285714286,0.72736,0.26336,1.15888,3.98828,0.25163,0.00201,321.0,0.4970201501141816,0.20013120426680794,0.38095238095238093,0.3507028609564669,0.14598435985589472,3.0959880579949264,0.3570924056603405,33.58407496316752,6.700743746226101,2.957104072421552,0.7847898905888563
Teutsch_13,100.979,1.4142,3.722,0.101,7.438,0.111,-0.297,0.014,2.147,0.04,166,-2.01797,0.34976,1.89401,0.23241,0.1495,0.02822,1.97559,0.13585,688,137,0.5542168674698795,0.68541,0.23597,,,0.66871,0.07817,258.0,0.689331788317017,0.03857870466338313,0.42771084337349397,0.500523623536635,0.03839978961367979,5.972630161045287,0.6492629440825626,63.45612334984996,12.123507727069164,0.4320424928596529,0.1378656232314999
Teutsch_132,77.5143,38.8156,3.122,0.142,7.219,0.068,-0.212,0.039,2.207,0.059,62,-1.63146,0.46984,1.95104,0.40785,0.04135,0.05062,1.39538,0.1626,309,61,0.6129032258064516,0.73106,0.25404,,,,,100.0,0.7555377527517771,0.06185999561998688,0.46774193548387094,0.5410182708668407,0.06336777155744093,1.645354038824456,0.3751807127647574,6.6699262901449,2.374453620384881,2.482441171675315,0.9654356769013208
Teutsch_35,294.2069,35.6896,0.491,0.0,8.0,0.0,-0.01,0.0,0.031,0.0,149,-1.77353,0.2708,1.05648,0.18234,-0.1318,0.03268,1.45281,0.04389,193,38,0.6308724832214765,0.60581,0.24389,1.13015,4.16828,0.17476,0.36403,243.0,0.4829889798647648,0.13394403187332488,0.40268456375838924,0.3450003470222337,0.13822481688667757,2.885448726650077,0.4398395817200381,38.387886412722935,9.556394195255171,2.604988431112396,0.6484935391894522
Teutsch_38,131.5044,-38.0093,0.639,0.001,7.842,0.1,-0.004,0.065,0.262,0.059,180,-1.90142,0.38679,1.07083,0.44167,-0.2,0.05814,1.35238,0.09236,296,59,0.8055555555555556,0.75174,0.18719,1.10183,6.43608,0.07765,0.9721,325.0,0.5499089835425244,0.13154255102348744,0.6888888888888889,0.4133474644496573,0.1001805533262131,6.647111954072257,0.9279181233318936,136.2961715423263,31.607531438851456,0.5099367867225519,0.1666472481906094
Teutsch_61,113.6625,-19.7875,2.454,0.096,7.427,0.247,-0.113,0.051,2.011,0.052,89,-1.86285,0.33179,1.32641,0.2027,0.05917,0.03746,1.46888,0.10691,349,69,0.5393258426966292,0.55881,0.25853,0.65194,0.87138,0.14925,0.78261,137.0,0.4796214993287948,0.22210625936589254,0.3146067415730337,0.29843565882491263,0.04922196227293375,1.5009804011575325,0.1879342464426958,6.90264624922417,1.4650083131632885,3.872437196044552,2.3507599486397
Tombaugh_1,105.1289,-20.5783,2.372,0.048,9.121,0.026,-0.095,0.057,0.869,0.065,341,-2.04914,0.67262,2.16353,0.19858,0.05235,0.024,2.01566,0.11845,810,162,0.5161290322580645,0.76116,0.25994,1.5239,2.26343,0.26586,5e-05,517.0,0.5404034419106647,0.02706242670844949,0.39296187683284456,0.3611019595815952,0.11715348599485109,2.3934724395891505,0.1637815762709128,25.85392135451927,3.704923265244601,51.10619840094833,7.9370406723918
Tombaugh_5,56.977,59.0395,1.545,0.03,8.353,0.097,0.02,0.028,2.505,0.027,614,-1.69668,0.2829,1.87119,0.18755,0.04192,0.02415,2.15666,0.07241,1544,308,0.6856677524429967,0.67949,0.24546,1.34852,4.94403,0.1508,0.018,1035.0,0.4063104703870256,0.06015785034221744,0.5195439739413681,0.2369879021360916,0.03849583063402069,3.813569961267896,0.1700354028479908,66.71146935338045,8.011278735320936,3.37908793495672,0.8568956703580197
Trumpler_1,23.9179,61.2871,2.424,0.049,7.42,0.075,-0.046,0.05,1.815,0.022,147,-1.22464,0.17716,1.68581,0.19299,0.0613,0.03131,1.72354,0.07188,557,111,0.6462585034013606,0.57362,0.23392,1.32742,1.4441,0.2381,0.23251,242.0,0.48926578685097666,0.1297026401832705,0.3877551020408163,0.3091602690677739,0.12208876783099538,1.2188088799375827,0.2054972129820481,6.18342650096943,1.6808287019972517,4.253738588924783,1.3698997202538352
Trumpler_12,151.6243,-60.2906,3.121,0.125,8.891,0.021,-0.02,0.055,0.782,0.049,303,-1.5378,0.60118,1.95738,0.26476,0.01625,0.03826,1.84828,0.11627,711,142,0.5379537953795379,0.60399,0.24879,1.14598,2.28753,0.21668,0.02026,466.0,0.4936403120955977,0.1462459220341178,0.3696369636963696,0.30549596180793187,0.09074135104844373,2.4951319803810628,0.1611921741717376,27.00040306279501,3.7570626667870486,28.815738388435143,4.24486362949892
Trumpler_14,161.0047,-59.5491,2.271,0.099,6.72,0.061,0.025,0.056,1.786,0.027,491,-1.16849,0.12809,2.41181,0.32556,0.06825,0.02464,2.07858,0.0625,1994,398,0.615071283095723,0.81024,0.20883,1.12524,1.19233,0.17162,0.06041,793.0,0.43174912252974784,0.07792154154369492,0.5234215885947047,0.2481767320964789,0.032479103366055834,1.277797788062709,0.0930593809554096,9.126878544073492,1.3504608548064556,0.5750130865832046,0.1173112349737026
Trumpler_15,161.1859,-59.3719,2.296,0.115,6.906,0.051,0.013,0.041,1.637,0.059,316,-1.38681,0.15076,1.86049,0.21305,0.05461,0.0263,1.94673,0.06358,1052,210,0.6772151898734177,0.75199,0.24262,1.06596,1.20857,0.23977,0.01873,530.0,0.4457788413751866,0.06581312348210837,0.5158227848101266,0.2633673407965333,0.07749439082176346,1.5027930138463412,0.1485615643028908,11.516866749043436,2.058608589735842,0.6993034292646989,0.1495607596253008
Trumpler_19,168.61,-57.5744,2.357,0.049,9.59,0.045,0.039,0.035,0.629,0.063,781,-0.59271,1.24388,1.80482,0.14993,0.0202,0.03849,2.13063,0.09987,2684,536,0.6606914212548015,0.64738,0.26163,1.14517,5.73551,0.13998,0.00109,1297.0,0.5062029355848395,0.04501231432349269,0.4046094750320102,0.3306834430989286,0.0537204180027649,3.796966385679097,0.1435217711363318,60.71891840825309,6.972093675625534,64.07313489652022,9.909877207785543
Trumpler_2,39.2675,55.8947,0.669,0.002,8.027,0.155,-0.042,0.037,1.189,0.044,263,-1.78901,0.42429,1.64675,0.34975,-0.07505,0.04519,1.77987,0.09631,498,99,0.467680608365019,0.60872,0.22053,1.18217,3.44233,0.22773,0.0024,386.0,0.48386281716130836,0.030766844094411567,0.33460076045627374,0.31553806688709274,0.13696634149525852,2.743340643238482,0.2815502084703711,31.95997762176284,5.856541762751975,3.329611274507577,1.335822619562196
Trumpler_21,203.0571,-62.7919,1.264,0.025,7.802,0.12,0.073,0.054,0.828,0.036,125,-1.69402,0.38053,1.33541,0.21869,0.022,0.04386,1.6083,0.11698,253,50,0.504,0.524,0.26767,1.01719,1.1429,0.1338,0.58092,188.0,0.5716792679809872,0.04471992844359213,0.288,0.430485559332479,0.04050244437067965,1.1066701116600437,0.1117295679350576,6.527270417893414,1.1803064494354882,9.711099290743022,3.2068061612005625
Trumpler_3,48.021,63.1954,0.659,0.004,7.748,0.113,0.025,0.054,1.1,0.052,298,-2.057,0.33259,1.59832,0.22834,-0.11659,0.03047,1.67914,0.06515,444,88,0.4899328859060403,0.62715,0.24543,1.15226,3.3126,0.15394,0.074,444.0,0.43860591314054964,0.11812322558236514,0.31543624161073824,0.27566620446715734,0.09757060098038964,2.6134663437576515,0.208047484160555,35.22344859025428,5.46578092719707,1.5891618336598246,0.4814375192964413
Trumpler_32,274.2983,-13.332,1.605,0.031,8.874,0.036,0.079,0.033,2.431,0.02,566,-1.6662,0.42366,2.08815,0.19236,0.05121,0.0236,2.12673,0.08871,1422,284,0.6166077738515902,0.74902,0.2573,1.13232,2.20989,0.16045,0.01189,915.0,0.4719696367571279,0.05860870695385279,0.4734982332155477,0.2886160569075654,0.04216144522699254,2.276950239818116,0.1022879326278248,28.94419628647116,3.486857406370472,25.848688044617013,3.7799113141158736
Trumpler_33,276.1694,-19.72,1.333,0.024,7.836,0.154,0.061,0.096,1.488,0.081,107,-1.35373,0.32926,1.44779,0.28315,-0.02758,0.05107,1.47234,0.10056,313,62,0.5887850467289719,0.57382,0.27799,1.07978,1.16156,0.17785,0.33598,170.0,0.5976444250965697,0.04756866315907398,0.34579439252336447,0.44283348702557673,0.04598055568549935,1.289313391803259,0.1817073526351265,6.832165910124744,1.5949741247042355,10.033249125827306,4.259572866906108
UBC_118,282.6416,9.7908,1.435,0.027,8.34,0.111,0.091,0.054,1.558,0.059,193,-1.90597,0.59937,1.62655,0.26168,0.00221,0.04531,1.7277,0.1374,412,82,0.466321243523316,0.54024,0.26643,1.26909,3.20781,0.31092,0.00015,283.0,0.4523085691687118,0.23588009281825525,0.26424870466321243,0.288914372328324,0.031739004195001044,3.0127722437822406,0.2579290633936228,31.594342350234488,5.132916916339116,6.924536044135493,2.0971053982417245
UBC_133,303.7123,28.3677,1.45,0.035,7.813,0.174,0.187,0.052,2.964,0.034,185,-1.74656,0.24176,1.92657,0.24627,0.02364,0.0251,1.76183,0.06441,710,142,0.7675675675675676,0.69678,0.22669,1.0035,4.04972,0.23649,0.02889,327.0,0.34548847202021404,0.08915966577785532,0.5891891891891892,0.25490054058060135,0.08230301624444207,3.046054361269058,0.2763678220347803,27.43308686994167,4.633005468217784,2.3698743543710896,1.0303967973757298
UBC_136,304.4793,32.606,1.348,0.022,8.223,0.161,0.18,0.085,2.483,0.095,221,-1.83575,0.31813,2.02623,0.25877,-0.02534,0.02747,1.76851,0.07021,710,142,0.7104072398190046,0.74846,0.23485,1.29987,4.07766,0.18156,0.05194,378.0,0.3470350120464345,0.07698841560276817,0.583710407239819,0.255610916583767,0.06167212219079323,4.142765007899644,0.3236118886266578,48.84508703105767,7.524264659748998,3.421205111679224,1.3734333163512489
UBC_151,312.0139,47.4341,1.628,0.022,8.213,0.207,0.129,0.055,1.144,0.064,197,-1.74898,0.45115,1.90722,0.35155,-0.03849,0.03941,1.71344,0.09017,413,82,0.5279187817258884,0.68176,0.2505,1.01031,3.72381,0.17503,0.08751,301.0,0.37199693097469955,0.09948887162297239,0.38578680203045684,0.2202244329753282,0.07438961217736742,5.505586548273088,0.3541719965904529,81.84511152072929,11.33086637253323,1.9952956475362864,0.9903330726198776
UBC_152,314.3412,47.3672,1.281,0.026,8.001,0.225,0.155,0.074,1.864,0.092,50,-1.64265,0.91828,1.37034,0.42915,0.07545,0.08077,1.5209,0.26555,172,34,0.5,0.6527,0.23831,1.24954,1.84429,0.21429,0.53701,75.0,0.354925493707958,0.18638401218988715,0.44,0.24234312557893578,0.15835754986738082,2.0078139073549424,0.3154713628910187,9.802934173199851,2.505318892021078,10.224543186448106,5.906598605846035
UBC_154,317.0953,46.325,2.936,0.147,8.833,0.076,-0.005,0.046,1.734,0.091,220,-2.01125,0.64183,1.95049,0.25601,0.04804,0.03331,1.79961,0.13628,536,107,0.55,0.77305,0.2725,0.6592,4.72437,0.21205,0.19062,341.0,0.49046468372404406,0.1504126906215031,0.4090909090909091,0.289613337045713,0.0831065504203179,6.933328267699795,0.5820106953458831,112.10229859227798,18.012410585365128,6.072751114316899,1.442726304157692
UBC_157,328.7513,49.712,1.149,0.011,8.254,0.086,0.001,0.022,0.893,0.028,77,-2.08215,0.99212,1.52583,0.31109,-0.04765,0.06183,1.27112,0.1631,183,36,0.4285714285714285,0.32955,0.2466,1.33928,1.54334,0.33037,0.02326,110.0,0.5591391987521458,0.0563958595679802,0.16883116883116883,0.34670956074923165,0.042689943044847696,2.17961097831745,0.1852400605014391,14.169953464393116,2.2815980625452705,12.66576937844158,3.23260587492111
UBC_162,327.7942,53.0065,2.044,0.057,7.73,0.385,0.005,0.031,1.948,0.058,294,-2.28273,0.30687,2.24433,0.24134,-0.02303,0.02107,1.78188,0.07065,714,142,0.7585034013605442,0.76262,0.23194,1.14684,4.87658,0.14965,0.07426,517.0,0.46819330723537006,0.08947107681367125,0.608843537414966,0.30127540521239426,0.07929057919121847,6.676882795871372,0.5438296015929395,128.30329495509812,20.211276546544585,0.4185643062075658,0.3768679911760814
UBC_166,334.2468,54.2546,2.96,0.111,7.389,0.12,-0.037,0.043,1.477,0.039,437,-1.88539,0.24667,1.91607,0.22041,0.05366,0.02621,2.04562,0.07539,1287,257,0.5423340961098398,0.64946,0.26943,1.17,4.51696,0.16623,0.07355,674.0,0.42900002804817466,0.07778303717045666,0.36384439359267734,0.24645961351692697,0.04854968495419471,6.527848740537817,0.3609086133471124,114.73101596142062,14.891424278331328,0.2134613052383557,0.0651647671357603
UBC_169,342.6267,49.4942,1.372,0.03,8.475,0.049,-0.121,0.045,0.591,0.077,59,-1.58943,0.38401,1.66884,0.32007,-0.11263,0.04215,1.22452,0.07136,136,27,0.576271186440678,0.49566,0.2695,1.51537,2.90865,0.42024,0.00886,93.0,0.6010958479778592,0.06433265060775263,0.3050847457627119,0.3963699983662715,0.059944613371832926,1.891346658630232,0.3828581245075234,11.754668638229438,3.7550658301245545,25.39742047009872,8.60444842548586
UBC_172,343.3946,54.3292,2.456,0.032,8.35,0.153,-0.073,0.037,1.231,0.047,316,-2.66128,0.459,1.92798,0.25383,-0.02545,0.02502,1.71682,0.08065,982,196,0.569620253164557,0.67563,0.26264,1.26221,6.00527,0.23608,0.00023,496.0,0.42268497550838213,0.09482936729263469,0.40822784810126583,0.2642199766229587,0.06595549878524294,7.307854706808245,0.5579195712139217,121.12600658141687,18.399049201038927,1.848258026292268,0.7090804399628221
UBC_175,344.432,54.3751,1.274,0.019,8.655,0.174,-0.016,0.112,1.076,0.176,98,-1.42136,0.73996,1.46352,0.36288,0.01061,0.06711,1.59602,0.16139,299,59,0.5918367346938775,0.59746,0.23229,1.08235,2.13288,0.11682,0.85204,156.0,0.5587724729776196,0.2805064493308061,0.40816326530612246,0.35986404724992344,0.1795486582450808,3.569062510022389,0.2611529331000874,30.15790237359437,4.450801509197459,14.983003087461324,6.397252552853624
UBC_177,339.7207,67.063,1.079,0.027,8.101,0.066,0.103,0.081,2.221,0.115,74,-2.31926,0.39324,2.55055,0.50191,-0.07278,0.0263,1.3508,0.06471,191,38,0.7162162162162162,0.86875,0.2098,1.53322,2.6118,0.2076,0.33516,127.0,0.5011343464744732,0.17542240815259705,0.6216216216216216,0.3404819251656719,0.13684378000174266,3.4712688558956986,0.5260050089187808,31.00738137631727,7.693286500804593,4.069442431389669,1.1840214764624075
UBC_178,346.2013,63.3254,0.827,0.005,6.92,0.046,-0.047,0.07,2.114,0.034,342,-1.61862,0.1493,1.78166,0.23981,-0.18821,0.02622,1.57744,0.04001,576,115,0.6023391812865497,0.66949,0.23362,1.04061,1.92068,0.10801,0.39222,548.0,0.3961741890092012,0.07318208452033678,0.41228070175438597,0.26084403872458073,0.055270563649688784,2.885985577424496,0.1569213741273467,42.56265648605034,5.486688376662021,0.1954210192155831,0.0326044136928755
UBC_179,350.9415,59.5013,1.16,0.01,8.325,0.081,0.156,0.071,1.935,0.074,142,-1.52625,0.49928,1.69698,0.34041,-0.02316,0.0612,1.62356,0.13294,426,85,0.5774647887323944,0.61549,0.23514,1.06546,2.4774,0.21089,0.07463,224.0,0.31210591524267817,0.0872504550280163,0.4014084507042254,0.21003863310102378,0.08707659263554031,3.239407983542658,0.2786155253601298,28.845851382754383,4.704374155483203,7.326838829587127,1.8152680356917608
UBC_194,37.7173,48.3366,1.276,0.028,8.486,0.032,-0.112,0.063,0.772,0.078,124,-1.84952,0.51094,1.73755,0.32444,-0.11293,0.04521,1.36232,0.09347,308,61,0.4758064516129032,0.57865,0.24985,1.42841,3.51482,0.35197,0.00093,183.0,0.5395257670478314,0.044848730716785995,0.29838709677419356,0.3485784393608773,0.04108922600846468,2.25631779474628,0.3139656467762156,16.869459662773394,3.8972467696158937,18.150927741021,4.401408823810609
UBC_198,82.1311,35.6967,1.8,0.034,7.475,0.041,-0.122,0.048,1.485,0.087,259,-1.86273,0.23975,2.46267,0.29879,-0.08948,0.02376,1.63179,0.06203,883,176,0.5212355212355212,0.67699,0.24769,1.10317,3.98933,0.19245,0.01432,394.0,0.5253343562451199,0.03104045514718843,0.3861003861003861,0.34596615524110325,0.11614500065279014,5.734629127134936,0.5027037920599169,73.74352407634186,12.167058443629886,0.4048331912951957,0.0769552680678994
UBC_237,118.6061,-29.7412,1.721,0.044,8.498,0.146,-0.118,0.063,1.2,0.089,157,-1.95962,0.35136,2.36445,0.25719,-0.09397,0.02434,1.46596,0.05966,511,102,0.5668789808917197,0.63463,0.22376,1.19395,3.76991,0.28611,0.00256,246.0,0.4847937717338203,0.1604803540698378,0.4140127388535032,0.33314944813458486,0.12020009011957539,4.488729085474181,0.5738951595915343,46.216124556912014,9.991663043126314,6.810930912705745,2.722287752251827
UBC_245,129.3148,-45.2286,1.977,0.074,7.274,0.086,0.002,0.033,1.644,0.062,231,-2.0937,0.25832,2.1414,0.23446,0.00135,0.02251,1.7609,0.06651,561,112,0.6103896103896104,0.71363,0.25842,1.15295,4.72386,0.24641,0.00335,372.0,0.4734773212110207,0.11211777902907838,0.43722943722943725,0.3081560873273676,0.08141393605803042,7.513770392218404,0.5803143134400032,132.5128620909192,20.264349246032285,0.1418214645091462,0.0354832877670154
UBC_249,137.0107,-52.9449,1.724,0.036,8.178,0.142,0.152,0.044,1.004,0.12,235,-1.81844,0.3411,2.26766,0.3481,-0.06896,0.03191,1.6854,0.06413,715,143,0.6042553191489362,0.71519,0.2429,0.99713,4.21405,0.1949,0.01939,377.0,0.3301144538792814,0.07783159039369186,0.46382978723404256,0.21859901535649312,0.06667380608705874,6.365230174276054,0.3877592406568184,92.50423362667884,12.530772723460796,1.6286898524741995,0.5764212089522812
UBC_251,140.4339,-51.2188,1.792,0.02,7.881,0.115,0.147,0.062,1.55,0.047,183,-1.75522,0.33785,1.81709,0.269,-0.03656,0.03486,1.59637,0.08682,478,95,0.5136612021857924,0.59776,0.26227,1.05222,2.61976,0.21177,0.02899,277.0,0.36465415705641246,0.10493007999403785,0.3005464480874317,0.21946686839836402,0.08699682157031345,3.859760566072562,0.2349451922146457,41.82161635830523,5.643839924602956,1.8180222170901128,0.5403203246455452
UBC_253,139.5608,-56.014,1.572,0.017,8.332,0.21,-0.064,0.046,1.048,0.096,103,-1.8642,0.52559,1.86317,0.37712,-0.03352,0.04132,1.49844,0.10434,306,61,0.4854368932038835,0.60538,0.25779,1.57852,2.42233,0.36054,0.00169,153.0,0.5049658529912613,0.04924556220905466,0.34951456310679613,0.3067705391957235,0.1550442977235514,2.131865772775826,0.3384795178592223,13.561145428116252,3.501130060968573,15.838119910412964,8.681649599557186
UBC_270,169.8047,-59.5529,2.232,0.08,7.908,0.171,0.076,0.039,1.213,0.045,276,-1.79008,0.35664,2.21388,0.37899,-0.04313,0.03472,1.76677,0.0799,758,151,0.6086956521739131,0.73561,0.27118,1.30178,5.01115,0.24495,0.0004,444.0,0.4846062429702054,0.10122151623085213,0.40942028985507245,0.35863725564925136,0.11308998406109062,6.542208622144647,0.5620900840600367,106.77017934075484,17.390788095207842,0.7577920203694423,0.322896668453822
UBC_290,191.927,-59.3591,1.579,0.025,8.019,0.03,-0.124,0.069,0.992,0.033,394,-1.54849,0.21033,2.23793,0.26472,-0.1076,0.02467,1.80467,0.04845,1125,225,0.5964467005076142,0.59358,0.21692,1.15707,3.46092,0.1383,0.04069,629.0,0.42378789405901457,0.08306095439803265,0.3934010152284264,0.28802559327040655,0.06273425488980565,5.10806457049113,0.2854278366104114,80.26184558534925,10.472636282753337,1.3016399157054774,0.1921714672898241
UBC_292,200.3783,-61.2716,2.053,0.031,7.48,0.057,0.13,0.047,1.386,0.029,466,-2.00229,0.24591,2.07408,0.21157,0.00614,0.02162,1.9466,0.06123,1044,208,0.5450643776824035,0.65811,0.26733,1.07421,5.21595,0.08498,0.42257,720.0,0.4044884446888115,0.06367482355910506,0.3798283261802575,0.2677855381534877,0.060079902767441504,8.765870700276059,0.2945176463576523,209.28446977383632,23.36444285825045,0.1442988924914273,0.024863530859579
UBC_300,223.0187,-65.3262,1.753,0.05,8.54,0.165,0.105,0.051,2.168,0.065,179,-2.01899,0.55822,1.97121,0.29343,0.00826,0.0347,1.68733,0.12179,500,100,0.6424581005586593,0.71605,0.24013,1.40676,3.24757,0.18432,0.10703,294.0,0.4421682035275465,0.0988384987039915,0.49162011173184356,0.2779557664350622,0.10224758079178285,2.94914645421687,0.2235368624145286,28.62470701568729,4.334230028679999,12.113201726833664,4.954149792509001
UBC_303,221.9018,-56.254,1.705,0.059,8.829,0.128,0.114,0.042,1.711,0.101,139,-2.26525,0.88929,2.04968,0.31831,-0.00541,0.04112,1.63667,0.151,419,83,0.5971223021582733,0.68556,0.27131,1.10362,4.95461,0.30084,0.00307,222.0,0.4913345972338074,0.1645339576323503,0.4172661870503597,0.3300412117986826,0.12188397085925025,3.8670296457585978,0.4578218660131078,37.67221976479711,7.660254294523312,17.905184029751204,6.41128846331519
UBC_31,61.0997,32.8479,0.315,0.012,7.321,0.124,-0.128,0.062,0.846,0.093,390,-1.46326,0.45026,0.1574,0.31466,-0.2,0.11969,1.52533,0.10347,358,71,0.3948717948717948,0.68599,0.19503,1.02862,5.07471,0.09378,0.83114,544.0,0.4848419500303166,0.024752521782251312,0.3282051282051282,0.342280189516426,0.023777091001094246,7.849558025807812,0.5019010213756169,240.73213068795863,33.210428674117736,0.086989320863251,0.0275845081728109
UBC_316,248.7602,-47.9595,1.599,0.037,8.684,0.581,0.142,0.057,2.714,0.106,93,-1.43608,0.67758,1.3326,0.32247,0.07907,0.05989,1.57028,0.1613,267,53,0.6451612903225806,0.80701,0.29479,1.48715,2.28158,0.75778,0.0,153.0,0.3577899427642287,0.1300251772539711,0.4838709677419355,0.22648622371437127,0.10603901055709405,2.785989604832272,0.3690375589816256,21.688569466787133,4.817090097324989,22.272506390036725,30.20404509859754
UBC_319,249.7013,-44.7682,1.305,0.02,8.069,0.172,0.175,0.074,1.799,0.055,223,-1.58278,0.35176,1.83081,0.30249,-0.01449,0.03746,1.79888,0.09651,609,121,0.5605381165919282,0.61094,0.24649,1.04773,3.16342,0.22877,0.00709,348.0,0.3455138633510001,0.08159959402237245,0.3632286995515695,0.2538390631287795,0.08406007894221525,3.84693524699868,0.2466952694893895,44.17547430351289,6.108670268346616,2.653498086957536,1.113120303715968
UBC_340,270.7707,-22.6504,1.265,0.024,7.413,0.066,0.161,0.05,2.376,0.076,148,-1.60267,0.29067,1.91041,0.37394,0.04108,0.03942,1.75369,0.08968,436,87,0.6081081081081081,0.70731,0.23697,1.00439,1.57668,0.17117,0.37146,238.0,0.3110672118252567,0.09598356948622098,0.49324324324324326,0.21990615383713188,0.08859982362049423,2.285510681800216,0.2324951799005921,17.714646384557863,3.2295820438765737,1.461058188217225,0.3467744462258711
UBC_347,276.7298,-10.9679,1.267,0.034,8.727,0.203,0.069,0.078,3.004,0.075,72,-1.62864,0.97777,1.52208,0.29244,0.09506,0.06364,1.61153,0.26902,232,46,0.6805555555555556,0.68214,0.24592,1.42542,1.14163,0.38889,0.02834,121.0,0.6069928158892864,0.277712762453142,0.5138888888888888,0.4376988104988703,0.21382850478400178,1.5279928008962214,0.2111056943022097,7.925985983421373,1.820839266669685,67.2894068451783,35.0462157063896
UBC_356,288.8649,-4.1782,1.057,0.009,8.174,0.128,0.059,0.066,1.743,0.025,71,-1.48151,0.49503,1.33572,0.31912,-0.05745,0.06011,1.3034,0.11654,202,40,0.676056338028169,0.58117,0.23008,1.19401,1.42074,0.30569,0.05995,119.0,0.5739854796089382,0.23969493926835528,0.43661971830985913,0.4039337386191251,0.22607861973132704,2.7553460457134,0.2399568005959601,20.31586371857864,3.3300402430036606,7.347924903699027,2.478047428307564
UBC_36,16.4461,59.6334,1.752,0.075,8.679,0.197,-0.07,0.043,1.345,0.1,43,-2.09789,0.57941,2.40729,0.59429,-0.0168,0.03509,1.2337,0.11272,107,21,0.4418604651162791,0.73674,0.22892,1.22573,1.33639,0.41435,0.04634,62.0,0.47841204071077786,0.07573205436112189,0.3023255813953488,0.26189286767881254,0.07003733626037717,1.553075473069854,0.2394612807316549,7.404149495845507,1.8601825325876684,64.49481792954538,33.44293937959043
UBC_361,289.9783,15.155,1.508,0.021,7.858,0.155,0.171,0.071,2.144,0.055,127,-1.49037,0.46145,1.8139,0.36557,-6e-05,0.04886,1.65231,0.13181,410,82,0.7244094488188977,0.67085,0.24665,1.59465,3.16394,0.38459,0.00021,219.0,0.3116873784559544,0.11341473677499783,0.5354330708661418,0.22298954248425396,0.09014992753877965,2.5559448898511583,0.4227882925851828,20.249181629626367,5.416942020128195,3.561168507313176,1.588384580162837
UBC_364,306.2665,29.7233,1.591,0.067,8.719,0.052,0.068,0.048,1.925,0.109,62,-0.83211,0.68605,2.04787,0.4481,-0.0136,0.06959,1.35896,0.16276,258,51,0.6774193548387096,0.61572,0.25229,1.31281,3.74285,0.33631,0.13374,104.0,0.603858190094053,0.2924628061843796,0.5,0.43243566379480375,0.22070343917691024,2.3271451826190748,0.4614479589619962,12.63504597544766,3.9601494902959913,41.440326976506974,13.9039596382302
UBC_366,299.8455,37.222,1.725,0.059,8.651,0.046,0.053,0.045,0.975,0.062,79,-1.94093,0.69299,1.69038,0.30602,0.01535,0.04271,1.49662,0.12298,164,32,0.5316455696202531,0.59449,0.27628,1.3454,2.24963,0.31586,0.03548,121.0,0.5568010256767643,0.0561416109498397,0.3291139240506329,0.37874489446974363,0.052866915433242935,2.76592221692033,0.3712978422639845,22.95902021315772,5.137082209360514,19.500540529154627,4.827433816319428
UBC_373,306.8544,37.6696,1.235,0.014,7.216,0.061,0.006,0.053,3.124,0.037,68,-1.59575,0.39703,1.44789,0.32226,0.05867,0.06582,1.44458,0.16914,201,40,0.6470588235294118,0.6822,0.25442,0.71305,0.95336,0.21212,0.7124,112.0,0.4755129472455248,0.20091920457169737,0.45588235294117646,0.3041843746398152,0.1455280312678409,1.5836391737092743,0.2763784865291983,8.48543588468083,2.3763825671754097,1.9378753732422829,0.6071421315268098
UBC_378,311.5493,48.8763,1.428,0.045,8.714,0.242,-0.034,0.058,2.106,0.141,104,-1.42736,0.55976,2.21201,0.48806,-0.0196,0.04397,1.56747,0.11972,375,75,0.6153846153846154,0.7094,0.21272,1.05864,3.98037,0.20513,0.22789,168.0,0.49347035963374075,0.17545004489073815,0.5,0.28664902857552876,0.1126569844876302,4.649064995982236,0.5352377289341036,42.35510505238711,8.452209944967402,12.220648049635663,7.233167210442946
UBC_381,316.2846,48.7282,2.037,0.049,8.003,0.21,0.059,0.067,1.902,0.078,47,-1.861,0.46985,2.01595,0.37282,-0.00457,0.03935,1.27064,0.1177,190,38,0.6808510638297872,0.57689,0.24501,1.34415,3.37274,0.43891,0.0369,79.0,0.5718487170144153,0.2807001254280486,0.44680851063829785,0.3994221185998069,0.23485236809863602,2.8661599603014385,0.4960333887358828,16.504040616460134,4.591305643405921,6.101122096412872,3.4035565170908644
UBC_382,324.9847,49.3185,2.124,0.051,8.34,0.243,-0.008,0.036,1.226,0.079,114,-1.86095,0.59912,1.89865,0.29719,-0.05509,0.04379,1.42595,0.11439,325,65,0.5350877192982456,0.60766,0.27446,1.3683,2.98223,0.2807,0.02197,175.0,0.587518478642503,0.046713840688613034,0.3157894736842105,0.4046642087803889,0.043535273256237426,2.575307989430244,0.2927086807464114,19.351324252705027,3.824845715056513,11.305487910698078,6.7088184406875495
UBC_386,319.7971,61.9458,1.135,0.025,6.894,0.034,0.036,0.029,1.505,0.049,89,-1.18058,0.20182,1.8705,0.51032,-0.16703,0.05647,1.23134,0.06593,219,43,0.6853932584269663,0.75325,0.24283,1.08336,2.00973,0.1601,0.65105,150.0,0.5125141048240145,0.16759720472589848,0.5168539325842697,0.31458142304812586,0.1310142400936833,2.3351880331117765,0.2821810333876652,18.103947994283228,3.731895497981093,0.4327396670679784,0.0954203249854351
UBC_387,326.0693,58.775,1.526,0.026,8.569,0.129,0.056,0.079,1.746,0.069,40,-2.41166,1.30578,1.3165,0.41085,0.13686,0.06659,1.67217,0.36462,166,33,0.775,0.59165,0.22277,1.32142,2.03438,0.24731,0.69093,71.0,0.5617078429645066,0.2629627243070774,0.525,0.38238983610083355,0.22435323710613136,2.5266705102181928,0.4531599560765158,13.553656491834865,3.8872029229375338,27.34913062064736,11.29236724758942
UBC_389,338.3499,58.366,2.092,0.04,8.068,0.193,0.024,0.047,1.641,0.049,63,-1.32367,0.40471,1.61463,0.3954,-0.01676,0.05631,1.23423,0.08656,231,46,0.5238095238095238,0.6378,0.25399,0.97409,1.604,0.25572,0.22275,96.0,0.5033271940522096,0.0629226164422295,0.3968253968253968,0.31614759109714236,0.17027785829280134,2.257623730119153,0.2452661824831203,12.036122807212674,2.2985252008735,9.71657908241884,4.69984738689961
UBC_395,345.6054,57.1708,2.2,0.311,7.487,0.747,-0.138,0.03,2.117,0.408,182,-1.77403,0.41203,1.78528,0.30507,0.01774,0.04175,1.80855,0.12683,631,126,0.6098901098901099,0.68056,0.26627,1.06801,2.94934,0.16522,0.19729,293.0,0.46518215093667853,0.11923079224719962,0.45054945054945056,0.3178827562379428,0.10313215340300008,4.555396210336759,0.4329018654708198,48.78506477137511,8.490233881585292,0.6290904814360158,1.087579824468393
UBC_396,337.3219,66.513,1.018,0.01,7.132,0.103,-0.071,0.049,2.679,0.04,31,-0.48232,0.22977,1.7156,0.78783,-0.00075,0.14315,1.15097,0.10072,128,25,0.4516129032258064,0.69384,0.26536,1.11837,1.47388,0.30978,0.52712,45.0,0.4830245787357414,0.08938114993337111,0.25806451612903225,0.2649493683001876,0.07858983387512676,1.726322244916812,0.4652910080671286,6.396498750771118,2.660420173970369,2.1186425029593927,1.0143758005579095
UBC_397,347.7247,58.6083,3.159,0.257,7.064,0.279,-0.107,0.062,2.693,0.049,110,-1.88379,0.46093,1.42214,0.21467,0.15038,0.04717,1.769,0.19396,735,147,0.5727272727272728,0.61406,0.29422,,,,,173.0,0.4977589904642592,0.19392811585019104,0.37272727272727274,0.3259251591739832,0.15605629992186887,2.083052087130727,0.3942251977277067,9.278970009946658,2.7927714208152024,1.2488211028950051,0.8859531307410896
UBC_41,23.2363,59.7873,2.065,0.098,7.984,0.138,0.006,0.076,1.489,0.066,41,-1.62051,0.56476,1.30684,0.29393,0.18984,0.05647,1.52674,0.22229,140,28,0.5609756097560976,0.62702,0.27811,1.13951,1.23962,0.61538,0.33171,64.0,0.5681610680803921,0.07750404789033359,0.34146341463414637,0.362521957579722,0.07405768205084984,1.6574478985011472,0.281780524037901,7.294392453194094,1.9980729438528413,13.213287190243316,5.543300527233517
UBC_413,17.6551,60.4656,2.228,0.093,7.883,0.248,-0.043,0.065,2.051,0.135,47,-1.35505,0.44341,1.56986,0.33531,-0.00343,0.07705,1.25593,0.14269,213,42,0.723404255319149,0.67555,0.26619,0.86052,2.22813,0.2,0.8378,81.0,0.49858275618757497,0.21999836548134416,0.5531914893617021,0.2661791058807218,0.16434158422164413,2.121480170664717,0.2935866782041791,10.10438809250285,2.3220395880544107,7.559446218662502,4.653195677291015
UBC_422,40.5922,58.1741,2.35,0.135,7.397,0.275,-0.149,0.03,2.272,0.032,292,-2.1784,0.33117,1.79067,0.22458,0.0053,0.02778,1.77454,0.087,1353,270,0.5856164383561644,0.66906,0.27159,0.98949,6.0001,0.13937,0.16125,463.0,0.4576287112171837,0.08302400481377534,0.4006849315068493,0.3091799355531359,0.07996285077405452,8.70404711192162,0.771174029239585,126.86144435881975,21.08264121677289,0.1966393130356571,0.1287310267194727
UBC_424,50.9981,51.2684,1.957,0.043,8.693,0.205,-0.139,0.04,1.97,0.074,97,-1.52443,0.56204,1.62541,0.24598,0.01685,0.04443,1.49637,0.12405,303,60,0.6701030927835051,0.67219,0.269,0.98511,3.38778,0.27596,0.05522,162.0,0.585965173243842,0.2252048285251868,0.41237113402061853,0.4031907895305577,0.04998156173918864,3.085202667184244,0.4319487901015734,24.77724036818532,5.752757113891355,19.90430720396872,10.470486662465277
UBC_429,72.5697,44.7611,2.412,0.137,8.832,0.309,-0.197,0.068,2.163,0.132,83,-2.05981,0.83239,1.71887,0.3318,0.0553,0.04396,1.55719,0.16094,306,61,0.6385542168674698,0.65767,0.27121,1.70631,2.25186,0.21465,0.6873,136.0,0.731794612949512,0.052732871825292016,0.4578313253012048,0.5305959088821797,0.05468659919042162,2.3441278780606183,0.4825647013768089,14.308390537835711,4.642780903604051,47.46890510299994,37.1204879432173
UBC_433,87.7114,28.7104,4.048,0.15,9.106,0.018,-0.306,0.052,1.863,0.079,141,-0.81411,1.61587,1.36291,0.21874,0.08334,0.09817,1.6477,0.3259,646,129,0.8936170212765957,0.72302,0.27713,,,0.16667,0.94499,267.0,0.7140262083201395,0.18706140699615825,0.5815602836879432,0.517111609937833,0.192160510314003,5.4293493197703295,0.52075074577774,58.30642572967006,10.210775294704224,21.89190630084892,3.939676762848273
UBC_436,94.9238,26.2351,2.886,0.113,8.753,0.092,-0.179,0.062,1.253,0.106,237,-2.60493,0.55707,2.35008,0.31633,0.01829,0.02397,1.79379,0.09289,604,120,0.4430379746835443,0.6882,0.25437,1.0835,4.34672,0.17779,0.06287,342.0,0.5958488417821708,0.03226703767212567,0.3291139240506329,0.42893815120505896,0.03052272785660799,6.420775170691531,0.4913647337596624,94.3322263458484,14.320165840151253,6.002607072605934,1.5643699680910137
UBC_437,89.5432,22.0685,1.756,0.07,7.825,0.313,-0.122,0.046,1.847,0.087,141,-2.03494,0.26772,1.90986,0.26608,-0.06101,0.0279,1.41848,0.05279,359,71,0.574468085106383,0.64937,0.24602,1.08773,3.7533,0.14734,0.3805,222.0,0.48761311007348185,0.16302092564267212,0.41134751773049644,0.32612826591108135,0.12022695118541445,5.705475813451232,0.5582425721679238,72.93778138610232,12.907792813652428,0.916320602117961,0.6800185559528855
UBC_439,94.5438,10.7607,2.572,0.126,8.458,0.042,-0.175,0.047,1.389,0.029,129,-1.93008,0.45997,2.01388,0.26686,0.0221,0.03034,1.61647,0.10248,471,94,0.4961240310077519,0.69413,0.27329,1.12642,3.70395,0.09088,0.9675,193.0,0.6772431558809011,0.044021222583071264,0.35658914728682173,0.49029877317274306,0.042172893249015554,5.683599498440178,0.5310790266824265,56.8143593570944,9.775152162002271,5.052913760729079,0.997297395354764
UBC_442,100.5755,-4.6164,3.864,0.372,8.953,0.074,-0.202,0.101,1.455,0.152,110,-2.39205,1.15938,1.23651,0.20251,0.13829,0.03814,1.82466,0.25362,472,94,0.8181818181818182,0.69092,0.28954,1.1308,3.31599,0.27518,0.28989,200.0,0.7249791184997014,0.2404552734760652,0.5636363636363636,0.5264548652811721,0.24291950669260917,3.791585049442368,0.4029296842319637,31.78490238132383,5.973966113269974,28.234436077049534,7.162777732085139
UBC_445,108.4906,-6.5962,2.45,0.101,8.772,0.1,-0.182,0.072,0.839,0.155,101,-1.64099,0.78151,2.07023,0.4692,-0.05479,0.05428,1.50044,0.12881,323,64,0.5346534653465347,0.66101,0.25552,1.42412,4.49409,0.25611,0.05868,155.0,0.7254018007393349,0.049632225372638304,0.40594059405940597,0.5281373843200956,0.048863603672897535,4.257503393193049,0.6280483443257439,37.620106976431714,9.12061063936696,15.72461329113382,5.257668079391862
UBC_448,113.5211,-8.0799,2.925,0.145,8.921,0.109,-0.189,0.031,0.38,0.071,259,-3.0,0.66385,2.09311,0.27663,-0.04515,0.02477,1.60939,0.07655,830,166,0.4401544401544401,0.57492,0.27963,1.16252,4.11942,0.17554,0.03493,373.0,0.5996211897327238,0.03084514247889802,0.2702702702702703,0.4312848050021873,0.027594992220856533,5.76591018161698,0.319418841257641,73.3919194137503,9.542379421339437,11.359304829183133,3.2108259620447264
UBC_449,115.22,-12.8883,3.505,0.221,8.939,0.086,-0.152,0.074,0.855,0.107,184,-2.50446,0.75319,2.0751,0.27619,-0.00989,0.03655,1.61555,0.11583,469,93,0.6086956521739131,0.7198,0.27075,1.22764,4.69401,0.13424,0.34755,296.0,0.5715218203821872,0.2298620388760373,0.4076086956521739,0.3984663660491804,0.03622573002241784,5.916948045595728,0.6787026477969285,84.44403023463951,16.768861938845152,10.29037134859355,2.8858336356112515
UBC_450,110.1304,-19.3429,2.647,0.076,7.936,0.158,-0.13,0.035,1.078,0.025,299,-2.13233,0.40159,1.98956,0.23595,-0.02254,0.02831,1.77817,0.0907,632,126,0.5284280936454849,0.63654,0.25247,1.06524,4.86476,0.17564,0.02009,457.0,0.4659542275135715,0.1258675701631618,0.3377926421404682,0.32030985489104535,0.13785768763579445,8.1734342993292,0.4117520156445619,167.13465226610217,20.906483254307314,0.5163372981402956,0.1986412789337886
UBC_451,100.7118,-23.6898,1.707,0.061,8.472,0.057,-0.1,0.071,0.221,0.043,33,-1.27439,0.65171,1.40956,0.59524,-0.06954,0.08787,1.0593,0.11242,104,20,0.5757575757575758,0.58746,0.23572,0.96593,2.25664,0.43233,0.07158,52.0,0.5506555510392559,0.08603395906609154,0.48484848484848486,0.3357285088723988,0.22266529799983562,3.0637644409829594,0.5897904470379375,18.463900805831187,5.619417450283582,16.057448643723212,5.322080369806941
UBC_460,113.7776,-21.3186,2.61,0.127,7.597,0.071,-0.111,0.052,1.131,0.05,351,-2.38943,0.32081,1.84006,0.22179,-0.00526,0.02363,1.85028,0.06696,1038,207,0.5441595441595442,0.65494,0.2785,1.04725,5.04057,0.08872,0.48484,542.0,0.4991369556686975,0.1299420624554575,0.3475783475783476,0.32117439310655677,0.11497633176961344,8.193128618041463,0.369718835391959,150.3077647685811,18.11440844060821,0.263038054405804,0.0534238272279204
UBC_462,118.9329,-24.0267,2.884,0.132,8.29,0.212,-0.054,0.069,0.578,0.037,175,-2.10878,0.3736,2.84811,0.54733,-0.05544,0.02668,1.62299,0.06572,601,120,0.5828571428571429,0.85138,0.22548,0.99064,3.80168,0.22829,0.01762,277.0,0.5256233883538428,0.17333571300153144,0.5142857142857142,0.329356138759338,0.09551993670976705,6.539902725113564,0.4933132171036577,82.26098622289855,12.412682502490185,2.370315126632014,1.2110837066853235
UBC_467,123.1703,-25.6778,4.722,0.135,9.143,0.015,-0.046,0.071,0.527,0.049,108,-1.31822,1.37171,1.66609,0.25208,0.05679,0.07383,1.61474,0.28327,353,70,0.75,0.6958,0.26319,0.57547,5.817,0.17582,0.6944,189.0,0.5153575914078606,0.16096443275180733,0.48148148148148145,0.30031423059112705,0.12238299854794929,6.620017023053511,0.8874075659551829,81.17772556783304,18.19927580288587,17.122340167708877,3.883953399745927
UBC_472,120.7474,-35.0834,1.753,0.052,9.049,0.084,-0.069,0.135,2.209,0.073,55,-0.49562,1.0747,1.73999,0.38603,0.02202,0.09952,1.28039,0.22727,189,37,0.7454545454545455,0.84,0.24964,1.89906,2.39139,0.35556,0.20653,96.0,0.4827390840461875,0.20723023060072812,0.5818181818181818,0.29959536970951334,0.1513892494647279,2.391018936961365,0.3333080089575972,14.503034489587796,3.348411173666279,77.1864594454927,23.247633087548472
UBC_475,123.8921,-33.9119,1.962,0.042,8.109,0.136,-0.058,0.071,0.82,0.045,82,-2.11883,0.55101,1.74992,0.4465,-0.07486,0.04595,1.32441,0.0962,241,48,0.4268292682926829,0.57799,0.24734,1.31153,1.82044,0.2725,0.08821,117.0,0.4970450182237192,0.05462131764910641,0.2804878048780488,0.2651020988609601,0.049609990657953414,1.5850087136634663,0.2751958242098504,8.013724835379222,2.2344390109619536,16.038567412113967,6.724888041573959
UBC_479,124.4104,-42.6083,1.42,0.032,7.248,0.061,0.061,0.082,1.338,0.24,112,-1.82576,0.1854,2.37385,0.27799,-0.06034,0.02018,1.50045,0.04979,364,72,0.7321428571428571,0.71922,0.21024,1.20324,3.30799,0.13613,0.61959,194.0,0.5879126426094301,0.16200478646692018,0.5892857142857143,0.44870434565697326,0.14537446118563804,3.0564901195886187,0.4039795629616293,25.588540199054272,5.669297290191268,0.6917584764694172,0.1814669462249454
UBC_483,133.7452,-47.4599,1.817,0.037,7.501,0.215,0.169,0.085,2.033,0.049,60,-1.62215,0.29373,1.43471,0.40239,0.00833,0.04769,1.34486,0.09306,235,47,0.6166666666666667,0.79288,0.25908,1.0459,1.87106,0.23295,0.47663,97.0,0.34410947154446014,0.1460033840297825,0.5,0.23989477929322117,0.13351279589113046,2.521172044669876,0.4311812217998679,14.189060189895526,3.90678216745037,2.233810710945213,1.2653922511078115
UBC_484,138.0128,-44.8231,1.951,0.065,8.127,0.324,0.013,0.059,1.575,0.155,74,-1.56071,0.49954,2.09051,0.46476,0.0378,0.04557,1.50823,0.12069,235,47,0.4459459459459459,0.63525,0.24028,1.50396,2.33245,0.36667,0.02885,107.0,0.5336952818289751,0.05778316401676294,0.35135135135135137,0.34603665616515705,0.05549574846814486,2.6637465330298373,0.3774061103316973,16.554157766546826,3.88815924714348,8.09269010431445,6.329592752331763
UBC_485,138.1869,-44.9023,1.675,0.035,8.646,0.167,-0.011,0.073,1.546,0.109,83,-2.29716,0.74965,1.66698,0.33894,0.01802,0.04177,1.55202,0.14467,242,48,0.5662650602409639,0.77322,0.26114,0.99865,2.21226,0.37358,0.00662,130.0,0.5454637781646176,0.054398013539127966,0.4457831325301205,0.3333762715664538,0.15381445430951576,2.8085379688270256,0.4041563050572335,20.399897978482663,4.845926510573667,21.695616950117067,9.806155487291962
UBC_493,141.2453,-57.3629,1.607,0.062,8.913,0.09,-0.017,0.091,1.071,0.154,44,-2.31775,1.51953,1.3183,0.31661,0.18586,0.04622,1.7867,0.37806,154,30,0.7272727272727273,0.70142,0.25571,1.39183,2.02883,0.35897,0.51847,76.0,0.5688255353412347,0.2794409789315732,0.5227272727272727,0.38272678105693075,0.20900071143369256,2.8787524078784785,0.3330924448781292,17.953353461755245,3.573151661932741,45.58840719525228,13.098716702805058
UBC_496,159.6792,-54.1991,1.592,0.032,8.195,0.184,-0.095,0.046,0.566,0.1,45,-1.70739,0.51904,1.42599,0.2902,-0.02299,0.05045,1.20352,0.10476,102,20,0.6444444444444445,0.56896,0.24475,0.9667,1.86177,0.12253,0.98072,74.0,0.5394495101656318,0.28162409243100234,0.37777777777777777,0.3247013289582479,0.20222134527011046,2.898813712723708,0.3431652194993821,21.87526449652647,4.437146203706238,7.16220400606782,3.364288772113288
UBC_499,158.6585,-59.7434,2.277,0.05,7.369,0.04,0.013,0.042,1.314,0.055,227,-1.81217,0.26083,1.86789,0.2737,-0.00477,0.03166,1.6923,0.06901,773,154,0.5638766519823789,0.64202,0.27239,1.09304,3.0324,0.13922,0.22013,355.0,0.4992487301846503,0.15388586790760433,0.3524229074889868,0.32533136758469755,0.13521549530078372,5.635663970813109,0.3558129346772233,70.63920359337226,9.709065242026758,0.331096207160353,0.0547805635000668
UBC_500,162.7053,-55.8775,2.292,0.051,8.309,0.221,0.024,0.042,1.318,0.072,187,-2.25065,0.44896,1.7638,0.26601,0.01198,0.02966,1.68003,0.09409,589,117,0.4919786096256685,0.6383,0.26993,1.00909,3.36638,0.18487,0.09466,279.0,0.5156060827967872,0.03655891569909293,0.33689839572192515,0.3471962336138624,0.03456357907247205,6.432760449731103,0.2737773359472241,81.52182521991195,9.625154245836534,2.498768976541709,1.3053291719710385
UBC_502,159.5509,-59.5341,1.681,0.057,8.678,0.122,0.011,0.074,0.748,0.147,111,-1.45057,0.71226,1.68769,0.38103,-0.01553,0.06256,1.62475,0.16085,330,66,0.6666666666666666,0.66615,0.23389,1.06115,2.16145,0.29298,0.01498,185.0,0.45949703800365427,0.1424476582304368,0.4864864864864865,0.29408004056197967,0.10229355586389152,2.2222914857810405,0.2887919836346236,16.063610182857285,3.519255272711693,29.65902318233872,10.565881908500591
UBC_503,156.2841,-62.3372,1.95,0.053,9.1,0.039,-0.028,0.053,0.798,0.087,59,-1.79704,1.35898,2.17819,0.54811,0.02135,0.05719,1.42669,0.22012,121,24,0.4067796610169492,0.60486,0.2076,1.39959,2.35619,0.29972,0.18475,83.0,0.543004267946413,0.06395310363387247,0.288135593220339,0.348660535561506,0.05896184821343465,2.311959875118829,0.5526715910786649,15.51948169382862,5.773795764244897,81.11903713219898,31.045866062087867
UBC_514,158.5283,-73.2565,1.813,0.038,9.495,0.077,-0.21,0.064,0.552,0.114,86,-1.12418,1.58014,1.62694,0.33335,-0.09971,0.08423,1.32485,0.09346,268,53,0.7790697674418605,0.65115,0.22128,1.19649,3.28044,0.17647,0.47996,153.0,0.6804046790705622,0.25975693920738024,0.6046511627906976,0.49522306679411726,0.20206466855399827,6.805473594031686,0.5557009700917407,82.64896775685236,13.010149018391171,37.823574231691104,8.967800387475522
UBC_520,186.089,-66.6655,1.868,0.046,8.75,0.134,0.016,0.067,1.567,0.102,78,-2.23605,0.65145,2.25421,0.44904,0.02377,0.03122,1.48141,0.10333,251,50,0.4743589743589743,0.61441,0.24055,1.59802,2.43774,0.46245,0.00115,115.0,0.5042811054603015,0.05653935976482544,0.32051282051282054,0.35496399986805915,0.05284039252359799,2.136795566827643,0.3402056822126519,12.135745079275924,3.140210458042965,46.33760197803208,18.65951023836402
UBC_521,187.5219,-64.1667,2.488,0.26,8.753,0.318,0.13,0.09,2.338,0.158,141,-1.44499,1.2102,1.53675,0.32594,0.13958,0.07005,1.82938,0.33772,512,102,0.6950354609929078,0.71163,0.27479,,,0.57206,0.05189,239.0,0.38439576597400793,0.10693360122904323,0.475177304964539,0.23234695682861564,0.08652556579362798,3.457136766500504,0.3961720063448398,30.5114013948116,6.0616618621304825,18.55828520333193,14.080082011217293
UBC_527,204.5524,-66.6686,1.658,0.017,8.308,0.18,0.054,0.067,1.077,0.086,60,-0.89286,0.67821,1.68379,0.3805,0.00379,0.07456,1.30694,0.1678,168,33,0.5833333333333334,0.55688,0.24057,1.43077,1.60338,0.54762,0.00054,95.0,0.5725947889070583,0.06364688465216445,0.35,0.38176249240060534,0.06157651067303722,1.912713783766801,0.2387544331749912,10.92285962439732,2.3094528441562368,18.606455459674173,8.657210169631384
UBC_532,226.4587,-62.231,1.709,0.088,7.807,0.263,0.137,0.077,2.667,0.075,81,-1.90387,0.53111,1.50241,0.27764,0.05098,0.04633,1.44699,0.15264,319,63,0.5925925925925926,0.77332,0.28696,1.29955,1.2488,0.22222,0.76946,129.0,0.3613871801469585,0.14783808064239937,0.4074074074074074,0.22699688877202756,0.12156067036304241,1.1170945976447069,0.2390918752063871,4.431500059688304,1.488487917906135,14.469357281928202,10.019941358459436
UBC_533,230.315,-53.1699,1.228,0.021,8.378,0.198,0.018,0.042,0.882,0.066,44,-1.90837,0.49936,1.29474,0.30042,-0.01794,0.04156,1.15961,0.09208,81,16,0.4545454545454545,0.59861,0.28075,1.03907,1.41066,0.23333,0.51587,64.0,0.5448777982017418,0.0750657112586155,0.25,0.36936016563350826,0.06527912098338669,1.8283545797901195,0.2411956908233379,11.110700524068722,2.457219541460285,21.491095703106623,10.889995277844596
UBC_534,238.6451,-57.8798,1.563,0.04,8.049,0.227,0.099,0.066,1.587,0.065,103,-1.52446,0.42175,2.0172,0.34532,0.01611,0.04079,1.64926,0.1168,294,58,0.5825242718446602,0.64097,0.23078,0.89476,2.46638,0.09635,0.97435,163.0,0.4777932229570407,0.17602349897787514,0.4368932038834951,0.3244059876043109,0.1387846014427706,3.1480419993696973,0.3666443627378246,26.047627130881057,5.225794931986734,4.297657816745956,2.406119408791036
UBC_557,256.1699,-38.9853,1.421,0.034,7.584,0.086,0.115,0.044,1.629,0.047,103,-1.96028,0.41482,2.17296,0.36966,-0.02272,0.03407,1.59785,0.10228,352,70,0.6019417475728155,0.63925,0.25446,0.87165,2.12018,0.19992,0.22931,165.0,0.44715138854613956,0.14873722896848024,0.42718446601941745,0.2890804435479472,0.1238757870715594,3.0906117658242525,0.2603104036434402,23.37258526569866,3.757705199138909,1.6416979171551158,0.4187492675805439
UBC_563,256.741,-30.7016,1.06,0.013,8.161,0.298,0.107,0.082,1.896,0.074,62,-1.7028,0.32578,1.93788,0.3367,-0.00022,0.0365,1.38682,0.06923,129,25,0.4838709677419355,0.55817,0.26457,1.39775,0.98935,0.41583,0.00888,92.0,0.46535198540866296,0.063467016366189,0.3064516129032258,0.32253403132533026,0.05854954089958532,1.1827076719830862,0.1436446286247952,5.9217429025036985,1.221938412706013,24.465294718084152,17.530013809053727
UBC_57,62.9579,42.7351,1.747,0.068,9.217,0.039,-0.142,0.064,1.541,0.065,66,-1.80149,1.01594,1.8227,0.28757,-0.00103,0.04257,1.38745,0.1335,192,38,0.5909090909090909,0.68669,0.25221,1.53876,2.18207,0.36111,0.02093,105.0,0.5938061538495437,0.060519911222631444,0.42424242424242425,0.42916552250419226,0.06083519586795918,1.7935783558123926,0.2847776929322903,9.979849712497098,2.573854129911998,165.1490191742694,45.100871936605394
UBC_574,282.3222,-4.4007,1.411,0.052,8.615,0.368,0.157,0.046,2.699,0.082,406,-1.60267,0.47759,1.87529,0.21484,0.08191,0.03245,2.10775,0.13117,1114,222,0.6600985221674877,0.70313,0.24457,0.81118,1.60318,0.18883,0.06808,674.0,0.4100273237218711,0.07275258754345246,0.5123152709359606,0.28255424005259067,0.07072110694063298,2.851123276801923,0.0816697852647468,35.59560567157115,3.86249108241748,11.577202054085484,9.8900666274514
UBC_576,284.6941,0.3995,1.285,0.031,7.413,0.404,0.018,0.131,3.053,0.169,47,-1.455,0.36099,2.36678,0.92484,0.02723,0.05687,1.28552,0.10532,180,36,0.5531914893617021,0.80408,0.17714,0.85994,1.44193,0.1629,0.91776,73.0,0.5129543387846374,0.07251862056689433,0.46808510638297873,0.32368417901364005,0.18914863899119183,1.0530544224254628,0.2105532337539654,3.5710977146370846,1.1290020492096415,7.247667585640742,7.1208300359928565
UBC_582,299.8677,38.547,1.098,0.017,7.267,0.053,0.044,0.064,0.518,0.05,40,-1.19431,0.27873,2.35353,0.61992,-0.09834,0.07036,1.12864,0.08601,97,19,0.4,0.41961,0.29037,1.27282,1.10061,0.35,0.17453,56.0,0.556026951161029,0.07745966692414834,0.175,0.36346559364709485,0.060078074203489575,1.249814979218172,0.1193880669867033,5.236573530063152,0.9088587837391636,3.5314478224385364,0.749266748795248
UBC_586,301.088,46.8217,2.54,0.122,9.073,0.103,0.008,0.067,1.397,0.115,172,-2.48871,0.65274,2.06657,0.33749,-0.01089,0.03034,1.5702,0.08365,569,113,0.5174418604651163,0.70716,0.2717,1.11952,5.66096,0.2381,0.01216,261.0,0.46472934965305135,0.17122400700226512,0.37209302325581395,0.2704410776063935,0.10006607851151758,8.454907257708406,0.7251031953792593,118.5948315932778,19.27252444407147,9.97548999253542,2.8679569411729755
UBC_591,325.0155,49.3149,2.067,0.038,8.086,0.233,0.025,0.028,1.209,0.072,57,-1.2822,0.54132,1.34957,0.47945,-0.03734,0.09895,1.26706,0.10226,204,40,0.5087719298245614,0.58208,0.26897,1.20807,0.91132,0.29167,0.15089,86.0,0.503083256380182,0.0662164252225103,0.2982456140350877,0.3165294624207052,0.06059575107331345,0.9235850400020182,0.1765702434521475,3.095562846677918,0.9381548798178396,39.37860929662782,24.264470648833743
UBC_599,11.6844,60.0701,4.079,0.245,8.487,0.206,-0.269,0.059,1.417,0.064,49,-2.57745,0.93228,1.995,0.43926,0.11318,0.03914,1.54433,0.22741,221,44,0.6122448979591837,0.60811,0.22513,,,0.85417,0.32653,79.0,0.7694047580014095,0.06960545997850333,0.42857142857142855,0.5513341823626204,0.07069595132934192,2.544262270480034,0.5880835275176521,12.798619474490556,4.616713323523552,23.979320539282767,14.289542534529986
UBC_615,104.8662,33.0989,2.624,0.309,9.527,0.087,-0.184,0.039,0.207,0.014,358,-3.0,0.98327,2.50745,0.28916,-0.06885,0.02039,1.61844,0.05785,645,129,0.441340782122905,0.7268,0.26267,0.96928,5.78154,0.0497,0.99436,516.0,0.6002769053470272,0.02624333361257086,0.31843575418994413,0.4406089745979387,0.024621970059654188,11.91193207909733,0.3507835591484456,321.1712288049272,35.110900160449816,10.477637446780152,2.391134680445424
UBC_626,106.473,-2.3083,4.37,0.507,8.849,0.058,-0.167,0.073,1.17,0.208,199,-2.60915,0.87393,1.38258,0.20162,0.11847,0.03267,1.96975,0.19627,533,106,0.6934673366834171,0.66988,0.28811,0.48322,5.27907,0.30797,0.11487,337.0,0.5790669832428379,0.14442154680195537,0.45226130653266333,0.42629894301217086,0.18431298254260514,9.04810406033066,0.9207263079878882,166.02607974445354,30.245136703028724,4.254256652630253,0.9609522789452848
UBC_63,79.639,37.8083,1.478,0.02,7.347,0.03,-0.106,0.051,0.746,0.045,79,-1.67419,0.4335,1.6649,0.31684,-0.08091,0.05338,1.28158,0.11199,228,45,0.5316455696202531,0.64538,0.27333,1.13726,1.81318,0.22587,0.22177,121.0,0.5324349807580292,0.0561416109498397,0.3670886075949367,0.3220150058906821,0.1796202221120868,3.377791733635159,0.3854712726085092,26.27829656623241,5.192262452468703,0.8460631704371421,0.177093211623788
UBC_634,109.9436,-18.9817,2.645,0.075,7.814,0.243,-0.117,0.044,1.016,0.061,88,-2.05671,0.50031,2.03884,0.38798,-0.05213,0.03762,1.37942,0.09449,312,62,0.5568181818181818,0.65912,0.25055,1.05408,2.94087,0.30947,0.02428,137.0,0.5345522891754773,0.05295492231980252,0.3409090909090909,0.3576544341208485,0.05053015331155206,4.223357684408524,0.3079454960268131,34.45682819705203,5.091513849064482,1.891144449902075,1.0944258680390289
UBC_636,118.8256,-24.3362,2.699,0.143,8.831,0.07,-0.058,0.07,0.59,0.068,94,-3.0,0.59604,1.87728,0.24614,-0.01735,0.02412,1.35217,0.08203,193,38,0.5957446808510638,0.65813,0.2781,0.97834,2.64294,0.24425,0.11583,150.0,0.49114722986827863,0.1987456801812634,0.3617021276595745,0.29725782239523574,0.14372117722717256,4.665834075912334,0.5024676716951012,54.46629670510468,10.303420749341493,12.441483056570002,3.09202288423971
UBC_641,115.9984,-31.0831,3.21,0.116,7.379,0.176,-0.124,0.063,1.263,0.083,155,-1.92152,0.34393,1.9259,0.26469,0.0329,0.03025,1.69627,0.09839,661,132,0.6516129032258065,0.65088,0.2549,0.92103,4.32845,0.19021,0.17571,256.0,0.46823013438281424,0.13182626219275326,0.43870967741935485,0.319145208867398,0.10924247075505691,7.467910706897186,0.5354977345643064,89.96364717635957,13.203177566620028,0.2660314284183773,0.1146624655361252
UBC_643,120.4908,-34.3819,3.396,0.322,8.573,0.299,-0.055,0.072,1.528,0.344,100,-1.89215,0.60941,1.86244,0.34291,0.0277,0.04006,1.51119,0.12267,494,98,0.71,0.65215,0.2384,1.43621,2.87593,0.1625,0.76069,171.0,0.5509688626933281,0.17204943359395286,0.51,0.31817133718345136,0.12926648289483242,3.111662242894261,0.2846824720988959,20.48150999025842,3.468076311596152,18.265771832740413,12.950247851715968
UBC_68,91.1736,36.7818,1.92,0.05,8.08,0.133,-0.131,0.034,1.219,0.049,94,-1.92013,0.57718,1.60184,0.28724,-0.02081,0.04832,1.44799,0.13442,273,54,0.4680851063829787,0.58582,0.27799,1.3433,2.73894,0.31909,0.01254,138.0,0.5504120267923595,0.05146589860073369,0.2553191489361702,0.3727930510576904,0.04497413927395126,2.531899064983064,0.3561767197974107,17.191920338570117,4.006424136911691,6.993194541043386,2.6911847317656856
UBC_80,91.6573,8.7714,2.047,0.052,7.679,0.145,-0.085,0.067,0.901,0.048,48,-1.88155,0.42934,1.20416,0.38949,0.07645,0.05263,1.43388,0.12372,126,25,0.5833333333333334,0.61488,0.26871,1.42703,3.26376,0.41667,0.07511,76.0,0.5092885858031057,0.281261625274142,0.375,0.2843603483402092,0.17324562584665737,5.068340828844716,0.666289071794619,46.36741834535762,10.235168106474076,1.0298810904262954,0.412208263657757
UFMG_34,233.8648,-57.6667,2.124,0.141,8.937,0.063,0.092,0.076,3.219,0.06,140,-0.99314,0.76503,1.58452,0.22313,0.14911,0.0478,1.73648,0.18857,798,159,0.7571428571428571,0.66455,0.28439,,,,,246.0,0.5881657993195537,0.1492303508316235,0.4857142857142857,0.4197209770974669,0.16228892925818061,1.72166437939226,0.2121528404571751,8.784967895679134,1.8446360772443693,98.45999769687542,25.1282045899171
UFMG_58,124.8757,-38.2733,5.046,0.299,8.451,0.087,-0.111,0.061,2.994,0.033,114,-1.06497,0.67304,1.55756,0.25442,0.2,0.05581,1.67768,0.22935,740,148,0.631578947368421,0.71993,0.27251,,,,,186.0,0.4772980497995333,0.16424448118298196,0.41228070175438597,0.3227977757140513,0.1283085279049851,2.9410457639491527,0.738768215432024,16.39959066784473,6.393098090957093,17.225307827070065,7.549710476347655
UFMG_59,126.5016,-38.3427,1.28,0.022,7.899,0.2,-0.001,0.102,1.207,0.164,29,-2.30011,0.84882,1.35576,0.35237,0.07026,0.0604,1.41949,0.23541,70,14,0.4827586206896552,0.52893,0.2359,1.3942,1.03594,0.32212,0.34684,43.0,0.5438716546769337,0.09279245191499011,0.27586206896551724,0.3506802763596089,0.08299609211231937,0.8153902675156075,0.2829908053081428,2.7258689849981708,1.4450107435379127,29.07334632889569,20.41546582649193
UPK_12,288.795,-22.1446,0.638,0.001,8.393,0.124,0.039,0.039,0.362,0.053,69,-2.0024,0.38987,1.64796,0.35064,-0.14595,0.03555,1.17544,0.06361,109,21,0.4057971014492754,0.54837,0.23572,1.17498,1.82052,0.30392,0.13706,97.0,0.6276145148301053,0.05911494745925731,0.2318840579710145,0.41960993848629635,0.05080708635241623,1.928083393452925,0.2834970239536968,13.933470738474648,3.353406563365502,17.739472033991753,6.624341487631184
UPK_155,311.7057,60.7444,0.866,0.006,8.196,0.076,0.002,0.056,1.248,0.076,111,-1.77021,0.31581,1.80865,0.33445,-0.1087,0.03308,1.44181,0.05522,260,52,0.6576576576576577,0.74434,0.24297,1.10764,8.46303,0.20083,0.20785,184.0,0.4593529408785608,0.14080728612621898,0.5045045045045045,0.2858546822104252,0.11782544075755669,11.82862233268036,1.1639284633503066,221.3127881921432,39.45670095382769,0.7095671321849539,0.1772629142908262
UPK_16,287.2251,-19.1296,0.792,0.006,8.345,0.283,-0.104,0.083,0.482,0.048,64,-1.69372,0.2579,1.98808,0.24288,-0.16431,0.02505,1.1579,0.0445,129,25,0.640625,0.63118,0.25086,1.29528,3.55922,0.23913,0.37943,105.0,0.52556990404392,0.22894726115127884,0.40625,0.32733500338209537,0.17371001956835275,4.36875143828746,0.8327638032399457,46.28446338762711,13.973304274730271,4.781506681996559,3.4339329963563725
UPK_169,326.8185,59.705,0.832,0.017,7.173,0.297,-0.286,0.166,2.442,0.168,120,-1.27852,0.17719,2.75659,0.37561,-0.19687,0.02557,1.34202,0.05076,358,71,0.65,0.78094,0.19291,1.58238,9.41947,0.2029,0.15168,198.0,0.7150106879910643,0.04354116825871043,0.5583333333333333,0.5184669255298819,0.24034485433357963,4.442949358867328,1.12988018203349,45.93657571178544,18.10548252400827,0.3242211798840735,0.2559134615169013
UPK_17,279.7445,-15.0362,0.657,0.001,8.674,0.152,-0.06,0.068,1.718,0.056,110,-0.6337,0.25311,3.0,0.46879,-0.17938,0.03104,1.44684,0.04397,294,58,0.5,0.66605,0.19325,1.21777,3.57618,0.31871,0.0056,165.0,0.5217850216988428,0.04767312946227961,0.42727272727272725,0.31486758233931755,0.12636130338532506,3.150888719948392,0.3519267348161497,26.32614912920045,5.118276827589238,17.931336594154093,7.179108083497168
UPK_178,334.4505,60.0712,0.917,0.014,8.179,0.107,0.12,0.09,2.268,0.119,49,-1.68394,0.47782,1.32401,0.56095,-0.03729,0.06456,1.23245,0.09299,132,26,0.7551020408163265,0.63796,0.24442,1.0909,1.72739,0.42833,0.01555,86.0,0.44160196866677826,0.18688564044087777,0.5510204081632653,0.29882205746585977,0.16704633651207093,1.292229101495857,0.3673569578137979,6.368859746305611,2.787315513862624,23.710369113405307,11.908100895824392
UPK_18,280.7471,-15.3048,0.749,0.003,8.788,0.535,-0.228,0.026,1.034,0.18,60,-2.53743,0.52223,2.31303,0.26695,-0.2,0.02414,0.92172,0.05639,102,20,0.7333333333333333,0.70379,0.20375,1.26011,2.24365,0.32075,0.44979,104.0,0.7797911060199633,0.057089922571845024,0.6166666666666667,0.5531692144169394,0.29442869978869124,1.791080613519917,0.3160215091545216,13.568257464556384,3.829471927243612,45.23513846697643,57.16822864393588
UPK_180,339.1321,56.8006,0.844,0.009,8.245,0.1,-0.209,0.06,1.257,0.071,94,-1.80825,0.49433,1.88266,0.52452,-0.2,0.04646,1.20768,0.08055,181,36,0.7446808510638298,0.72114,0.20496,1.21943,8.5083,0.25464,0.12201,164.0,0.7618739759802754,0.04497413927395126,0.6382978723404256,0.5455068713247525,0.21541902476633357,9.74169361309949,1.5564539482608928,181.55755444998425,47.109223180186376,0.9682459203001468,0.3358920972641291
UPK_21,282.8427,-15.1589,0.579,0.001,8.88,0.033,0.198,0.131,1.448,0.115,52,-0.6126,0.83316,1.56375,0.23471,0.13249,0.06012,1.39863,0.21545,195,39,0.4807692307692308,0.67251,0.23688,0.68874,2.11393,0.425,0.05229,77.0,0.35199277833946047,0.19223570213178676,0.34615384615384615,0.24153578189134275,0.15337576016173124,2.379122958228708,0.3493118259132693,12.098321517713636,2.9262873878968216,62.7010593096341,15.896606554675492
UPK_219,351.7632,65.2529,0.795,0.006,8.305,0.056,0.104,0.182,1.519,0.14,34,-0.62763,0.36612,1.57025,0.32511,-0.13705,0.07619,1.18163,0.09736,96,19,0.7058823529411765,0.54866,0.22288,0.71963,2.87022,0.1875,0.87183,58.0,0.5156522467509613,0.27462897199180686,0.4411764705882353,0.3702395373912488,0.23642733168377061,4.304421280375394,0.6797724786527749,34.4561425365934,8.845765060803874,5.857783881460315,1.6828736665146506
UPK_220,350.8805,66.4522,0.944,0.009,7.477,0.29,0.025,0.097,2.784,0.052,243,-1.53633,0.21795,2.55402,0.30428,-0.05894,0.02472,1.78668,0.06389,922,184,0.5967078189300411,0.76235,0.23654,1.12225,4.72743,0.23151,0.00262,388.0,0.48336070533545017,0.11834887738170251,0.5020576131687243,0.30226272694374184,0.06894202600722428,2.834137833922524,0.2302216248238758,24.76662393839407,3.9005240230167297,1.2109694589169453,0.8308107413365756
UPK_23,282.2572,-12.8617,0.953,0.012,8.066,0.078,-0.219,0.155,1.501,0.098,47,-1.23898,0.37643,2.89254,0.9251,-0.2,0.04555,1.17746,0.09068,146,29,0.7446808510638298,0.67807,0.16971,1.38102,2.33508,0.11852,0.98571,82.0,0.7839782768569155,0.06360303771727834,0.6595744680851063,0.5654434671429541,0.28726907783914707,2.8805753084975176,0.5053971206457942,19.479742980072203,5.479475927919841,5.976085159857577,1.9944494757215228
UPK_230,353.8063,71.6563,0.533,0.003,7.8,0.357,-0.029,0.12,1.407,0.25,38,-0.78111,0.36516,2.98947,1.55652,-0.2,0.06448,1.01907,0.10102,88,17,0.3684210526315789,0.79715,0.24661,1.08844,2.91448,0.25,0.59958,52.0,0.46034122335003214,0.07825178333421348,0.2631578947368421,0.24963669978258743,0.0714337781619259,4.139051258607078,0.8519909942697055,31.518601703289896,10.196863639412978,2.001857031666268,1.7684297795783095
UPK_24,282.5488,-10.8234,0.498,0.001,8.736,0.32,-0.373,0.166,1.349,0.204,48,-1.93666,0.58541,1.11136,0.47282,-0.13438,0.05396,1.08257,0.0706,105,21,0.875,0.70147,0.17263,0.87033,4.61749,0.2563,0.45048,90.0,0.7411579568564659,0.32982647742158805,0.75,0.5287573690185224,0.22661352011740163,7.688059170493657,1.3395675770503828,107.07027719383754,29.96228600305829,5.085469722439096,4.008251714051612
UPK_265,31.9969,65.3427,0.832,0.006,8.322,0.074,-0.176,0.062,2.1,0.103,80,-1.28499,0.27038,3.0,0.58122,-0.19307,0.02553,1.31303,0.05003,235,47,0.7625,0.84689,0.1839,1.52977,5.23381,0.19422,0.38091,141.0,0.7173807604733028,0.35885606010627724,0.6375,0.512423130466778,0.1927937900160428,5.048861734894841,0.7598011014847961,53.02858500182142,13.092370861682245,3.958129155344096,1.187367514441557
UPK_28,277.3778,-5.026,0.877,0.021,7.461,0.335,0.162,0.062,3.255,0.093,75,-1.38889,0.36878,1.80233,0.60442,-0.00891,0.07884,1.48323,0.11267,270,54,0.5866666666666667,0.76243,0.26259,1.07796,2.17055,0.35509,0.01287,119.0,0.3490579949773851,0.15731523210373446,0.44,0.24079613362571925,0.13055527156470292,1.5247021305861574,0.5060207348593209,7.233398293293599,3.672880700263645,3.9962957453145553,3.690537051287818
UPK_282,30.321,43.7907,0.765,0.003,8.406,0.092,-0.041,0.027,0.312,0.032,47,-1.75863,1.10217,0.88116,0.28592,-0.04558,0.11938,1.17013,0.25349,63,12,0.4468085106382978,0.37919,0.25491,1.34834,2.26739,0.2875,0.29419,68.0,0.46280889029825545,0.07251862056689433,0.1702127659574468,0.26851217865187393,0.05481892441184465,1.9990623137784795,0.3860513558158295,15.022656249678668,4.580839025842103,16.953261861659925,6.294588308165913
UPK_29,278.5898,-5.4338,0.649,0.005,8.546,0.255,0.138,0.093,2.682,0.105,71,-1.57102,0.75139,1.59843,0.29381,-0.01236,0.06113,1.43338,0.16805,168,33,0.6338028169014085,0.67725,0.24397,0.9927,1.92913,0.13593,0.83239,116.0,0.35801944398821295,0.15879728808303564,0.5070422535211268,0.22771401979050407,0.1325401765794233,1.8391025781657688,0.1929164275060239,11.920439861707106,2.211030291790638,29.49223725020758,18.16012135323934
UPK_294,60.6819,66.0947,0.73,0.003,8.305,0.155,-0.269,0.066,2.09,0.115,59,-0.84425,0.23679,1.68146,0.41574,-0.16155,0.05984,1.28612,0.05258,183,36,0.7457627118644068,0.70021,0.22495,1.10204,6.92208,0.1371,0.8965,103.0,0.7713331260263109,0.056688367481756374,0.576271186440678,0.5532866553974679,0.06433265060775263,10.346190825554428,1.511925241355283,139.64568704929337,33.55089817988752,1.44534815670254,0.6218385672092391
UPK_296,42.6722,48.5797,0.525,0.004,8.428,0.088,0.052,0.085,0.355,0.051,73,-1.58386,0.37939,1.37472,0.37948,-0.2,0.05408,1.07783,0.08192,124,24,0.5616438356164384,0.64834,0.25591,0.91363,7.15425,0.2582,0.43393,114.0,0.5756006338073202,0.05807411862303531,0.3698630136986301,0.38168675588210726,0.056503650602925594,7.922578819224255,1.2954781831274838,122.47478501793448,32.29376718561324,2.1875264565083463,0.7274418100692371
UPK_312,67.6269,56.1712,0.68,0.009,8.713,0.181,-0.187,0.08,1.284,0.12,37,-1.39576,2.02159,0.95015,0.6238,-0.05636,0.20277,1.19936,0.34078,87,17,0.7027027027027027,0.66057,0.2079,1.16784,7.77511,0.29503,0.35452,63.0,0.7292898508218766,0.07514159864153769,0.5675675675675675,0.5213529406596439,0.08144549227036584,4.754512836072113,1.4202956201178862,44.47005692587578,20.394696770756493,11.61267614594806,7.196341518257688
UPK_33,280.0098,-4.362,0.499,0.006,8.028,0.289,0.032,0.089,2.186,0.205,41,-1.21468,0.27351,1.95108,0.50409,-0.2,0.04766,1.02547,0.06717,106,21,0.7804878048780488,0.71549,0.20087,1.18227,1.15694,0.42328,0.04632,73.0,0.5408710874038439,0.2599572268892685,0.6585365853658537,0.3485402609608573,0.19526780554023965,1.7863283395394287,0.2223321132508918,10.281364625515414,2.172925739578069,10.37407153699492,7.24320454965372
UPK_333,61.8616,44.1378,0.614,0.025,8.835,0.174,-0.168,0.039,1.277,0.094,72,-0.8644,0.50552,2.25193,0.73923,-0.2,0.06656,1.31963,0.08525,175,35,0.5555555555555556,0.64912,0.20884,1.40036,4.56127,0.425,0.00217,112.0,0.6753219711316426,0.05856069741052554,0.3888888888888889,0.48162925420063657,0.05745219280551323,4.584165462641727,0.7163486865690964,44.78774879900481,11.413656020540287,15.27006080056936,7.250675745518319
UPK_379,93.7854,30.8289,0.744,0.004,8.143,0.42,0.009,0.168,0.788,0.383,91,-2.29705,0.8815,0.99589,0.35903,-0.0097,0.07172,1.51279,0.19425,176,35,0.5274725274725275,0.65874,0.26126,1.27261,8.48122,0.30219,0.04191,139.0,0.5344386773411536,0.0523350638069097,0.3626373626373626,0.3416340449170801,0.050397486621525274,9.490030795119822,2.4653384305382846,156.21972198614012,62.82512440385485,0.8897420975673435,0.9318902642080524
UPK_38,280.8179,-1.6482,0.575,0.002,7.023,0.079,-0.044,0.065,2.319,0.061,40,-1.60105,0.79342,0.42617,1.2692,-0.2,0.16783,0.92611,0.15355,75,15,0.7,0.65598,0.1528,1.06361,0.86694,0.32975,0.34329,68.0,0.45302122956622937,0.23716500585035727,0.575,0.23886508781842053,0.17206749947331715,0.8338131736446844,0.2003512366073511,3.708941671509249,1.387292720333537,2.842824152481765,1.1824067546005992
UPK_381,95.4379,29.135,0.692,0.004,8.604,0.038,0.002,0.041,0.314,0.023,73,-1.51596,0.56896,1.48946,0.31355,-0.07461,0.05521,1.35632,0.10371,143,28,0.589041095890411,0.60535,0.24236,1.05151,8.11553,0.28354,0.08772,116.0,0.538097611717949,0.2807429333884197,0.410958904109589,0.3555227772126282,0.18302473762782134,6.798833479351803,1.3906181992379931,91.83782291249253,29.57621923351233,4.375003654341684,1.4600396012093322
UPK_385,75.6749,13.0825,0.308,0.002,7.436,0.125,0.192,0.145,0.677,0.29,53,-2.2316,0.36667,1.10492,0.32024,-0.2,0.04162,0.91874,0.07196,61,12,0.5283018867924528,0.74625,0.22254,1.01627,1.72954,0.24468,0.83265,81.0,0.3072820429189977,0.17138683287425233,0.37735849056603776,0.21617273773494033,0.1406910045857045,1.7136889729967888,0.394386976047663,13.708010887862187,4.920467816180525,1.9907904984408968,0.9159498619519012
UPK_394,78.8101,6.2891,0.778,0.005,8.492,0.177,-0.118,0.032,0.337,0.053,82,-1.82418,0.49961,1.61745,0.51134,-0.2,0.05098,1.1475,0.07675,126,25,0.5853658536585366,0.65024,0.23337,1.20143,4.25703,0.2675,0.15129,130.0,0.5971622292271647,0.05440506063140357,0.36585365853658536,0.4034779426785141,0.0531914121841685,2.06449700056644,0.3850886261424645,17.81768763676797,5.289372833935231,17.424031958680757,8.785401748026626
UPK_40,292.5214,-6.642,0.636,0.065,8.678,0.145,-0.128,0.054,1.132,0.127,85,-1.34586,0.31049,1.83213,0.50187,-0.2,0.04735,1.27096,0.0561,197,39,0.7529411764705882,0.64876,0.20577,1.12733,7.99809,0.26,0.15335,149.0,0.6062324405169364,0.21181119120702135,0.6588235294117647,0.4157659553853525,0.1418054509925586,9.06928461474856,1.2081712262460589,145.35972830643414,32.4147124696028,3.277599596231002,1.315946451410974
UPK_418,112.4759,5.579,0.825,0.0,8.0,0.0,-0.068,0.0,0.062,0.0,63,-1.25039,0.50163,1.70616,0.58618,-0.19501,0.07129,1.21606,0.10038,131,26,0.492063492063492,0.57952,0.25807,1.14013,5.41331,0.2619,0.27893,94.0,0.47530456476338606,0.06298614257293926,0.2857142857142857,0.24682919714809987,0.15376062490118605,5.740864111140291,1.175407820637835,63.82866500161996,20.600764946964084,1.5666942117223042,0.5056521109855773
UPK_42,293.9368,-3.6817,0.58,0.001,8.428,0.085,-0.099,0.029,1.71,0.056,124,-2.03455,0.25648,2.22031,0.28036,-0.17372,0.0211,1.29616,0.03872,229,45,0.5967741935483871,0.6218,0.2106,1.55608,2.29204,0.25815,0.06875,198.0,0.537421823553444,0.21048877847409306,0.43548387096774194,0.33838395361042684,0.1275083108653451,1.980088996079214,0.2497860195266905,17.088439727376723,3.643453074861249,15.67825013612475,4.537638464233647
UPK_429,108.9417,-0.9894,0.855,0.0,8.0,0.0,-0.068,0.0,0.01,0.0,230,-2.16935,0.46267,1.68829,0.2649,-0.16333,0.03408,1.47392,0.06407,362,72,0.591304347826087,0.60409,0.23537,1.20401,8.29198,0.24712,0.01286,366.0,0.59371194316229,0.03241467166926602,0.3826086956521739,0.36691509085172175,0.18133222780021954,7.178980343290817,1.1231268224556137,152.07034354862685,38.75847549022723,0.657590412873786,0.1676013962040344
UPK_431,108.2852,-2.7657,0.716,0.002,8.0,0.067,-0.06,0.044,0.093,0.024,169,-1.69131,0.23858,1.49985,0.25168,-0.16678,0.03182,1.47386,0.04806,258,51,0.5621301775147929,0.56927,0.22507,1.23545,8.30688,0.19919,0.12045,264.0,0.558480466867621,0.038163448004104844,0.3431952662721893,0.39840534965950203,0.03652123281914886,9.078801963954689,1.077855147192718,197.73725757533893,40.27362068645747,0.5057215884664501,0.1292142556921771
UPK_433,103.4373,-5.8148,0.76,0.005,8.584,0.06,-0.055,0.042,0.376,0.029,111,-1.16264,0.30719,2.02082,0.31434,-0.19864,0.03748,1.38225,0.05214,209,41,0.4684684684684684,0.47128,0.27009,1.15697,6.90223,0.29959,0.0133,163.0,0.502546745448648,0.04736343693009742,0.22522522522522523,0.30906451505686183,0.03964923038089192,4.764601633272495,0.6943538634917615,57.523831396977386,13.78242997564858,6.670404876967923,1.844854323827147
UPK_436,100.1787,-8.1785,0.809,0.001,7.724,0.143,-0.003,0.039,0.465,0.04,199,-1.72111,0.23063,2.20284,0.42274,-0.2,0.02916,1.47017,0.0497,328,65,0.6884422110552764,0.77706,0.2121,1.1862,8.35333,0.19106,0.07332,336.0,0.5749238904858553,0.1434624114552439,0.5829145728643216,0.43466727894172597,0.10540211600880374,9.434169836257578,0.6625895061917833,224.79921820218573,32.51160094514235,0.2356162303977746,0.0847350535195133
UPK_445,92.4548,-15.0341,0.655,0.003,7.163,0.053,-0.203,0.067,0.727,0.069,130,-1.07511,0.49331,0.44226,0.59732,-0.2,0.18775,1.30156,0.16621,189,37,0.5538461538461539,0.74243,0.20564,1.07794,4.71164,0.38047,0.00693,202.0,0.7486963614924296,0.04359786442511361,0.4307692307692308,0.5355661928021148,0.04343050156387931,3.855721052514693,0.750795908540051,51.90683145538908,15.989846661474504,0.2803983675699507,0.0929076234705769
UPK_45,291.68,0.1904,0.849,0.009,8.28,0.242,-0.033,0.103,1.057,0.139,71,-1.88824,0.44462,2.39036,0.8249,-0.13931,0.04088,1.27227,0.07954,167,33,0.7183098591549296,0.68253,0.14579,1.3901,2.0101,0.35101,0.0238,122.0,0.4419583687855084,0.17618273388649078,0.647887323943662,0.24088008039893358,0.13764155909333212,3.0579329902589665,0.4804084902471602,26.61050436582584,6.799726127229169,7.160558446273966,4.389573393653411
UPK_46,294.7179,-1.3303,0.666,0.002,8.465,0.101,0.025,0.097,0.789,0.074,66,-1.33983,0.41697,1.70212,0.4355,-0.19833,0.05566,1.14556,0.07775,144,28,0.6212121212121212,0.55079,0.22842,1.38497,3.55086,0.39348,0.01873,107.0,0.5310765641621186,0.25555818695858123,0.3939393939393939,0.3511363885518038,0.20592370215823771,4.16754553781358,0.5924799744569453,41.38480942887581,9.699136383064682,7.049511775607119,2.327529007606909
UPK_467,121.1521,-11.5551,0.572,0.0,8.0,0.0,-0.045,0.0,0.01,0.0,165,-1.87511,0.45436,1.60719,0.26383,-0.19261,0.04001,1.38488,0.06465,227,45,0.4727272727272727,0.55987,0.21717,1.08538,5.90289,0.2093,0.14466,243.0,0.5064817104176945,0.03886699919399626,0.296969696969697,0.34794073078053894,0.03557141310961214,6.541864878409643,0.5907659409171135,120.83485886372756,20.282078004368444,0.8275757586871167,0.13890822772546
UPK_495,105.9609,-40.8364,0.611,0.018,8.987,0.086,-0.201,0.039,0.257,0.109,151,-1.73316,0.71409,1.18239,0.68747,-0.2,0.08237,1.40007,0.10417,244,48,0.6556291390728477,0.7157,0.2075,1.04847,12.06463,0.32446,0.00813,250.0,0.7435689705496309,0.03866819038296217,0.48344370860927155,0.5342312504269586,0.0406671100013694,13.26013193789932,1.3931400669627465,343.8958020815099,63.88554629669603,2.8221047229168,0.7662591524276288
UPK_50,283.205,8.2364,0.989,0.012,8.215,0.172,0.042,0.017,1.498,0.057,137,-2.04932,0.48179,1.94482,0.3385,-0.081,0.03631,1.53907,0.09027,321,64,0.656934306569343,0.6769,0.23459,0.96299,3.99238,0.33763,0.00059,227.0,0.5500465836882159,0.17976829475782521,0.5255474452554745,0.38402354822532253,0.13004046713805764,4.796988669474394,0.3315159374690181,60.50407948572864,8.701649494919165,2.711535795840861,1.1425039959386012
UPK_502,124.3616,-37.8038,0.675,0.002,8.458,0.23,0.045,0.035,0.184,0.133,62,-1.53676,0.56953,2.54904,0.75872,-0.2,0.0488,1.16384,0.08567,102,20,0.6612903225806451,0.62608,0.24275,1.27015,2.15525,0.30227,0.11806,103.0,0.4932252076156542,0.20124555422225626,0.4032258064516129,0.3229636528882137,0.18148833308642884,1.6731042163633547,0.2407696688249394,12.163729401977674,2.8837729529391787,23.601154606069567,13.694307965228829
UPK_508,135.8026,-34.9535,0.813,0.004,8.535,0.197,-0.089,0.075,0.922,0.13,47,-1.84345,0.82299,1.47644,0.39442,0.01237,0.06301,1.41243,0.1909,116,23,0.6595744680851063,0.52325,0.17773,1.74107,4.36519,0.46992,0.00821,78.0,0.5195635583916516,0.255530818720842,0.40425531914893614,0.308883628255546,0.18528216150927537,2.3267326059183024,0.5316641618060849,15.3101622838592,5.462713060195169,22.38825299114006,12.920753320969194
UPK_524,105.7287,-54.4752,0.545,0.028,8.642,0.205,-0.085,0.061,0.285,0.096,195,-1.66181,0.40941,1.09152,0.28434,-0.2,0.05045,1.45762,0.06255,273,54,0.6307692307692307,0.64438,0.22854,0.95505,9.9669,0.06276,0.99607,318.0,0.555249227448565,0.17167225196217417,0.4461538461538462,0.37251586158237726,0.12415351935315501,12.509715856302275,0.9286614212492474,360.1311607137975,53.63521985112783,1.2176971770668106,0.602720920885059
UPK_528,137.0737,-43.3459,0.951,0.006,8.454,0.191,-0.093,0.054,0.945,0.074,78,-2.01336,0.51034,2.25429,0.57473,-0.11306,0.04417,1.33382,0.08268,169,33,0.5,0.59198,0.18796,1.45634,2.87855,0.33202,0.04235,117.0,0.5262153138284742,0.05661385170722979,0.3974358974358974,0.31522306044070475,0.15825164412965256,1.956415319758288,0.4389442471622569,13.123319319554104,4.5986496652263655,21.67486013397232,12.188355038475107
UPK_533,123.3785,-52.2662,0.338,0.009,8.454,0.211,0.072,0.07,0.086,0.071,95,-2.64019,1.03876,0.39669,0.48,-0.2,0.09872,0.94028,0.16807,112,22,0.7157894736842105,0.75294,0.17788,1.01813,5.19618,0.48889,0.15329,163.0,0.5471912750815326,0.159856105582203,0.631578947368421,0.3602758976233555,0.13997042155206227,5.910919006421056,0.6795181265582075,108.5811798169571,21.54768858503053,2.6196631057454223,1.3748298145212838
UPK_535,127.4275,-50.8584,0.321,0.011,7.723,0.076,0.056,0.057,0.25,0.092,226,-2.05443,0.6008,0.4252,0.33819,-0.2,0.08288,1.28051,0.10836,209,41,0.4646017699115044,0.65675,0.22449,1.09368,5.69262,0.25136,0.06686,331.0,0.5203527263461447,0.03317604993014185,0.3495575221238938,0.40165904015737747,0.03171827457186724,8.047784914035732,0.6918883542824705,219.2486586138228,35.523191746617144,0.2410255347130611,0.0574809358528202
UPK_537,126.8786,-52.0217,0.594,0.001,8.347,0.138,0.053,0.081,0.703,0.077,118,-1.95141,0.56852,1.49606,0.637,-0.2,0.062,1.30833,0.09749,243,48,0.7796610169491526,0.7321,0.20337,1.40644,7.13967,0.36435,0.00246,210.0,0.5598158271951186,0.1660696065599396,0.652542372881356,0.39549461495258026,0.12292837828777103,7.659080400244578,0.7111910506868283,132.06964255146414,22.55052500178122,1.6834375013811629,0.6072613455792765
UPK_54,286.2165,15.6633,0.798,0.007,8.305,0.068,-0.188,0.084,1.252,0.038,145,-1.76929,0.27996,2.3542,0.38446,-0.17888,0.02581,1.47284,0.0439,326,65,0.8275862068965517,0.65886,0.18629,1.16198,4.43666,0.14268,0.45825,265.0,0.6771408897785491,0.15733017081257827,0.696551724137931,0.49269009685663767,0.12480612805888039,4.429292866835803,0.4303708468173247,60.12264183903591,10.616531698320852,3.35708196104432,0.7922778674130212
UPK_542,134.3829,-54.2671,0.77,0.106,8.773,0.189,-0.229,0.03,0.638,0.316,64,-3.0,1.10086,1.41612,0.31236,-0.12003,0.05141,1.15121,0.12071,99,19,0.78125,0.65415,0.237,1.25574,8.53567,0.33333,0.16228,114.0,0.7824038928380658,0.051674830294230284,0.578125,0.5547704396019566,0.061732346208121514,8.67888516139807,1.1212239742195296,157.15781823766827,33.98418901145155,3.772801959386608,1.8334027773234869
UPK_55,296.7732,10.4338,0.779,0.004,8.488,0.174,-0.048,0.058,0.761,0.067,74,-1.59154,0.39868,1.56415,0.29471,-0.12491,0.0431,1.2437,0.06874,192,38,0.6756756756756757,0.63703,0.24409,1.15977,3.13634,0.22516,0.2886,124.0,0.4977448522130025,0.18816989714851037,0.527027027027027,0.2750897366680021,0.13527102420743664,3.3728188912889774,0.5393345993025596,29.097622779696003,7.549990648817073,10.571643044624151,5.046179677613657
UPK_552,158.6281,-47.4219,0.331,0.008,8.437,0.082,0.006,0.027,0.095,0.052,63,-1.27052,1.03343,0.29669,0.7322,-0.2,0.25537,1.07572,0.18547,95,19,0.6825396825396826,0.74118,0.21599,1.68991,5.22587,0.3875,0.04791,106.0,0.5046231820575544,0.21123340392188142,0.5714285714285714,0.2961655796030036,0.15588144307592378,3.439667162407251,0.6672021898824759,37.94228656909531,11.67348799984882,7.209024478073062,2.6023210411835898
UPK_560,157.7701,-44.5686,0.592,0.026,8.726,0.103,-0.117,0.046,0.2,0.093,248,-2.27103,0.59345,1.19649,0.32297,-0.2,0.0512,1.33874,0.0871,360,72,0.5887096774193549,0.64853,0.22633,1.17845,11.16576,0.24665,0.02323,394.0,0.48247967978427836,0.11403514185515895,0.42338709677419356,0.3244582348733517,0.09578991681121841,14.597763438404236,1.1692607306261007,469.05575327903904,73.32217014068524,1.1344243313230329,0.3222311550215419
UPK_562,165.9847,-57.0247,0.846,0.088,8.367,0.163,-0.069,0.083,0.309,0.12,169,-1.84579,0.41233,1.53815,0.26253,-0.11159,0.03666,1.50588,0.0699,330,66,0.7100591715976331,0.62418,0.23448,1.14812,7.72869,0.15812,0.29693,289.0,0.5548982254293978,0.13680423458277474,0.47337278106508873,0.3506732870743121,0.10242680078520572,9.637197502402776,0.8054067464101722,205.3367421543093,32.92752269523272,1.1337918549011876,0.4627496520664791
UPK_567,161.7056,-67.2987,0.633,0.002,8.659,0.14,-0.054,0.074,0.69,0.16,99,-2.14991,0.3307,1.69645,0.1897,-0.10651,0.02285,1.39146,0.04458,149,29,0.5757575757575758,0.62151,0.24739,1.34082,7.87976,0.23032,0.15464,156.0,0.4813223524830469,0.1922710071964246,0.3434343434343434,0.2645244620023607,0.12770344319340776,5.832652866513637,1.0405756217172988,89.25068421398593,25.414393902582816,5.109618149905837,2.1977383866954407
UPK_578,192.837,-57.4069,0.907,0.012,8.906,0.056,0.1,0.125,0.881,0.201,57,-1.12866,0.84344,2.02565,0.35425,0.01218,0.05959,1.4105,0.17758,155,31,0.631578947368421,0.6715,0.21839,1.21665,2.65113,0.34527,0.054,93.0,0.6361546260862644,0.06389231354388253,0.543859649122807,0.450800245566706,0.22732696102202188,1.6704146639783084,0.3007933478198195,9.138895935480509,2.632217389980407,88.12644841181488,27.81004960326318
UPK_585,212.8376,-75.6927,0.703,0.001,8.451,0.098,-0.233,0.093,0.446,0.134,54,-2.36986,0.84929,1.79047,0.62552,-0.2,0.06208,1.0455,0.12148,113,22,0.8703703703703703,0.64351,0.20394,1.50098,5.26787,0.40381,0.08084,101.0,0.7220116732110494,0.2894934507413788,0.6481481481481481,0.5040296170046197,0.2328006226560801,4.16631834464975,1.268148274470208,44.76640069153463,20.89846202033108,6.310268262085002,3.271940006058467
UPK_604,224.478,-59.953,0.74,0.011,7.022,0.183,-0.098,0.16,1.364,0.408,54,-1.80364,0.68501,0.81109,0.48695,-0.0182,0.10305,1.30164,0.22355,95,19,0.5,0.6906,0.15441,1.18763,2.77277,0.15152,0.88031,81.0,0.5344487983658981,0.06804138174397717,0.4444444444444444,0.3208762047731973,0.17902846074761097,3.710883341769707,0.4570599087882647,35.00221312680305,7.353212524913962,0.3005415314775284,0.141506316429012
UPK_605,234.5195,-65.9224,0.726,0.005,8.575,0.141,-0.141,0.054,0.203,0.073,75,-2.04549,0.5549,1.52319,0.31289,-0.2,0.04467,1.07618,0.07334,127,25,0.6933333333333334,0.63199,0.21359,1.529,2.58007,0.53947,0.00024,127.0,0.5687948684493361,0.22992488461008953,0.52,0.36851780376853316,0.16501599437630282,1.6566733410060144,0.3083755176921846,12.537266621743024,3.711685841582008,29.97761917550988,13.171538324859885
UPK_613,226.2597,-49.1442,0.841,0.019,8.387,0.154,-0.231,0.122,0.656,0.092,46,-0.9939,0.50279,1.49108,0.50317,-0.2,0.08651,1.0796,0.10005,117,23,0.717391304347826,0.60716,0.24289,1.23114,2.81644,0.25714,0.53682,79.0,0.8336241882321942,0.06638835361357194,0.5434782608695652,0.6118369471999708,0.07344173094480176,2.6822254573674607,0.5367075121387214,19.039977749965363,6.013412075268983,12.80364320999897,6.079896389929369
UPK_614,231.2906,-53.9334,0.885,0.004,8.473,0.161,-0.011,0.038,0.491,0.106,80,-2.34439,0.50665,2.43978,0.41735,-0.14417,0.02862,1.21572,0.06425,148,29,0.6125,0.58216,0.24886,1.55164,4.56699,0.28861,0.08152,129.0,0.5353161651145015,0.23485135292084225,0.35,0.35383445195735347,0.05332682251925385,4.055289792982017,0.6611117539608644,45.00006673605257,11.854503396214742,6.603692499320742,3.0032462065000014
UPK_617,234.8878,-55.4184,0.713,0.002,8.292,0.222,-0.022,0.028,0.601,0.049,93,-2.28778,0.42535,1.81921,0.30758,-0.13518,0.02874,1.22172,0.06146,118,23,0.4623655913978494,0.69164,0.24158,1.78719,2.51116,0.3771,0.00593,136.0,0.44739060088407256,0.05170050760853595,0.34408602150537637,0.2596876427205732,0.12849358496535598,1.950891965833208,0.2516509285596313,17.49396992468887,3.790020568727919,11.197256437153886,6.216593140122439
UPK_62,289.7125,20.7846,0.874,0.013,8.36,0.334,-0.041,0.073,3.753,0.088,53,-1.95894,0.64336,1.73295,0.44437,0.01465,0.04588,1.33268,0.12691,213,42,0.7735849056603774,0.79026,0.21685,1.92352,2.73622,0.22917,0.4379,94.0,0.49622192465521087,0.21409347568040415,0.6415094339622641,0.2677014665700184,0.16377955737010372,1.6814464703637806,0.3235739749541052,7.9345129904257075,2.4202611492971813,28.8721898310845,23.88729400238283
UPK_621,237.4248,-54.5105,0.874,0.002,8.174,0.189,0.019,0.045,1.101,0.062,210,-1.86811,0.25731,3.0,0.53642,-0.2,0.02435,1.47439,0.04625,488,97,0.6857142857142857,0.7954,0.20845,1.31508,8.09852,0.16632,0.1367,354.0,0.46862100256791855,0.10556112015066701,0.5666666666666667,0.284465226780136,0.08458429032221151,9.828097155583,0.8308841547632451,204.28399292292224,32.913729733225026,0.730744679609937,0.3391064417040613
UPK_626,239.5851,-50.3869,0.496,0.0,8.529,0.064,-0.007,0.036,0.753,0.05,73,-1.90282,0.52473,1.88241,0.34436,-0.2,0.04236,1.1713,0.07234,124,24,0.5753424657534246,0.61903,0.23056,1.02847,3.89902,0.18616,0.63907,115.0,0.5668191421096116,0.05785237623779012,0.3561643835616438,0.3602913166498218,0.056046863395647614,3.482268992412473,0.6878674679134812,35.92042578289205,11.19656256373703,9.411493010948464,3.244936796357618
UPK_629,255.2704,-55.996,1.82,0.178,8.054,0.082,0.031,0.044,1.688,0.182,133,-1.19339,0.28362,2.83129,0.79039,-0.1071,0.06471,1.5601,0.07386,489,97,0.6616541353383458,0.85863,0.20906,1.54997,15.01651,0.30952,0.00256,221.0,0.48509180830063137,0.13299221682279586,0.5714285714285714,0.3029985070834731,0.09249043678196055,17.282840574398428,1.6014414690497871,328.32713649011407,56.06190884816749,0.3449000211621723,0.0878009902880383
UPK_640,250.3211,-39.5645,0.175,0.001,7.386,0.039,0.145,0.046,0.321,0.064,425,-1.31607,0.32307,0.42425,0.25229,-0.2,0.08734,1.57822,0.08381,385,77,0.3129411764705882,0.60795,0.20488,1.00727,1.60044,0.10212,0.72362,558.0,0.3737481502477716,0.022492299154824074,0.21176470588235294,0.23698162324992014,0.01981802003673089,2.2307855564024988,0.2254401469777055,35.90493155603094,6.520369981811573,0.6774010988652838,0.1372353356533903
UPK_65,286.5549,23.3329,0.748,0.001,8.396,0.107,-0.271,0.102,1.406,0.064,46,-2.04142,0.80466,1.13468,0.24122,0.01895,0.06344,1.36864,0.1989,111,22,0.7391304347826086,0.5615,0.20894,0.96505,3.20678,0.26136,0.33544,80.0,0.7715479801306034,0.06474307670904994,0.4782608695652174,0.5536081932465361,0.07365126555303651,2.837669164856619,0.6552606549881008,21.46255242941682,7.732318820113514,11.596278338596573,5.061294938670777
UPK_654,277.2076,-34.4729,0.497,0.001,8.517,0.168,-0.048,0.058,0.458,0.137,90,-2.70575,0.60901,1.1211,0.43012,-0.2,0.04398,0.98768,0.08597,105,21,0.5,0.7714,0.20951,1.59738,2.53835,0.4036,0.03967,135.0,0.48652464155174757,0.05270462766947299,0.35555555555555557,0.2368081204574685,0.11493296286688504,2.575362465299188,0.2382622968889225,27.973065196856687,4.784803494659943,11.75600988171062,4.972375359673457
UPK_82,298.2139,26.4639,0.504,0.018,8.119,0.133,-0.051,0.065,0.379,0.04,156,-1.79713,0.58927,0.61435,0.52121,-0.2,0.09236,1.31195,0.10709,212,42,0.6153846153846154,0.76025,0.2261,1.11214,3.39149,0.13651,0.70353,252.0,0.4677047655057949,0.12393914942351349,0.4935897435897436,0.2874995333965105,0.09323067088713877,3.879684704375812,0.4071848310526915,58.75386953919861,10.92826594501624,2.238533125575268,0.8020747852659534
UPK_84,310.236,20.1862,0.896,0.006,9.056,0.04,-0.011,0.044,0.231,0.035,124,-1.50344,0.92356,1.45362,0.31926,-0.0126,0.06268,1.64654,0.14739,242,48,0.532258064516129,0.63636,0.2761,1.32989,4.67422,0.32136,0.00241,190.0,0.5187775193202959,0.04480778097694652,0.31451612903225806,0.3301333444851926,0.041697425232920755,4.526290477793354,0.4767863282896547,55.65495070283068,10.382472570695512,20.44072039337136,4.252663154616237
UPK_93,300.1772,30.0312,0.637,0.04,8.766,0.092,-0.228,0.043,0.41,0.097,98,-2.56276,1.74507,0.76087,0.50973,-0.02141,0.10995,1.58848,0.27859,166,33,0.7959183673469388,0.62499,0.22171,1.18673,4.05038,0.29273,0.04022,176.0,0.7475474680394553,0.33892240658141537,0.5408163265306123,0.5487678855297391,0.05033905728813996,4.014742057596028,0.774591550837621,52.93386129361601,16.19769797490159,11.022152739575604,4.102114905106041
UPK_94,304.7675,27.5894,0.933,0.012,8.626,0.181,-0.04,0.071,1.211,0.077,65,-2.02406,0.47735,1.68176,0.31185,-0.1073,0.03378,1.20057,0.05923,147,29,0.6615384615384615,0.60853,0.24127,1.06023,4.44106,0.35835,0.03257,108.0,0.49008802900398574,0.20525524600541797,0.46153846153846156,0.27234215440176185,0.14092026043024083,4.185134637860585,0.521315554728171,41.50238102605044,8.768792299379214,10.184201576297502,4.75871948143186
vdBergh_130,304.4921,39.3298,1.559,0.123,6.742,0.129,0.051,0.157,2.45,0.03,102,-1.15153,0.23854,1.95219,0.35354,-0.05973,0.04343,1.51962,0.09712,391,78,0.5980392156862745,0.78906,0.22047,1.18079,0.92851,0.23931,0.10686,163.0,0.5124210728248683,0.20232871464526603,0.5098039215686274,0.3474016981329204,0.11969306674442366,1.3144415046592983,0.1288038982463151,6.094029776731298,1.0825113849321564,0.9059316404864686,0.3135400310035332
vdBergh_80,97.7619,-9.612,0.937,0.018,6.933,0.12,-0.053,0.08,2.108,0.202,116,-1.7657,0.19631,1.98085,0.34079,-0.16475,0.02703,1.2661,0.04566,249,49,0.7155172413793104,0.81727,0.20384,0.91347,2.6137,0.16721,0.53255,199.0,0.5261778505290764,0.1397211224031439,0.6120689655172413,0.3371634414777695,0.11683916791876409,2.2365961278573714,0.3909142161412339,19.749791099502872,5.53047360875919,0.4339478027450842,0.1707144374522723
vdBergh_92,106.0692,-11.4938,1.084,0.014,6.83,0.094,-0.076,0.032,0.972,0.053,504,-1.46781,0.15596,1.96815,0.25251,-0.2,0.02492,1.71558,0.04529,827,165,0.5158730158730159,0.74505,0.21925,1.02122,2.5116,0.08785,0.45438,764.0,0.367306887028,0.06653967425295274,0.4027777777777778,0.23973774988232688,0.05361179718402106,2.4701929884767093,0.2482035574629119,36.93803128424193,6.67628187738757,0.1830316754538037,0.0516121799537146
